#VRML V2.0 utf8
# 3D model generated by easyeda2kicad.py (https://github.com/uPesy/easyeda2kicad.py)

Shape{
    appearance Appearance {
        material  Material 	{
            diffuseColor 0.7372549019607844 0.7764705882352941 0.8
            specularColor 0.7372549019607844 0.7764705882352941 0.8
            ambientIntensity 0.7674
            transparency 0.0
            shininess 0.5
        }
    }
    geometry IndexedFaceSet {
        ccw TRUE
        solid FALSE
        coord DEF co Coordinate {
            point [
                1.75 -0.0495 1.2205, 1.75 -0.3442 1.2205, 1.7694 -0.3035 1.2205, 1.7893 -0.1969 1.2205, 1.7843 -0.1426 1.2205, 1.7694 -0.0902 1.2205, 1.7843 -0.2511 1.2205
            ]
        }
        coordIndex [
            0,1,2,-1,3,4,5,-1,0,2,5,-1,5,2,6,-1,5,6,3,-1,
        ]
    }
}
Shape{
    appearance Appearance {
        material  Material 	{
            diffuseColor 0.6392156862745098 0.6666666666666666 0.6862745098039216
            specularColor 0.6392156862745098 0.6666666666666666 0.6862745098039216
            ambientIntensity 0.6607
            transparency 0.0
            shininess 0.5
        }
    }
    geometry IndexedFaceSet {
        ccw TRUE
        solid FALSE
        coord DEF co Coordinate {
            point [
                1.75 -0.0495 1.3386, 1.75 -0.0495 1.2205, 1.7694 -0.0902 1.2205, 1.2382 -0.3442 1.3386, 1.2382 -0.3442 1.2205, 1.2187 -0.3035 1.2205, 1.7694 -0.3035 1.811, 1.75 -0.3442 1.3386, 1.7451 -0.3523 1.811, 1.7451 -0.3523 1.3386, 1.7123 -0.3958 1.811, 1.7123 -0.3958 1.3386, 1.672 -0.4325 1.811, 1.672 -0.4325 1.3386, 1.6257 -0.4612 1.811, 1.6257 -0.4612 1.3386, 1.5749 -0.4809 1.811, 1.5749 -0.4809 1.3386, 1.5213 -0.4909 1.811, 1.5213 -0.4909 1.3386, 1.4668 -0.4909 1.811, 1.4668 -0.4909 1.3386, 1.4133 -0.4809 1.811, 1.4133 -0.4809 1.3386, 1.3625 -0.4612 1.811, 1.3625 -0.4612 1.3386, 1.3161 -0.4325 1.811, 1.3161 -0.4325 1.3386, 1.2759 -0.3958 1.811, 1.2759 -0.3958 1.3386, 1.243 -0.3523 1.811, 1.243 -0.3523 1.3386, 1.2187 -0.3035 1.811, 1.2187 -0.0902 1.811, 1.2382 -0.0495 1.3386, 1.243 -0.0414 1.811, 1.243 -0.0414 1.3386, 1.2759 0.0021 1.811, 1.2759 0.0021 1.3386, 1.3161 0.0388 1.811, 1.3161 0.0388 1.3386, 1.3625 0.0675 1.811, 1.3625 0.0675 1.3386, 1.4133 0.0871 1.811, 1.4133 0.0871 1.3386, 1.4668 0.0972 1.811, 1.4668 0.0972 1.3386, 1.5213 0.0972 1.811, 1.5213 0.0972 1.3386, 1.5749 0.0871 1.811, 1.5749 0.0871 1.3386, 1.6257 0.0675 1.811, 1.6257 0.0675 1.3386, 1.672 0.0388 1.811, 1.672 0.0388 1.3386, 1.7123 0.0021 1.811, 1.7123 0.0021 1.3386, 1.7451 -0.0414 1.811, 1.7451 -0.0414 1.3386, 1.7694 -0.0902 1.811, 1.2382 -0.0495 1.2205, 1.2187 -0.0902 1.2205, 1.2038 -0.1426 1.2205, 1.2038 -0.1426 1.811, 1.1988 -0.1969 1.2205, 1.1988 -0.1969 1.811, 1.2038 -0.2511 1.2205, 1.2038 -0.2511 1.811, 1.75 -0.3442 1.2205, 1.7694 -0.3035 1.2205, 1.7843 -0.2511 1.2205, 1.7843 -0.2511 1.811, 1.7893 -0.1969 1.2205, 1.7893 -0.1969 1.811, 1.7843 -0.1426 1.2205, 1.7843 -0.1426 1.811
            ]
        }
        coordIndex [
            0,1,2,-1,3,4,5,-1,6,7,8,-1,8,7,9,-1,8,9,10,-1,10,9,11,-1,10,11,12,-1,12,11,13,-1,12,13,14,-1,14,13,15,-1,14,15,16,-1,16,15,17,-1,16,17,18,-1,18,17,19,-1,18,19,20,-1,20,19,21,-1,20,21,22,-1,22,21,23,-1,22,23,24,-1,24,23,25,-1,24,25,26,-1,26,25,27,-1,26,27,28,-1,28,27,29,-1,28,29,30,-1,30,29,31,-1,30,31,32,-1,33,34,35,-1,35,34,36,-1,35,36,37,-1,37,36,38,-1,37,38,39,-1,39,38,40,-1,39,40,41,-1,41,40,42,-1,41,42,43,-1,43,42,44,-1,43,44,45,-1,45,44,46,-1,45,46,47,-1,47,46,48,-1,47,48,49,-1,49,48,50,-1,49,50,51,-1,51,50,52,-1,51,52,53,-1,53,52,54,-1,53,54,55,-1,55,54,56,-1,55,56,57,-1,57,56,58,-1,57,58,59,-1,60,34,61,-1,61,34,33,-1,61,33,62,-1,62,33,63,-1,62,63,64,-1,64,63,65,-1,64,65,66,-1,66,65,67,-1,66,67,5,-1,5,67,32,-1,5,32,3,-1,3,32,31,-1,68,7,69,-1,69,7,6,-1,69,6,70,-1,70,6,71,-1,70,71,72,-1,72,71,73,-1,72,73,74,-1,74,73,75,-1,74,75,2,-1,2,75,59,-1,2,59,0,-1,0,59,58,-1,
        ]
    }
}
Shape{
    appearance Appearance {
        material  Material 	{
            diffuseColor 0.7372549019607844 0.7764705882352941 0.8
            specularColor 0.7372549019607844 0.7764705882352941 0.8
            ambientIntensity 0.7674
            transparency 0.0
            shininess 0.5
        }
    }
    geometry IndexedFaceSet {
        ccw TRUE
        solid FALSE
        coord DEF co Coordinate {
            point [
                1.2382 -0.3442 1.2205, 1.2382 -0.0495 1.2205, 1.2187 -0.3035 1.2205, 1.2187 -0.0902 1.2205, 1.2038 -0.2511 1.2205, 1.2038 -0.1426 1.2205, 1.1988 -0.1969 1.2205, 1.75 -0.7874 0.6299, 1.75 0.3937 0.6299, 1.2382 -0.7874 0.6299, 1.2382 0.3937 0.6299, 1.1004 0.3937 1.811, 1.1004 0.3937 0.2756, 1.1004 -0.7874 1.811, 1.1004 -0.7874 0.2756, 1.8878 0.3937 0.2756, 1.8878 0.3937 1.811, 1.8878 -0.7874 0.2756, 1.8878 -0.7874 1.811, 1.75 0.3937 1.3386, 1.2382 0.3937 1.3386, 1.2382 -0.7874 1.3386, 1.75 -0.7874 1.3386, 1.75 -0.0495 1.3386, 1.75 -0.0495 1.2205, 1.75 -0.3442 1.2205, 1.75 -0.3442 1.3386, 1.7451 -0.0414 1.3386, 1.2382 -0.0495 1.3386, 1.243 -0.0414 1.3386, 1.2759 0.0021 1.3386, 1.7123 0.0021 1.3386, 1.672 0.0388 1.3386, 1.6257 0.0675 1.3386, 1.5749 0.0871 1.3386, 1.5213 0.0972 1.3386, 1.4668 0.0972 1.3386, 1.4133 0.0871 1.3386, 1.3625 0.0675 1.3386, 1.3161 0.0388 1.3386, 1.3161 -0.4325 1.3386, 1.3625 -0.4612 1.3386, 1.7451 -0.3523 1.3386, 1.7123 -0.3958 1.3386, 1.2382 -0.3442 1.3386, 1.243 -0.3523 1.3386, 1.2759 -0.3958 1.3386, 1.4133 -0.4809 1.3386, 1.4668 -0.4909 1.3386, 1.5213 -0.4909 1.3386, 1.5749 -0.4809 1.3386, 1.6257 -0.4612 1.3386, 1.672 -0.4325 1.3386, 1.7694 -0.3035 1.811, 1.7451 -0.3523 1.811, 1.7451 -0.0414 1.811, 1.7694 -0.0902 1.811, 1.7843 -0.1426 1.811, 1.7893 -0.1969 1.811, 1.7843 -0.2511 1.811, 1.4133 -0.4809 1.811, 1.3625 -0.4612 1.811, 1.3161 -0.4325 1.811, 1.7123 -0.3958 1.811, 1.672 -0.4325 1.811, 1.6257 -0.4612 1.811, 1.5749 -0.4809 1.811, 1.5213 -0.4909 1.811, 1.4668 -0.4909 1.811, 1.2759 -0.3958 1.811, 1.243 -0.3523 1.811, 1.2187 -0.3035 1.811, 1.5749 0.0871 1.811, 1.6257 0.0675 1.811, 1.2038 -0.2511 1.811, 1.1988 -0.1969 1.811, 1.2038 -0.1426 1.811, 1.2187 -0.0902 1.811, 1.243 -0.0414 1.811, 1.672 0.0388 1.811, 1.7123 0.0021 1.811, 1.2759 0.0021 1.811, 1.3161 0.0388 1.811, 1.3625 0.0675 1.811, 1.4133 0.0871 1.811, 1.4668 0.0972 1.811, 1.5213 0.0972 1.811, 1.4193 -0.1319 3.0512, 1.3996 -0.1516 3.0512, 1.4193 -0.1319 2.6772, 1.3996 -0.1516 2.6772, 1.3996 -0.3012 3.0512, 1.4193 -0.3209 3.0512, 1.3996 -0.3012 2.6772, 1.4193 -0.3209 2.6772, 1.5886 -0.1516 3.0512, 1.5689 -0.1319 3.0512, 1.5886 -0.1516 2.6772, 1.5689 -0.1319 2.6772, 1.5689 -0.3209 3.0512, 1.5886 -0.3012 3.0512, 1.5689 -0.3209 2.6772, 1.5886 -0.3012 2.6772
            ]
        }
        coordIndex [
            0,1,2,-1,2,1,3,-1,2,3,4,-1,4,3,5,-1,4,5,6,-1,7,8,9,-1,9,8,10,-1,11,12,13,-1,13,12,14,-1,15,16,17,-1,17,16,18,-1,15,17,12,-1,12,17,14,-1,15,8,19,-1,8,15,10,-1,10,15,12,-1,10,12,20,-1,20,12,11,-1,20,11,19,-1,19,11,16,-1,19,16,15,-1,14,9,21,-1,9,14,7,-1,7,14,17,-1,7,17,22,-1,22,17,18,-1,22,18,21,-1,21,18,13,-1,21,13,14,-1,23,19,24,-1,24,19,8,-1,24,8,25,-1,25,8,7,-1,25,7,26,-1,26,7,22,-1,19,23,27,-1,28,20,29,-1,29,20,30,-1,27,31,19,-1,19,31,32,-1,19,32,33,-1,33,34,19,-1,19,34,35,-1,19,35,20,-1,20,35,36,-1,20,36,37,-1,37,38,20,-1,20,38,39,-1,20,39,30,-1,40,41,21,-1,26,22,42,-1,42,22,43,-1,44,45,21,-1,21,45,46,-1,21,46,40,-1,41,47,21,-1,21,47,48,-1,21,48,22,-1,22,48,49,-1,22,49,50,-1,50,51,22,-1,22,51,52,-1,22,52,43,-1,44,21,0,-1,0,21,9,-1,0,9,1,-1,1,9,10,-1,1,10,28,-1,28,10,20,-1,53,54,18,-1,55,56,16,-1,56,57,16,-1,16,57,58,-1,16,58,18,-1,18,58,59,-1,18,59,53,-1,60,61,13,-1,13,61,62,-1,54,63,18,-1,18,63,64,-1,18,64,65,-1,65,66,18,-1,18,66,67,-1,18,67,13,-1,13,67,68,-1,13,68,60,-1,62,69,13,-1,13,69,70,-1,13,70,71,-1,16,72,73,-1,71,74,13,-1,13,74,75,-1,13,75,11,-1,75,76,11,-1,11,76,77,-1,11,77,78,-1,73,79,16,-1,16,79,80,-1,16,80,55,-1,78,81,11,-1,11,81,82,-1,11,82,83,-1,83,84,11,-1,11,84,85,-1,11,85,16,-1,16,85,86,-1,16,86,72,-1,87,88,89,-1,89,88,90,-1,91,92,93,-1,93,92,94,-1,95,96,97,-1,97,96,98,-1,99,100,101,-1,101,100,102,-1,
        ]
    }
}
Shape{
    appearance Appearance {
        material  Material 	{
            diffuseColor 0.6392156862745098 0.6666666666666666 0.6862745098039216
            specularColor 0.6392156862745098 0.6666666666666666 0.6862745098039216
            ambientIntensity 0.6607
            transparency 0.0
            shininess 0.5
        }
    }
    geometry IndexedFaceSet {
        ccw TRUE
        solid FALSE
        coord DEF co Coordinate {
            point [
                1.4941 -0.5217 1.5354, 1.5339 -0.4392 1.2992, 1.5483 -0.5166 1.5354, 1.5723 -0.4283 1.2992, 1.6007 -0.5017 1.5354, 1.6081 -0.4105 1.2992, 1.6495 -0.4774 1.5354, 1.6399 -0.3864 1.2992, 1.693 -0.4446 1.5354, 1.6669 -0.3569 1.2992, 1.7297 -0.4043 1.5354, 1.6879 -0.3229 1.2992, 1.7584 -0.358 1.5354, 1.7023 -0.2856 1.2992, 1.7781 -0.3072 1.5354, 1.7097 -0.2464 1.2992, 1.7881 -0.2536 1.5354, 1.7097 -0.2064 1.2992, 1.7881 -0.1991 1.5354, 1.7023 -0.1671 1.2992, 1.7781 -0.1456 1.5354, 1.6879 -0.1299 1.2992, 1.7584 -0.0948 1.5354, 1.6669 -0.0959 1.2992, 1.7297 -0.0484 1.5354, 1.6399 -0.0664 1.2992, 1.693 -0.0082 1.5354, 1.6081 -0.0423 1.2992, 1.6495 0.0247 1.5354, 1.5723 -0.0245 1.2992, 1.6007 0.049 1.5354, 1.5339 -0.0135 1.2992, 1.5483 0.0639 1.5354, 1.4941 -0.0098 1.2992, 1.4941 0.0689 1.5354, 1.4543 -0.0135 1.2992, 1.4398 0.0639 1.5354, 1.4158 -0.0245 1.2992, 1.3874 0.049 1.5354, 1.3801 -0.0423 1.2992, 1.3386 0.0247 1.5354, 1.3482 -0.0664 1.2992, 1.2951 -0.0082 1.5354, 1.3213 -0.0959 1.2992, 1.2584 -0.0484 1.5354, 1.3002 -0.1299 1.2992, 1.2298 -0.0948 1.5354, 1.2858 -0.1671 1.2992, 1.2101 -0.1456 1.5354, 1.2785 -0.2064 1.2992, 1.2001 -0.1991 1.5354, 1.2785 -0.2464 1.2992, 1.2001 -0.2536 1.5354, 1.2858 -0.2856 1.2992, 1.2101 -0.3072 1.5354, 1.3002 -0.3229 1.2992, 1.2298 -0.358 1.5354, 1.3213 -0.3569 1.2992, 1.2584 -0.4043 1.5354, 1.3482 -0.3864 1.2992, 1.2951 -0.4446 1.5354, 1.3801 -0.4105 1.2992, 1.3386 -0.4774 1.5354, 1.4158 -0.4283 1.2992, 1.3874 -0.5017 1.5354, 1.4543 -0.4392 1.2992, 1.4398 -0.5166 1.5354, 1.4941 -0.4429 1.2992
            ]
        }
        coordIndex [
            0,1,2,-1,2,1,3,-1,2,3,4,-1,4,3,5,-1,4,5,6,-1,6,5,7,-1,6,7,8,-1,8,7,9,-1,8,9,10,-1,10,9,11,-1,10,11,12,-1,12,11,13,-1,12,13,14,-1,14,13,15,-1,14,15,16,-1,16,15,17,-1,16,17,18,-1,18,17,19,-1,18,19,20,-1,20,19,21,-1,20,21,22,-1,22,21,23,-1,22,23,24,-1,24,23,25,-1,24,25,26,-1,26,25,27,-1,26,27,28,-1,28,27,29,-1,28,29,30,-1,30,29,31,-1,30,31,32,-1,32,31,33,-1,32,33,34,-1,34,33,35,-1,34,35,36,-1,36,35,37,-1,36,37,38,-1,38,37,39,-1,38,39,40,-1,40,39,41,-1,40,41,42,-1,42,41,43,-1,42,43,44,-1,44,43,45,-1,44,45,46,-1,46,45,47,-1,46,47,48,-1,48,47,49,-1,48,49,50,-1,50,49,51,-1,50,51,52,-1,52,51,53,-1,52,53,54,-1,54,53,55,-1,54,55,56,-1,56,55,57,-1,56,57,58,-1,58,57,59,-1,58,59,60,-1,60,59,61,-1,60,61,62,-1,62,61,63,-1,62,63,64,-1,64,63,65,-1,64,65,66,-1,66,65,67,-1,66,67,0,-1,0,67,1,-1,
        ]
    }
}
Shape{
    appearance Appearance {
        material  Material 	{
            diffuseColor 0.7372549019607844 0.7764705882352941 0.8
            specularColor 0.7372549019607844 0.7764705882352941 0.8
            ambientIntensity 0.7674
            transparency 0.0
            shininess 0.5
        }
    }
    geometry IndexedFaceSet {
        ccw TRUE
        solid FALSE
        coord DEF co Coordinate {
            point [
                1.8522 -0.3012 3.05, 1.8505 -0.3012 3.0502, 1.8474 -0.3149 3.0503, 1.5689 -0.5818 3.0505, 1.5689 -0.5828 3.0503, 1.5739 -0.5818 3.0503, 1.4193 -0.5907 3.0485, 1.4112 -0.5953 3.0462, 1.4535 -0.5915 3.0496, 1.4524 -0.6022 3.0462, 1.4723 -0.5919 3.0503, 1.4941 -0.6045 3.0462, 1.5357 -0.6022 3.0462, 1.5254 -0.5918 3.0501, 1.4941 -0.5919 3.0502, 1.5769 -0.5953 3.0462, 1.5689 -0.5907 3.0485, 1.5346 -0.5916 3.0498, 1.5717 -0.5721 3.0512, 1.5689 -0.5727 3.0512, 1.6125 -0.5708 3.0503, 1.6093 -0.5614 3.0512, 1.6498 -0.5556 3.0503, 1.6455 -0.5467 3.0512, 1.6851 -0.5365 3.0503, 1.6799 -0.5281 3.0512, 1.7181 -0.5135 3.0503, 1.712 -0.5057 3.0512, 1.7484 -0.4871 3.0503, 1.7415 -0.48 3.0512, 1.7756 -0.4575 3.0503, 1.7679 -0.4512 3.0512, 1.7993 -0.425 3.0503, 1.7911 -0.4196 3.0512, 1.8194 -0.3902 3.0503, 1.8105 -0.3857 3.0512, 1.8355 -0.3533 3.0503, 1.8262 -0.3499 3.0512, 1.8378 -0.3125 3.0512, 1.8404 -0.3012 3.0512, 1.8736 -0.3012 3.0407, 1.8645 -0.3012 3.0458, 1.8609 -0.3183 3.0462, 1.8633 -0.3012 3.0465, 1.8833 -0.3012 3.0325, 1.8768 -0.3012 3.038, 1.873 -0.3214 3.0387, 1.8915 -0.3012 3.0227, 1.8872 -0.3012 3.0278, 1.883 -0.3239 3.0284, 1.8969 -0.3012 3.0122, 1.8951 -0.3012 3.0157, 1.8902 -0.3257 3.0159, 1.8999 -0.3012 3.0014, 1.8997 -0.3012 3.002, 1.8942 -0.3267 3.002, 1.9006 -0.3012 2.9921, 1.8951 -0.3269 2.9921, 1.8867 -0.3539 2.9921, 1.8807 -0.3702 3.002, 1.8815 -0.3705 2.9921, 1.8625 -0.4119 3.002, 1.8633 -0.4123 2.9921, 1.8623 -0.414 2.9921, 1.8399 -0.4514 3.002, 1.8406 -0.4519 2.9921, 1.7367 -0.5604 2.9921, 1.7484 -0.5523 2.9921, 1.7479 -0.5516 3.002, 1.7827 -0.5223 2.9921, 1.7822 -0.5217 3.002, 1.7862 -0.5185 2.9921, 1.8129 -0.4881 3.002, 1.8136 -0.4887 2.9921, 1.828 -0.469 2.9921, 1.7109 -0.5783 2.9921, 1.7105 -0.5776 3.002, 1.6815 -0.5943 2.9921, 1.6704 -0.5993 3.002, 1.6708 -0.6001 2.9921, 1.6283 -0.6165 3.002, 1.6285 -0.6173 2.9921, 1.4295 -0.6341 2.9921, 1.4485 -0.6373 2.9921, 1.4486 -0.6364 3.002, 1.4941 -0.6398 2.9921, 1.4941 -0.6389 3.002, 1.5396 -0.6373 2.9921, 1.5395 -0.6364 3.002, 1.5586 -0.6341 2.9921, 1.5844 -0.6289 3.002, 1.5846 -0.6297 2.9921, 1.6217 -0.6192 2.9921, 1.4035 -0.6297 2.9921, 1.4037 -0.6289 3.002, 1.3664 -0.6192 2.9921, 1.3599 -0.6165 3.002, 1.3596 -0.6173 2.9921, 1.3177 -0.5993 3.002, 1.3173 -0.6001 2.9921, 1.206 -0.5217 3.002, 1.2398 -0.5523 2.9921, 1.2403 -0.5516 3.002, 1.2514 -0.5604 2.9921, 1.2777 -0.5776 3.002, 1.2772 -0.5783 2.9921, 1.3066 -0.5943 2.9921, 1.1752 -0.4881 3.002, 1.2019 -0.5185 2.9921, 1.2054 -0.5223 2.9921, 1.1483 -0.4514 3.002, 1.1601 -0.469 2.9921, 1.1745 -0.4887 2.9921, 1.1074 -0.3702 3.002, 1.1248 -0.4123 2.9921, 1.1256 -0.4119 3.002, 1.1258 -0.414 2.9921, 1.1476 -0.4519 2.9921, 1.0931 -0.3269 2.9921, 1.1015 -0.3539 2.9921, 1.1066 -0.3705 2.9921, 1.0939 -0.3267 3.002, 1.0885 -0.3012 3.002, 1.0875 -0.3012 2.9921, 1.093 -0.3012 3.0157, 1.0921 -0.3012 3.0142, 1.098 -0.3257 3.0159, 1.0887 -0.3012 3.0036, 1.1052 -0.3239 3.0284, 1.1009 -0.3012 3.0278, 1.0978 -0.3012 3.0242, 1.1152 -0.3214 3.0387, 1.1113 -0.3012 3.038, 1.106 -0.3012 3.0336, 1.1273 -0.3183 3.0462, 1.1236 -0.3012 3.0457, 1.1158 -0.3012 3.0416, 1.1376 -0.3012 3.0504, 1.1376 -0.3012 3.0503, 1.1408 -0.3149 3.0503, 1.1265 -0.3012 3.0472, 1.1504 -0.3125 3.0512, 1.1477 -0.3012 3.0512, 1.4193 -0.5828 3.0503, 1.4143 -0.5818 3.0503, 1.4193 -0.5818 3.0505, 1.1527 -0.3533 3.0503, 1.162 -0.3499 3.0512, 1.1688 -0.3902 3.0503, 1.1776 -0.3857 3.0512, 1.1888 -0.425 3.0503, 1.1971 -0.4196 3.0512, 1.2125 -0.4575 3.0503, 1.2202 -0.4512 3.0512, 1.2397 -0.4871 3.0503, 1.2466 -0.48 3.0512, 1.27 -0.5135 3.0503, 1.2761 -0.5057 3.0512, 1.303 -0.5365 3.0503, 1.3082 -0.5281 3.0512, 1.3384 -0.5556 3.0503, 1.3426 -0.5467 3.0512, 1.3756 -0.5708 3.0503, 1.3788 -0.5614 3.0512, 1.4164 -0.5721 3.0512, 1.4193 -0.5727 3.0512, 1.8768 -0.3687 3.0159, 1.8588 -0.41 3.0159, 1.8363 -0.4491 3.0159, 1.8097 -0.4855 3.0159, 1.7792 -0.5187 3.0159, 1.7453 -0.5483 3.0159, 1.7083 -0.5741 3.0159, 1.6687 -0.5956 3.0159, 1.6269 -0.6125 3.0159, 1.5835 -0.6248 3.0159, 1.5391 -0.6323 3.0159, 1.4941 -0.6348 3.0159, 1.4491 -0.6323 3.0159, 1.4046 -0.6248 3.0159, 1.3612 -0.6125 3.0159, 1.3195 -0.5956 3.0159, 1.2799 -0.5741 3.0159, 1.2429 -0.5483 3.0159, 1.2089 -0.5187 3.0159, 1.1784 -0.4855 3.0159, 1.1518 -0.4491 3.0159, 1.1293 -0.41 3.0159, 1.1113 -0.3687 3.0159, 1.8698 -0.3661 3.0284, 1.8521 -0.4067 3.0284, 1.8301 -0.4451 3.0284, 1.804 -0.4808 3.0284, 1.774 -0.5134 3.0284, 1.7407 -0.5425 3.0284, 1.7044 -0.5677 3.0284, 1.6655 -0.5888 3.0284, 1.6245 -0.6055 3.0284, 1.5819 -0.6176 3.0284, 1.5383 -0.6249 3.0284, 1.4941 -0.6273 3.0284, 1.4499 -0.6249 3.0284, 1.4062 -0.6176 3.0284, 1.3637 -0.6055 3.0284, 1.3227 -0.5888 3.0284, 1.2838 -0.5677 3.0284, 1.2474 -0.5425 3.0284, 1.2141 -0.5134 3.0284, 1.1842 -0.4808 3.0284, 1.158 -0.4451 3.0284, 1.136 -0.4067 3.0284, 1.1183 -0.3661 3.0284, 1.8602 -0.3625 3.0387, 1.843 -0.4021 3.0387, 1.8215 -0.4394 3.0387, 1.796 -0.4742 3.0387, 1.7669 -0.506 3.0387, 1.7344 -0.5344 3.0387, 1.699 -0.559 3.0387, 1.6611 -0.5795 3.0387, 1.6211 -0.5958 3.0387, 1.5796 -0.6075 3.0387, 1.5371 -0.6146 3.0387, 1.4941 -0.617 3.0387, 1.451 -0.6146 3.0387, 1.4085 -0.6075 3.0387, 1.367 -0.5958 3.0387, 1.3271 -0.5795 3.0387, 1.2892 -0.559 3.0387, 1.2538 -0.5344 3.0387, 1.2213 -0.506 3.0387, 1.1921 -0.4742 3.0387, 1.1667 -0.4394 3.0387, 1.1452 -0.4021 3.0387, 1.1279 -0.3625 3.0387, 1.8485 -0.3582 3.0462, 1.8318 -0.3964 3.0462, 1.811 -0.4326 3.0462, 1.7864 -0.4663 3.0462, 1.7581 -0.4971 3.0462, 1.7267 -0.5245 3.0462, 1.6924 -0.5483 3.0462, 1.6557 -0.5682 3.0462, 1.6171 -0.584 3.0462, 1.3711 -0.584 3.0462, 1.3324 -0.5682 3.0462, 1.2957 -0.5483 3.0462, 1.2614 -0.5245 3.0462, 1.23 -0.4971 3.0462, 1.2018 -0.4663 3.0462, 1.1771 -0.4326 3.0462, 1.1563 -0.3964 3.0462, 1.1396 -0.3582 3.0462, 1.5586 0.1813 2.7362, 1.5861 0.1766 2.7362, 1.5856 0.1747 2.7209, 1.6815 0.1416 2.7362, 1.714 0.1236 2.7362, 1.7129 0.1219 2.7209, 1.828 0.0162 2.7362, 1.8441 -0.0064 2.7362, 1.8424 -0.0075 2.7209, 1.8868 -0.0988 2.7362, 1.8971 -0.1344 2.7362, 1.8951 -0.1348 2.7209, 1.9018 -0.2909 2.7362, 1.8971 -0.3184 2.7362, 1.8951 -0.3179 2.7209, 1.862 -0.4139 2.7362, 1.8441 -0.4463 2.7362, 1.8424 -0.4452 2.7209, 1.7367 -0.5603 2.7362, 1.714 -0.5764 2.7362, 1.7129 -0.5747 2.7209, 1.6217 -0.6191 2.7362, 1.5861 -0.6294 2.7362, 1.5856 -0.6274 2.7209, 1.4295 -0.6341 2.7362, 1.4021 -0.6294 2.7362, 1.4025 -0.6274 2.7209, 1.3066 -0.5943 2.7362, 1.2741 -0.5764 2.7362, 1.2752 -0.5747 2.7209, 1.1601 -0.469 2.7362, 1.144 -0.4463 2.7362, 1.1458 -0.4452 2.7209, 1.1013 -0.354 2.7362, 1.091 -0.3184 2.7362, 1.093 -0.3179 2.7209, 1.0864 -0.1618 2.7362, 1.091 -0.1344 2.7362, 1.093 -0.1348 2.7209, 1.1261 -0.0389 2.7362, 1.144 -0.0064 2.7362, 1.1458 -0.0075 2.7209, 1.2514 0.1075 2.7362, 1.2741 0.1236 2.7362, 1.2752 0.1219 2.7209, 1.3664 0.1664 2.7362, 1.4021 0.1766 2.7362, 1.4025 0.1747 2.7209, 1.4544 0.1257 2.6772, 1.4152 0.1191 2.6772, 1.4527 0.1409 2.6792, 1.4118 0.134 2.6792, 1.4511 0.1551 2.6851, 1.4087 0.1479 2.6851, 1.4497 0.1672 2.6945, 1.4059 0.1598 2.6945, 1.4487 0.1765 2.7067, 1.4038 0.1689 2.7067, 1.448 0.1824 2.7209, 1.3403 0.0929 2.6772, 1.3056 0.0736 2.6772, 1.3337 0.1066 2.6792, 1.2974 0.0866 2.6792, 1.3275 0.1195 2.6851, 1.2898 0.0986 2.6851, 1.3222 0.1305 2.6945, 1.2833 0.109 2.6945, 1.3181 0.1389 2.7067, 1.2783 0.1169 2.7067, 1.3156 0.1443 2.7209, 1.217 -0.0055 2.6772, 1.194 -0.0379 2.6772, 1.2051 0.0041 2.6792, 1.1811 -0.0297 2.6792, 1.194 0.0129 2.6851, 1.169 -0.0222 2.6851, 1.1844 0.0206 2.6945, 1.1587 -0.0157 2.6945, 1.1771 0.0264 2.7067, 1.1507 -0.0107 2.7067, 1.1724 0.0301 2.7209, 1.1596 -0.1094 2.6772, 1.1486 -0.1475 2.6772, 1.1452 -0.1043 2.6792, 1.1337 -0.1441 2.6792, 1.1318 -0.0996 2.6851, 1.1198 -0.141 2.6851, 1.1202 -0.0956 2.6945, 1.1079 -0.1382 2.6945, 1.1114 -0.0925 2.7067, 1.0988 -0.1362 2.7067, 1.1058 -0.0905 2.7209, 1.142 -0.2661 2.6772, 1.1486 -0.3052 2.6772, 1.1268 -0.2678 2.6792, 1.1337 -0.3086 2.6792, 1.1126 -0.2694 2.6851, 1.1198 -0.3118 2.6851, 1.1005 -0.2707 2.6945, 1.1079 -0.3145 2.6945, 1.0911 -0.2718 2.7067, 1.0988 -0.3166 2.7067, 1.0853 -0.2724 2.7209, 1.1748 -0.3801 2.6772, 1.194 -0.4149 2.6772, 1.1611 -0.3868 2.6792, 1.1811 -0.423 2.6792, 1.1482 -0.3929 2.6851, 1.169 -0.4306 2.6851, 1.1372 -0.3982 2.6945, 1.1587 -0.4371 2.6945, 1.1288 -0.4023 2.7067, 1.1507 -0.4421 2.7067, 1.1234 -0.4049 2.7209, 1.2731 -0.5034 2.6772, 1.3056 -0.5264 2.6772, 1.2636 -0.5154 2.6792, 1.2974 -0.5393 2.6792, 1.2547 -0.5265 2.6851, 1.2898 -0.5514 2.6851, 1.2471 -0.5361 2.6945, 1.2833 -0.5618 2.6945, 1.2413 -0.5434 2.7067, 1.2783 -0.5697 2.7067, 1.2376 -0.548 2.7209, 1.377 -0.5608 2.6772, 1.4152 -0.5718 2.6772, 1.372 -0.5753 2.6792, 1.4118 -0.5867 2.6792, 1.3673 -0.5887 2.6851, 1.4087 -0.6006 2.6851, 1.3633 -0.6002 2.6945, 1.4059 -0.6125 2.6945, 1.3602 -0.6091 2.7067, 1.4038 -0.6217 2.7067, 1.3582 -0.6147 2.7209, 1.5337 -0.5785 2.6772, 1.5729 -0.5718 2.6772, 1.5355 -0.5937 2.6792, 1.5763 -0.5867 2.6792, 1.537 -0.6078 2.6851, 1.5795 -0.6006 2.6851, 1.5384 -0.62 2.6945, 1.5822 -0.6125 2.6945, 1.5395 -0.6293 2.7067, 1.5843 -0.6217 2.7067, 1.5401 -0.6352 2.7209, 1.6478 -0.5456 2.6772, 1.6826 -0.5264 2.6772, 1.6544 -0.5594 2.6792, 1.6907 -0.5393 2.6792, 1.6606 -0.5722 2.6851, 1.6983 -0.5514 2.6851, 1.6659 -0.5832 2.6945, 1.7048 -0.5618 2.6945, 1.67 -0.5917 2.7067, 1.7098 -0.5697 2.7067, 1.6726 -0.597 2.7209, 1.7711 -0.4473 2.6772, 1.7941 -0.4149 2.6772, 1.783 -0.4568 2.6792, 1.807 -0.423 2.6792, 1.7942 -0.4657 2.6851, 1.8191 -0.4306 2.6851, 1.8037 -0.4733 2.6945, 1.8294 -0.4371 2.6945, 1.8111 -0.4792 2.7067, 1.8374 -0.4421 2.7067, 1.8157 -0.4829 2.7209, 1.8285 -0.3434 2.6772, 1.8395 -0.3052 2.6772, 1.8429 -0.3485 2.6792, 1.8544 -0.3086 2.6792, 1.8564 -0.3532 2.6851, 1.8683 -0.3118 2.6851, 1.8679 -0.3572 2.6945, 1.8802 -0.3145 2.6945, 1.8768 -0.3603 2.7067, 1.8894 -0.3166 2.7067, 1.8824 -0.3623 2.7209, 1.8462 -0.1867 2.6772, 1.8395 -0.1475 2.6772, 1.8614 -0.185 2.6792, 1.8544 -0.1441 2.6792, 1.8755 -0.1834 2.6851, 1.8683 -0.141 2.6851, 1.8877 -0.182 2.6945, 1.8802 -0.1382 2.6945, 1.897 -0.181 2.7067, 1.8894 -0.1362 2.7067, 1.9029 -0.1803 2.7209, 1.8133 -0.0726 2.6772, 1.7941 -0.0379 2.6772, 1.8271 -0.066 2.6792, 1.807 -0.0297 2.6792, 1.8399 -0.0598 2.6851, 1.8191 -0.0222 2.6851, 1.8509 -0.0545 2.6945, 1.8294 -0.0157 2.6945, 1.8594 -0.0505 2.7067, 1.8374 -0.0107 2.7067, 1.8647 -0.0479 2.7209, 1.715 0.0506 2.6772, 1.6826 0.0736 2.6772, 1.7245 0.0626 2.6792, 1.6907 0.0866 2.6792, 1.7334 0.0737 2.6851, 1.6983 0.0986 2.6851, 1.741 0.0833 2.6945, 1.7048 0.109 2.6945, 1.7469 0.0906 2.7067, 1.7098 0.1169 2.7067, 1.7506 0.0952 2.7209, 1.6111 0.1081 2.6772, 1.5729 0.1191 2.6772, 1.6161 0.1225 2.6792, 1.5763 0.134 2.6792, 1.6209 0.1359 2.6851, 1.5795 0.1479 2.6851, 1.6249 0.1475 2.6945, 1.5822 0.1598 2.6945, 1.628 0.1563 2.7067, 1.5843 0.1689 2.7067, 1.6299 0.1619 2.7209, 1.4941 0.1279 2.6772, 1.4941 0.1432 2.6792, 1.4941 0.1575 2.6851, 1.4941 0.1697 2.6945, 1.4941 0.1791 2.7067, 1.4941 0.185 2.7209, 1.4941 0.187 2.7362, 1.4478 0.1844 2.7362, 1.4295 0.1813 2.7362, 1.3575 0.1638 2.7362, 1.3582 0.1619 2.7209, 1.3602 0.1563 2.7067, 1.3633 0.1475 2.6945, 1.3673 0.1359 2.6851, 1.372 0.1225 2.6792, 1.377 0.1081 2.6772, 1.3147 0.1461 2.7362, 1.3066 0.1416 2.7362, 1.2363 0.0968 2.7362, 1.2376 0.0952 2.7209, 1.2413 0.0906 2.7067, 1.2471 0.0833 2.6945, 1.2547 0.0737 2.6851, 1.2636 0.0626 2.6792, 1.2731 0.0506 2.6772, 1.2435 0.0242 2.6772, 1.2327 0.035 2.6792, 1.2226 0.045 2.6851, 1.214 0.0537 2.6945, 1.2074 0.0603 2.7067, 1.2032 0.0645 2.7209, 1.2018 0.0659 2.7362, 1.1709 0.0314 2.7362, 1.1601 0.0162 2.7362, 1.1216 -0.047 2.7362, 1.1234 -0.0479 2.7209, 1.1288 -0.0505 2.7067, 1.1372 -0.0545 2.6945, 1.1482 -0.0598 2.6851, 1.1611 -0.066 2.6792, 1.1748 -0.0726 2.6772, 1.1039 -0.0898 2.7362, 1.1013 -0.0988 2.7362, 1.0833 -0.1801 2.7362, 1.0853 -0.1803 2.7209, 1.0911 -0.181 2.7067, 1.1005 -0.182 2.6945, 1.1126 -0.1834 2.6851, 1.1268 -0.185 2.6792, 1.142 -0.1867 2.6772, 1.1397 -0.2264 2.6772, 1.1245 -0.2264 2.6792, 1.1102 -0.2264 2.6851, 1.098 -0.2264 2.6945, 1.0886 -0.2264 2.7067, 1.0827 -0.2264 2.7209, 1.0807 -0.2264 2.7362, 1.0833 -0.2727 2.7362, 1.0864 -0.2909 2.7362, 1.1039 -0.3629 2.7362, 1.1058 -0.3623 2.7209, 1.1114 -0.3603 2.7067, 1.1202 -0.3572 2.6945, 1.1318 -0.3532 2.6851, 1.1452 -0.3485 2.6792, 1.1596 -0.3434 2.6772, 1.1216 -0.4057 2.7362, 1.1261 -0.4139 2.7362, 1.1709 -0.4841 2.7362, 1.1724 -0.4829 2.7209, 1.1771 -0.4792 2.7067, 1.1844 -0.4733 2.6945, 1.194 -0.4657 2.6851, 1.2051 -0.4568 2.6792, 1.217 -0.4473 2.6772, 1.2435 -0.4769 2.6772, 1.2327 -0.4877 2.6792, 1.2226 -0.4978 2.6851, 1.214 -0.5065 2.6945, 1.2074 -0.5131 2.7067, 1.2032 -0.5173 2.7209, 1.2018 -0.5187 2.7362, 1.2363 -0.5496 2.7362, 1.2514 -0.5603 2.7362, 1.3147 -0.5988 2.7362, 1.3156 -0.597 2.7209, 1.3181 -0.5917 2.7067, 1.3222 -0.5832 2.6945, 1.3275 -0.5722 2.6851, 1.3337 -0.5594 2.6792, 1.3403 -0.5456 2.6772, 1.3575 -0.6166 2.7362, 1.3664 -0.6191 2.7362, 1.4478 -0.6372 2.7362, 1.448 -0.6352 2.7209, 1.4487 -0.6293 2.7067, 1.4497 -0.62 2.6945, 1.4511 -0.6078 2.6851, 1.4527 -0.5937 2.6792, 1.4544 -0.5785 2.6772, 1.4941 -0.5807 2.6772, 1.4941 -0.596 2.6792, 1.4941 -0.6102 2.6851, 1.4941 -0.6225 2.6945, 1.4941 -0.6319 2.7067, 1.4941 -0.6378 2.7209, 1.4941 -0.6398 2.7362, 1.5404 -0.6372 2.7362, 1.5586 -0.6341 2.7362, 1.6306 -0.6166 2.7362, 1.6299 -0.6147 2.7209, 1.628 -0.6091 2.7067, 1.6249 -0.6002 2.6945, 1.6209 -0.5887 2.6851, 1.6161 -0.5753 2.6792, 1.6111 -0.5608 2.6772, 1.6734 -0.5988 2.7362, 1.6815 -0.5943 2.7362, 1.7518 -0.5496 2.7362, 1.7506 -0.548 2.7209, 1.7469 -0.5434 2.7067, 1.741 -0.5361 2.6945, 1.7334 -0.5265 2.6851, 1.7245 -0.5154 2.6792, 1.715 -0.5034 2.6772, 1.7446 -0.4769 2.6772, 1.7554 -0.4877 2.6792, 1.7655 -0.4978 2.6851, 1.7741 -0.5065 2.6945, 1.7808 -0.5131 2.7067, 1.785 -0.5173 2.7209, 1.7864 -0.5187 2.7362, 1.8173 -0.4841 2.7362, 1.828 -0.469 2.7362, 1.8665 -0.4057 2.7362, 1.8647 -0.4049 2.7209, 1.8594 -0.4023 2.7067, 1.8509 -0.3982 2.6945, 1.8399 -0.3929 2.6851, 1.8271 -0.3868 2.6792, 1.8133 -0.3801 2.6772, 1.8843 -0.3629 2.7362, 1.8868 -0.354 2.7362, 1.9049 -0.2727 2.7362, 1.9029 -0.2724 2.7209, 1.897 -0.2718 2.7067, 1.8877 -0.2707 2.6945, 1.8755 -0.2694 2.6851, 1.8614 -0.2678 2.6792, 1.8462 -0.2661 2.6772, 1.8484 -0.2264 2.6772, 1.8637 -0.2264 2.6792, 1.8779 -0.2264 2.6851, 1.8902 -0.2264 2.6945, 1.8995 -0.2264 2.7067, 1.9054 -0.2264 2.7209, 1.9075 -0.2264 2.7362, 1.9049 -0.1801 2.7362, 1.9018 -0.1618 2.7362, 1.8843 -0.0898 2.7362, 1.8824 -0.0905 2.7209, 1.8768 -0.0925 2.7067, 1.8679 -0.0956 2.6945, 1.8564 -0.0996 2.6851, 1.8429 -0.1043 2.6792, 1.8285 -0.1094 2.6772, 1.8665 -0.047 2.7362, 1.862 -0.0389 2.7362, 1.8173 0.0314 2.7362, 1.8157 0.0301 2.7209, 1.8111 0.0264 2.7067, 1.8037 0.0206 2.6945, 1.7942 0.0129 2.6851, 1.783 0.0041 2.6792, 1.7711 -0.0055 2.6772, 1.7446 0.0242 2.6772, 1.7554 0.035 2.6792, 1.7655 0.045 2.6851, 1.7741 0.0537 2.6945, 1.7808 0.0603 2.7067, 1.785 0.0645 2.7209, 1.7864 0.0659 2.7362, 1.7518 0.0968 2.7362, 1.7367 0.1075 2.7362, 1.6734 0.1461 2.7362, 1.6726 0.1443 2.7209, 1.67 0.1389 2.7067, 1.6659 0.1305 2.6945, 1.6606 0.1195 2.6851, 1.6544 0.1066 2.6792, 1.6478 0.0929 2.6772, 1.6306 0.1638 2.7362, 1.6217 0.1664 2.7362, 1.5404 0.1844 2.7362, 1.5401 0.1824 2.7209, 1.5395 0.1765 2.7067, 1.5384 0.1672 2.6945, 1.537 0.1551 2.6851, 1.5355 0.1409 2.6792, 1.5337 0.1257 2.6772, 1.1359 -0.1516 3.05, 1.1376 -0.1516 3.0502, 1.1408 -0.1378 3.0503, 1.4193 0.129 3.0505, 1.4193 0.1301 3.0503, 1.4143 0.129 3.0503, 1.5689 0.1379 3.0485, 1.5769 0.1426 3.0462, 1.5346 0.1387 3.0496, 1.5357 0.1495 3.0462, 1.5158 0.1392 3.0503, 1.4941 0.1518 3.0462, 1.4524 0.1495 3.0462, 1.4628 0.1391 3.0501, 1.4941 0.1391 3.0502, 1.4112 0.1426 3.0462, 1.4193 0.1379 3.0485, 1.4535 0.1388 3.0498, 1.4164 0.1193 3.0512, 1.4193 0.12 3.0512, 1.3756 0.118 3.0503, 1.3788 0.1087 3.0512, 1.3384 0.1029 3.0503, 1.3426 0.0939 3.0512, 1.303 0.0837 3.0503, 1.3082 0.0753 3.0512, 1.27 0.0608 3.0503, 1.2761 0.053 3.0512, 1.2397 0.0343 3.0503, 1.2466 0.0272 3.0512, 1.2125 0.0047 3.0503, 1.2202 -0.0016 3.0512, 1.1888 -0.0277 3.0503, 1.1971 -0.0331 3.0512, 1.1688 -0.0626 3.0503, 1.1776 -0.067 3.0512, 1.1527 -0.0994 3.0503, 1.162 -0.1029 3.0512, 1.1504 -0.1402 3.0512, 1.1477 -0.1516 3.0512, 1.1145 -0.1516 3.0407, 1.1236 -0.1516 3.0458, 1.1273 -0.1344 3.0462, 1.1248 -0.1516 3.0465, 1.1048 -0.1516 3.0325, 1.1113 -0.1516 3.038, 1.1152 -0.1314 3.0387, 1.0967 -0.1516 3.0227, 1.101 -0.1516 3.0278, 1.1052 -0.1289 3.0284, 1.0912 -0.1516 3.0122, 1.0931 -0.1516 3.0157, 1.098 -0.1271 3.0159, 1.0882 -0.1516 3.0014, 1.0884 -0.1516 3.002, 1.0939 -0.1261 3.002, 1.0875 -0.1516 2.9921, 1.0931 -0.1259 2.9921, 1.1015 -0.0988 2.9921, 1.1074 -0.0826 3.002, 1.1066 -0.0823 2.9921, 1.1256 -0.0408 3.002, 1.1248 -0.0405 2.9921, 1.1258 -0.0388 2.9921, 1.1483 -0.0014 3.002, 1.1476 -0.0009 2.9921, 1.2514 0.1076 2.9921, 1.2398 0.0995 2.9921, 1.2403 0.0989 3.002, 1.2054 0.0695 2.9921, 1.206 0.0689 3.002, 1.2019 0.0658 2.9921, 1.1752 0.0354 3.002, 1.1745 0.0359 2.9921, 1.1601 0.0162 2.9921, 1.2772 0.1256 2.9921, 1.2777 0.1249 3.002, 1.3066 0.1415 2.9921, 1.3177 0.1466 3.002, 1.3173 0.1473 2.9921, 1.3599 0.1637 3.002, 1.3596 0.1645 2.9921, 1.5586 0.1813 2.9921, 1.5396 0.1845 2.9921, 1.5395 0.1837 3.002, 1.4941 0.187 2.9921, 1.4941 0.1862 3.002, 1.4485 0.1845 2.9921, 1.4486 0.1837 3.002, 1.4295 0.1813 2.9921, 1.4037 0.1761 3.002, 1.4035 0.177 2.9921, 1.3664 0.1665 2.9921, 1.5846 0.177 2.9921, 1.5844 0.1761 3.002, 1.6217 0.1665 2.9921, 1.6283 0.1637 3.002, 1.6285 0.1645 2.9921, 1.6704 0.1466 3.002, 1.6708 0.1473 2.9921, 1.7822 0.0689 3.002, 1.7484 0.0995 2.9921, 1.7479 0.0989 3.002, 1.7367 0.1076 2.9921, 1.7105 0.1249 3.002, 1.7109 0.1256 2.9921, 1.6815 0.1415 2.9921, 1.8129 0.0354 3.002, 1.7862 0.0658 2.9921, 1.7827 0.0695 2.9921, 1.8399 -0.0014 3.002, 1.828 0.0162 2.9921, 1.8136 0.0359 2.9921, 1.8807 -0.0826 3.002, 1.8633 -0.0405 2.9921, 1.8625 -0.0408 3.002, 1.8623 -0.0388 2.9921, 1.8406 -0.0009 2.9921, 1.8951 -0.1259 2.9921, 1.8867 -0.0988 2.9921, 1.8815 -0.0823 2.9921, 1.8942 -0.1261 3.002, 1.8996 -0.1516 3.002, 1.9006 -0.1516 2.9921, 1.8952 -0.1516 3.0157, 1.8961 -0.1516 3.0142, 1.8902 -0.1271 3.0159, 1.8995 -0.1516 3.0036, 1.883 -0.1289 3.0284, 1.8872 -0.1516 3.0278, 1.8903 -0.1516 3.0242, 1.873 -0.1314 3.0387, 1.8768 -0.1516 3.038, 1.8822 -0.1516 3.0336, 1.8609 -0.1344 3.0462, 1.8645 -0.1516 3.0457, 1.8723 -0.1516 3.0416, 1.8505 -0.1516 3.0504, 1.8505 -0.1516 3.0503, 1.8474 -0.1378 3.0503, 1.8617 -0.1516 3.0472, 1.8378 -0.1402 3.0512, 1.8404 -0.1516 3.0512, 1.5689 0.1301 3.0503, 1.5739 0.129 3.0503, 1.5689 0.129 3.0505, 1.8355 -0.0994 3.0503, 1.8262 -0.1029 3.0512, 1.8194 -0.0626 3.0503, 1.8105 -0.067 3.0512, 1.7993 -0.0277 3.0503, 1.7911 -0.0331 3.0512, 1.7756 0.0047 3.0503, 1.7679 -0.0016 3.0512, 1.7484 0.0343 3.0503, 1.7415 0.0272 3.0512, 1.7181 0.0608 3.0503, 1.712 0.053 3.0512, 1.6851 0.0837 3.0503, 1.6799 0.0753 3.0512, 1.6498 0.1029 3.0503, 1.6455 0.0939 3.0512, 1.6125 0.118 3.0503, 1.6093 0.1087 3.0512, 1.5717 0.1193 3.0512, 1.5689 0.12 3.0512, 1.1113 -0.084 3.0159, 1.1293 -0.0427 3.0159, 1.1518 -0.0036 3.0159, 1.1784 0.0327 3.0159, 1.2089 0.0659 3.0159, 1.2429 0.0956 3.0159, 1.2799 0.1213 3.0159, 1.3195 0.1428 3.0159, 1.3612 0.1598 3.0159, 1.4046 0.1721 3.0159, 1.4491 0.1795 3.0159, 1.4941 0.182 3.0159, 1.5391 0.1795 3.0159, 1.5835 0.1721 3.0159, 1.6269 0.1598 3.0159, 1.6687 0.1428 3.0159, 1.7083 0.1213 3.0159, 1.7453 0.0956 3.0159, 1.7792 0.0659 3.0159, 1.8097 0.0327 3.0159, 1.8363 -0.0036 3.0159, 1.8588 -0.0427 3.0159, 1.8768 -0.084 3.0159, 1.1183 -0.0866 3.0284, 1.136 -0.0461 3.0284, 1.158 -0.0077 3.0284, 1.1842 0.028 3.0284, 1.2141 0.0606 3.0284, 1.2474 0.0897 3.0284, 1.2838 0.115 3.0284, 1.3227 0.136 3.0284, 1.3637 0.1527 3.0284, 1.4062 0.1648 3.0284, 1.4499 0.1721 3.0284, 1.4941 0.1745 3.0284, 1.5383 0.1721 3.0284, 1.5819 0.1648 3.0284, 1.6245 0.1527 3.0284, 1.6655 0.136 3.0284, 1.7044 0.115 3.0284, 1.7407 0.0897 3.0284, 1.774 0.0606 3.0284, 1.804 0.028 3.0284, 1.8301 -0.0077 3.0284, 1.8521 -0.0461 3.0284, 1.8698 -0.0866 3.0284, 1.1279 -0.0902 3.0387, 1.1452 -0.0507 3.0387, 1.1667 -0.0133 3.0387, 1.1921 0.0215 3.0387, 1.2213 0.0532 3.0387, 1.2538 0.0816 3.0387, 1.2892 0.1062 3.0387, 1.3271 0.1268 3.0387, 1.367 0.143 3.0387, 1.4085 0.1548 3.0387, 1.451 0.1619 3.0387, 1.4941 0.1642 3.0387, 1.5371 0.1619 3.0387, 1.5796 0.1548 3.0387, 1.6211 0.143 3.0387, 1.6611 0.1268 3.0387, 1.699 0.1062 3.0387, 1.7344 0.0816 3.0387, 1.7669 0.0532 3.0387, 1.796 0.0215 3.0387, 1.8215 -0.0133 3.0387, 1.843 -0.0507 3.0387, 1.8602 -0.0902 3.0387, 1.1396 -0.0946 3.0462, 1.1563 -0.0563 3.0462, 1.1771 -0.0201 3.0462, 1.2018 0.0135 3.0462, 1.23 0.0443 3.0462, 1.2614 0.0717 3.0462, 1.2957 0.0956 3.0462, 1.3324 0.1155 3.0462, 1.3711 0.1312 3.0462, 1.6171 0.1312 3.0462, 1.6557 0.1155 3.0462, 1.6924 0.0956 3.0462, 1.7267 0.0717 3.0462, 1.7581 0.0443 3.0462, 1.7864 0.0135 3.0462, 1.811 -0.0201 3.0462, 1.8318 -0.0563 3.0462, 1.8485 -0.0946 3.0462, 1.9006 -0.3012 2.815, 1.9024 -0.2911 2.815, 1.6887 -0.3012 2.815, 1.9075 -0.2264 2.815, 1.6887 -0.1516 2.815, 1.9024 -0.1617 2.815, 1.9006 -0.1516 2.815, 1.0875 -0.1516 2.815, 1.0858 -0.1617 2.815, 1.2995 -0.1516 2.815, 1.0807 -0.2264 2.815, 1.2995 -0.3012 2.815, 1.0858 -0.2911 2.815, 1.0875 -0.3012 2.815, 1.4193 -0.3209 2.6772, 1.5689 -0.3209 2.6772, 1.3996 -0.3012 2.6772, 1.5886 -0.3012 2.6772, 1.3996 -0.1516 2.6772, 1.5886 -0.1516 2.6772, 1.4193 -0.1319 2.6772, 1.5689 -0.1319 2.6772, 1.3996 -0.3012 3.0512, 1.4193 -0.3209 3.0512, 1.4193 -0.5818 3.0505, 1.5689 -0.5818 3.0505, 1.5689 -0.3209 3.0512, 1.5886 -0.3012 3.0512, 1.5886 -0.1516 3.0512, 1.5689 -0.1319 3.0512, 1.5689 0.129 3.0505, 1.4193 0.129 3.0505, 1.4193 -0.1319 3.0512, 1.3996 -0.1516 3.0512, 1.7584 -0.358 2.6772, 1.7297 -0.4043 2.6772, 1.693 -0.4446 2.6772, 1.7781 -0.3072 2.6772, 1.2001 -0.2536 2.6772, 1.2001 -0.1991 2.6772, 1.2101 -0.1456 2.6772, 1.7881 -0.1991 2.6772, 1.7881 -0.2536 2.6772, 1.7584 -0.0948 2.6772, 1.7781 -0.1456 2.6772, 1.2298 -0.0948 2.6772, 1.2584 -0.0484 2.6772, 1.2951 -0.0082 2.6772, 1.3386 -0.4774 2.6772, 1.2951 -0.4446 2.6772, 1.2584 -0.4043 2.6772, 1.4941 -0.5217 2.6772, 1.4398 -0.5166 2.6772, 1.3874 -0.5017 2.6772, 1.6495 -0.4774 2.6772, 1.6007 -0.5017 2.6772, 1.5483 -0.5166 2.6772, 1.7297 -0.0484 2.6772, 1.3386 0.0247 2.6772, 1.2298 -0.358 2.6772, 1.2101 -0.3072 2.6772, 1.6495 0.0247 2.6772, 1.693 -0.0082 2.6772, 1.4941 0.0689 2.6772, 1.5483 0.0639 2.6772, 1.6007 0.049 2.6772, 1.4398 0.0639 2.6772, 1.3874 0.049 2.6772, 1.4941 -0.0098 1.2992, 1.5339 -0.0135 1.2992, 1.4941 -0.2264 1.2992, 1.3801 -0.0423 1.2992, 1.4158 -0.0245 1.2992, 1.4543 -0.0135 1.2992, 1.3002 -0.1299 1.2992, 1.3213 -0.0959 1.2992, 1.3482 -0.0664 1.2992, 1.2785 -0.2464 1.2992, 1.2785 -0.2064 1.2992, 1.2858 -0.1671 1.2992, 1.3213 -0.3569 1.2992, 1.3002 -0.3229 1.2992, 1.2858 -0.2856 1.2992, 1.4158 -0.4283 1.2992, 1.3801 -0.4105 1.2992, 1.3482 -0.3864 1.2992, 1.5339 -0.4392 1.2992, 1.4941 -0.4429 1.2992, 1.4543 -0.4392 1.2992, 1.6399 -0.3864 1.2992, 1.6081 -0.4105 1.2992, 1.5723 -0.4283 1.2992, 1.7023 -0.2856 1.2992, 1.6879 -0.3229 1.2992, 1.6669 -0.3569 1.2992, 1.7023 -0.1671 1.2992, 1.7097 -0.2064 1.2992, 1.7097 -0.2464 1.2992, 1.6399 -0.0664 1.2992, 1.6669 -0.0959 1.2992, 1.6879 -0.1299 1.2992, 1.5723 -0.0245 1.2992, 1.6081 -0.0423 1.2992
            ]
        }
        coordIndex [
            0,1,2,-1,3,4,5,-1,6,7,8,-1,8,7,9,-1,8,9,10,-1,10,9,11,-1,12,13,11,-1,11,13,14,-1,11,14,10,-1,15,16,12,-1,12,16,17,-1,12,17,13,-1,18,19,3,-1,3,5,18,-1,18,5,20,-1,18,20,21,-1,21,20,22,-1,21,22,23,-1,23,22,24,-1,23,24,25,-1,25,24,26,-1,25,26,27,-1,27,26,28,-1,27,28,29,-1,29,28,30,-1,29,30,31,-1,31,30,32,-1,31,32,33,-1,33,32,34,-1,33,34,35,-1,35,34,36,-1,35,36,37,-1,37,36,2,-1,37,2,38,-1,38,2,1,-1,38,1,39,-1,40,41,42,-1,42,41,43,-1,42,43,0,-1,44,45,46,-1,46,45,40,-1,47,48,49,-1,49,48,44,-1,50,51,52,-1,52,51,47,-1,53,54,55,-1,55,54,50,-1,56,53,57,-1,57,53,55,-1,57,55,58,-1,58,55,59,-1,58,59,60,-1,60,59,61,-1,60,61,62,-1,62,61,63,-1,63,61,64,-1,63,64,65,-1,66,67,68,-1,68,67,69,-1,68,69,70,-1,70,69,71,-1,70,71,72,-1,72,71,73,-1,72,73,64,-1,64,73,74,-1,64,74,65,-1,66,68,75,-1,75,68,76,-1,75,76,77,-1,77,76,78,-1,77,78,79,-1,79,78,80,-1,79,80,81,-1,82,83,84,-1,84,83,85,-1,84,85,86,-1,86,85,87,-1,86,87,88,-1,88,87,89,-1,88,89,90,-1,90,89,91,-1,90,91,80,-1,80,91,92,-1,80,92,81,-1,82,84,93,-1,93,84,94,-1,93,94,95,-1,95,94,96,-1,95,96,97,-1,97,96,98,-1,97,98,99,-1,100,101,102,-1,102,101,103,-1,102,103,104,-1,104,103,105,-1,104,105,98,-1,98,105,106,-1,98,106,99,-1,107,108,100,-1,100,108,109,-1,100,109,101,-1,110,111,107,-1,107,111,112,-1,107,112,108,-1,113,114,115,-1,115,114,116,-1,115,116,110,-1,110,116,117,-1,110,117,111,-1,118,119,113,-1,113,119,120,-1,113,120,114,-1,113,121,118,-1,118,121,122,-1,118,122,123,-1,124,125,126,-1,126,125,127,-1,128,129,130,-1,131,132,133,-1,134,135,136,-1,137,138,139,-1,139,138,140,-1,141,142,137,-1,6,143,144,-1,144,143,145,-1,137,139,141,-1,141,139,146,-1,141,146,147,-1,147,146,148,-1,147,148,149,-1,149,148,150,-1,149,150,151,-1,151,150,152,-1,151,152,153,-1,153,152,154,-1,153,154,155,-1,155,154,156,-1,155,156,157,-1,157,156,158,-1,157,158,159,-1,159,158,160,-1,159,160,161,-1,161,160,162,-1,161,162,163,-1,163,162,144,-1,163,144,164,-1,164,144,145,-1,164,145,165,-1,50,52,55,-1,55,52,166,-1,55,166,59,-1,59,166,167,-1,59,167,61,-1,61,167,168,-1,61,168,64,-1,64,168,169,-1,64,169,72,-1,72,169,170,-1,72,170,70,-1,70,170,171,-1,70,171,68,-1,68,171,172,-1,68,172,76,-1,76,172,173,-1,76,173,78,-1,78,173,174,-1,78,174,80,-1,80,174,175,-1,80,175,90,-1,90,175,176,-1,90,176,88,-1,88,176,177,-1,88,177,86,-1,86,177,178,-1,86,178,84,-1,84,178,179,-1,84,179,94,-1,94,179,180,-1,94,180,96,-1,96,180,181,-1,96,181,98,-1,98,181,182,-1,98,182,104,-1,104,182,183,-1,104,183,102,-1,102,183,184,-1,102,184,100,-1,100,184,185,-1,100,185,107,-1,107,185,186,-1,107,186,110,-1,110,186,187,-1,110,187,115,-1,115,187,188,-1,115,188,113,-1,113,188,126,-1,113,126,121,-1,121,126,127,-1,121,127,122,-1,47,49,52,-1,52,49,189,-1,52,189,166,-1,166,189,190,-1,166,190,167,-1,167,190,191,-1,167,191,168,-1,168,191,192,-1,168,192,169,-1,169,192,193,-1,169,193,170,-1,170,193,194,-1,170,194,171,-1,171,194,195,-1,171,195,172,-1,172,195,196,-1,172,196,173,-1,173,196,197,-1,173,197,174,-1,174,197,198,-1,174,198,175,-1,175,198,199,-1,175,199,176,-1,176,199,200,-1,176,200,177,-1,177,200,201,-1,177,201,178,-1,178,201,202,-1,178,202,179,-1,179,202,203,-1,179,203,180,-1,180,203,204,-1,180,204,181,-1,181,204,205,-1,181,205,182,-1,182,205,206,-1,182,206,183,-1,183,206,207,-1,183,207,184,-1,184,207,208,-1,184,208,185,-1,185,208,209,-1,185,209,186,-1,186,209,210,-1,186,210,187,-1,187,210,211,-1,187,211,188,-1,188,211,128,-1,188,128,126,-1,126,128,130,-1,126,130,124,-1,44,46,49,-1,49,46,212,-1,49,212,189,-1,189,212,213,-1,189,213,190,-1,190,213,214,-1,190,214,191,-1,191,214,215,-1,191,215,192,-1,192,215,216,-1,192,216,193,-1,193,216,217,-1,193,217,194,-1,194,217,218,-1,194,218,195,-1,195,218,219,-1,195,219,196,-1,196,219,220,-1,196,220,197,-1,197,220,221,-1,197,221,198,-1,198,221,222,-1,198,222,199,-1,199,222,223,-1,199,223,200,-1,200,223,224,-1,200,224,201,-1,201,224,225,-1,201,225,202,-1,202,225,226,-1,202,226,203,-1,203,226,227,-1,203,227,204,-1,204,227,228,-1,204,228,205,-1,205,228,229,-1,205,229,206,-1,206,229,230,-1,206,230,207,-1,207,230,231,-1,207,231,208,-1,208,231,232,-1,208,232,209,-1,209,232,233,-1,209,233,210,-1,210,233,234,-1,210,234,211,-1,211,234,131,-1,211,131,128,-1,128,131,133,-1,128,133,129,-1,40,42,46,-1,46,42,235,-1,46,235,212,-1,212,235,236,-1,212,236,213,-1,213,236,237,-1,213,237,214,-1,214,237,238,-1,214,238,215,-1,215,238,239,-1,215,239,216,-1,216,239,240,-1,216,240,217,-1,217,240,241,-1,217,241,218,-1,218,241,242,-1,218,242,219,-1,219,242,243,-1,219,243,220,-1,220,243,15,-1,220,15,221,-1,221,15,12,-1,221,12,222,-1,222,12,11,-1,222,11,223,-1,223,11,9,-1,223,9,224,-1,224,9,7,-1,224,7,225,-1,225,7,244,-1,225,244,226,-1,226,244,245,-1,226,245,227,-1,227,245,246,-1,227,246,228,-1,228,246,247,-1,228,247,229,-1,229,247,248,-1,229,248,230,-1,230,248,249,-1,230,249,231,-1,231,249,250,-1,231,250,232,-1,232,250,251,-1,232,251,233,-1,233,251,252,-1,233,252,234,-1,234,252,134,-1,234,134,131,-1,131,134,136,-1,131,136,132,-1,6,144,7,-1,7,144,162,-1,7,162,244,-1,244,162,160,-1,244,160,245,-1,245,160,158,-1,245,158,246,-1,246,158,156,-1,246,156,247,-1,247,156,154,-1,247,154,248,-1,248,154,152,-1,248,152,249,-1,249,152,150,-1,249,150,250,-1,250,150,148,-1,250,148,251,-1,251,148,146,-1,251,146,252,-1,252,146,139,-1,252,139,134,-1,134,139,140,-1,134,140,135,-1,0,2,42,-1,42,2,36,-1,42,36,235,-1,235,36,34,-1,235,34,236,-1,236,34,32,-1,236,32,237,-1,237,32,30,-1,237,30,238,-1,238,30,28,-1,238,28,239,-1,239,28,26,-1,239,26,240,-1,240,26,24,-1,240,24,241,-1,241,24,22,-1,241,22,242,-1,242,22,20,-1,242,20,243,-1,243,20,5,-1,243,5,15,-1,15,5,4,-1,15,4,16,-1,253,254,255,-1,256,257,258,-1,259,260,261,-1,262,263,264,-1,265,266,267,-1,268,269,270,-1,271,272,273,-1,274,275,276,-1,277,278,279,-1,280,281,282,-1,283,284,285,-1,286,287,288,-1,289,290,291,-1,292,293,294,-1,295,296,297,-1,298,299,300,-1,301,302,303,-1,303,302,304,-1,303,304,305,-1,305,304,306,-1,305,306,307,-1,307,306,308,-1,307,308,309,-1,309,308,310,-1,309,310,311,-1,311,310,300,-1,312,313,314,-1,314,313,315,-1,314,315,316,-1,316,315,317,-1,316,317,318,-1,318,317,319,-1,318,319,320,-1,320,319,321,-1,320,321,322,-1,322,321,297,-1,323,324,325,-1,325,324,326,-1,325,326,327,-1,327,326,328,-1,327,328,329,-1,329,328,330,-1,329,330,331,-1,331,330,332,-1,331,332,333,-1,333,332,294,-1,334,335,336,-1,336,335,337,-1,336,337,338,-1,338,337,339,-1,338,339,340,-1,340,339,341,-1,340,341,342,-1,342,341,343,-1,342,343,344,-1,344,343,291,-1,345,346,347,-1,347,346,348,-1,347,348,349,-1,349,348,350,-1,349,350,351,-1,351,350,352,-1,351,352,353,-1,353,352,354,-1,353,354,355,-1,355,354,288,-1,356,357,358,-1,358,357,359,-1,358,359,360,-1,360,359,361,-1,360,361,362,-1,362,361,363,-1,362,363,364,-1,364,363,365,-1,364,365,366,-1,366,365,285,-1,367,368,369,-1,369,368,370,-1,369,370,371,-1,371,370,372,-1,371,372,373,-1,373,372,374,-1,373,374,375,-1,375,374,376,-1,375,376,377,-1,377,376,282,-1,378,379,380,-1,380,379,381,-1,380,381,382,-1,382,381,383,-1,382,383,384,-1,384,383,385,-1,384,385,386,-1,386,385,387,-1,386,387,388,-1,388,387,279,-1,389,390,391,-1,391,390,392,-1,391,392,393,-1,393,392,394,-1,393,394,395,-1,395,394,396,-1,395,396,397,-1,397,396,398,-1,397,398,399,-1,399,398,276,-1,400,401,402,-1,402,401,403,-1,402,403,404,-1,404,403,405,-1,404,405,406,-1,406,405,407,-1,406,407,408,-1,408,407,409,-1,408,409,410,-1,410,409,273,-1,411,412,413,-1,413,412,414,-1,413,414,415,-1,415,414,416,-1,415,416,417,-1,417,416,418,-1,417,418,419,-1,419,418,420,-1,419,420,421,-1,421,420,270,-1,422,423,424,-1,424,423,425,-1,424,425,426,-1,426,425,427,-1,426,427,428,-1,428,427,429,-1,428,429,430,-1,430,429,431,-1,430,431,432,-1,432,431,267,-1,433,434,435,-1,435,434,436,-1,435,436,437,-1,437,436,438,-1,437,438,439,-1,439,438,440,-1,439,440,441,-1,441,440,442,-1,441,442,443,-1,443,442,264,-1,444,445,446,-1,446,445,447,-1,446,447,448,-1,448,447,449,-1,448,449,450,-1,450,449,451,-1,450,451,452,-1,452,451,453,-1,452,453,454,-1,454,453,261,-1,455,456,457,-1,457,456,458,-1,457,458,459,-1,459,458,460,-1,459,460,461,-1,461,460,462,-1,461,462,463,-1,463,462,464,-1,463,464,465,-1,465,464,258,-1,466,467,468,-1,468,467,469,-1,468,469,470,-1,470,469,471,-1,470,471,472,-1,472,471,473,-1,472,473,474,-1,474,473,475,-1,474,475,476,-1,476,475,255,-1,477,301,478,-1,478,301,303,-1,478,303,479,-1,479,303,305,-1,479,305,480,-1,480,305,307,-1,480,307,481,-1,481,307,309,-1,481,309,482,-1,482,309,311,-1,482,311,483,-1,483,311,484,-1,300,299,311,-1,311,299,485,-1,311,485,484,-1,486,298,487,-1,487,298,300,-1,487,300,488,-1,488,300,310,-1,488,310,489,-1,489,310,308,-1,489,308,490,-1,490,308,306,-1,490,306,491,-1,491,306,304,-1,491,304,492,-1,492,304,302,-1,492,312,491,-1,491,312,314,-1,491,314,490,-1,490,314,316,-1,490,316,489,-1,489,316,318,-1,489,318,488,-1,488,318,320,-1,488,320,487,-1,487,320,322,-1,487,322,486,-1,486,322,493,-1,297,296,322,-1,322,296,494,-1,322,494,493,-1,495,295,496,-1,496,295,297,-1,496,297,497,-1,497,297,321,-1,497,321,498,-1,498,321,319,-1,498,319,499,-1,499,319,317,-1,499,317,500,-1,500,317,315,-1,500,315,501,-1,501,315,313,-1,501,502,500,-1,500,502,503,-1,500,503,499,-1,499,503,504,-1,499,504,498,-1,498,504,505,-1,498,505,497,-1,497,505,506,-1,497,506,496,-1,496,506,507,-1,496,507,495,-1,495,507,508,-1,502,323,503,-1,503,323,325,-1,503,325,504,-1,504,325,327,-1,504,327,505,-1,505,327,329,-1,505,329,506,-1,506,329,331,-1,506,331,507,-1,507,331,333,-1,507,333,508,-1,508,333,509,-1,294,293,333,-1,333,293,510,-1,333,510,509,-1,511,292,512,-1,512,292,294,-1,512,294,513,-1,513,294,332,-1,513,332,514,-1,514,332,330,-1,514,330,515,-1,515,330,328,-1,515,328,516,-1,516,328,326,-1,516,326,517,-1,517,326,324,-1,517,334,516,-1,516,334,336,-1,516,336,515,-1,515,336,338,-1,515,338,514,-1,514,338,340,-1,514,340,513,-1,513,340,342,-1,513,342,512,-1,512,342,344,-1,512,344,511,-1,511,344,518,-1,291,290,344,-1,344,290,519,-1,344,519,518,-1,520,289,521,-1,521,289,291,-1,521,291,522,-1,522,291,343,-1,522,343,523,-1,523,343,341,-1,523,341,524,-1,524,341,339,-1,524,339,525,-1,525,339,337,-1,525,337,526,-1,526,337,335,-1,526,527,525,-1,525,527,528,-1,525,528,524,-1,524,528,529,-1,524,529,523,-1,523,529,530,-1,523,530,522,-1,522,530,531,-1,522,531,521,-1,521,531,532,-1,521,532,520,-1,520,532,533,-1,527,345,528,-1,528,345,347,-1,528,347,529,-1,529,347,349,-1,529,349,530,-1,530,349,351,-1,530,351,531,-1,531,351,353,-1,531,353,532,-1,532,353,355,-1,532,355,533,-1,533,355,534,-1,288,287,355,-1,355,287,535,-1,355,535,534,-1,536,286,537,-1,537,286,288,-1,537,288,538,-1,538,288,354,-1,538,354,539,-1,539,354,352,-1,539,352,540,-1,540,352,350,-1,540,350,541,-1,541,350,348,-1,541,348,542,-1,542,348,346,-1,542,356,541,-1,541,356,358,-1,541,358,540,-1,540,358,360,-1,540,360,539,-1,539,360,362,-1,539,362,538,-1,538,362,364,-1,538,364,537,-1,537,364,366,-1,537,366,536,-1,536,366,543,-1,285,284,366,-1,366,284,544,-1,366,544,543,-1,545,283,546,-1,546,283,285,-1,546,285,547,-1,547,285,365,-1,547,365,548,-1,548,365,363,-1,548,363,549,-1,549,363,361,-1,549,361,550,-1,550,361,359,-1,550,359,551,-1,551,359,357,-1,551,552,550,-1,550,552,553,-1,550,553,549,-1,549,553,554,-1,549,554,548,-1,548,554,555,-1,548,555,547,-1,547,555,556,-1,547,556,546,-1,546,556,557,-1,546,557,545,-1,545,557,558,-1,552,367,553,-1,553,367,369,-1,553,369,554,-1,554,369,371,-1,554,371,555,-1,555,371,373,-1,555,373,556,-1,556,373,375,-1,556,375,557,-1,557,375,377,-1,557,377,558,-1,558,377,559,-1,282,281,377,-1,377,281,560,-1,377,560,559,-1,561,280,562,-1,562,280,282,-1,562,282,563,-1,563,282,376,-1,563,376,564,-1,564,376,374,-1,564,374,565,-1,565,374,372,-1,565,372,566,-1,566,372,370,-1,566,370,567,-1,567,370,368,-1,567,378,566,-1,566,378,380,-1,566,380,565,-1,565,380,382,-1,565,382,564,-1,564,382,384,-1,564,384,563,-1,563,384,386,-1,563,386,562,-1,562,386,388,-1,562,388,561,-1,561,388,568,-1,279,278,388,-1,388,278,569,-1,388,569,568,-1,570,277,571,-1,571,277,279,-1,571,279,572,-1,572,279,387,-1,572,387,573,-1,573,387,385,-1,573,385,574,-1,574,385,383,-1,574,383,575,-1,575,383,381,-1,575,381,576,-1,576,381,379,-1,576,577,575,-1,575,577,578,-1,575,578,574,-1,574,578,579,-1,574,579,573,-1,573,579,580,-1,573,580,572,-1,572,580,581,-1,572,581,571,-1,571,581,582,-1,571,582,570,-1,570,582,583,-1,577,389,578,-1,578,389,391,-1,578,391,579,-1,579,391,393,-1,579,393,580,-1,580,393,395,-1,580,395,581,-1,581,395,397,-1,581,397,582,-1,582,397,399,-1,582,399,583,-1,583,399,584,-1,276,275,399,-1,399,275,585,-1,399,585,584,-1,586,274,587,-1,587,274,276,-1,587,276,588,-1,588,276,398,-1,588,398,589,-1,589,398,396,-1,589,396,590,-1,590,396,394,-1,590,394,591,-1,591,394,392,-1,591,392,592,-1,592,392,390,-1,592,400,591,-1,591,400,402,-1,591,402,590,-1,590,402,404,-1,590,404,589,-1,589,404,406,-1,589,406,588,-1,588,406,408,-1,588,408,587,-1,587,408,410,-1,587,410,586,-1,586,410,593,-1,273,272,410,-1,410,272,594,-1,410,594,593,-1,595,271,596,-1,596,271,273,-1,596,273,597,-1,597,273,409,-1,597,409,598,-1,598,409,407,-1,598,407,599,-1,599,407,405,-1,599,405,600,-1,600,405,403,-1,600,403,601,-1,601,403,401,-1,601,602,600,-1,600,602,603,-1,600,603,599,-1,599,603,604,-1,599,604,598,-1,598,604,605,-1,598,605,597,-1,597,605,606,-1,597,606,596,-1,596,606,607,-1,596,607,595,-1,595,607,608,-1,602,411,603,-1,603,411,413,-1,603,413,604,-1,604,413,415,-1,604,415,605,-1,605,415,417,-1,605,417,606,-1,606,417,419,-1,606,419,607,-1,607,419,421,-1,607,421,608,-1,608,421,609,-1,270,269,421,-1,421,269,610,-1,421,610,609,-1,611,268,612,-1,612,268,270,-1,612,270,613,-1,613,270,420,-1,613,420,614,-1,614,420,418,-1,614,418,615,-1,615,418,416,-1,615,416,616,-1,616,416,414,-1,616,414,617,-1,617,414,412,-1,617,422,616,-1,616,422,424,-1,616,424,615,-1,615,424,426,-1,615,426,614,-1,614,426,428,-1,614,428,613,-1,613,428,430,-1,613,430,612,-1,612,430,432,-1,612,432,611,-1,611,432,618,-1,267,266,432,-1,432,266,619,-1,432,619,618,-1,620,265,621,-1,621,265,267,-1,621,267,622,-1,622,267,431,-1,622,431,623,-1,623,431,429,-1,623,429,624,-1,624,429,427,-1,624,427,625,-1,625,427,425,-1,625,425,626,-1,626,425,423,-1,626,627,625,-1,625,627,628,-1,625,628,624,-1,624,628,629,-1,624,629,623,-1,623,629,630,-1,623,630,622,-1,622,630,631,-1,622,631,621,-1,621,631,632,-1,621,632,620,-1,620,632,633,-1,627,433,628,-1,628,433,435,-1,628,435,629,-1,629,435,437,-1,629,437,630,-1,630,437,439,-1,630,439,631,-1,631,439,441,-1,631,441,632,-1,632,441,443,-1,632,443,633,-1,633,443,634,-1,264,263,443,-1,443,263,635,-1,443,635,634,-1,636,262,637,-1,637,262,264,-1,637,264,638,-1,638,264,442,-1,638,442,639,-1,639,442,440,-1,639,440,640,-1,640,440,438,-1,640,438,641,-1,641,438,436,-1,641,436,642,-1,642,436,434,-1,642,444,641,-1,641,444,446,-1,641,446,640,-1,640,446,448,-1,640,448,639,-1,639,448,450,-1,639,450,638,-1,638,450,452,-1,638,452,637,-1,637,452,454,-1,637,454,636,-1,636,454,643,-1,261,260,454,-1,454,260,644,-1,454,644,643,-1,645,259,646,-1,646,259,261,-1,646,261,647,-1,647,261,453,-1,647,453,648,-1,648,453,451,-1,648,451,649,-1,649,451,449,-1,649,449,650,-1,650,449,447,-1,650,447,651,-1,651,447,445,-1,651,652,650,-1,650,652,653,-1,650,653,649,-1,649,653,654,-1,649,654,648,-1,648,654,655,-1,648,655,647,-1,647,655,656,-1,647,656,646,-1,646,656,657,-1,646,657,645,-1,645,657,658,-1,652,455,653,-1,653,455,457,-1,653,457,654,-1,654,457,459,-1,654,459,655,-1,655,459,461,-1,655,461,656,-1,656,461,463,-1,656,463,657,-1,657,463,465,-1,657,465,658,-1,658,465,659,-1,258,257,465,-1,465,257,660,-1,465,660,659,-1,661,256,662,-1,662,256,258,-1,662,258,663,-1,663,258,464,-1,663,464,664,-1,664,464,462,-1,664,462,665,-1,665,462,460,-1,665,460,666,-1,666,460,458,-1,666,458,667,-1,667,458,456,-1,667,466,666,-1,666,466,468,-1,666,468,665,-1,665,468,470,-1,665,470,664,-1,664,470,472,-1,664,472,663,-1,663,472,474,-1,663,474,662,-1,662,474,476,-1,662,476,661,-1,661,476,668,-1,255,254,476,-1,476,254,669,-1,476,669,668,-1,670,253,671,-1,671,253,255,-1,671,255,672,-1,672,255,475,-1,672,475,673,-1,673,475,473,-1,673,473,674,-1,674,473,471,-1,674,471,675,-1,675,471,469,-1,675,469,676,-1,676,469,467,-1,676,477,675,-1,675,477,478,-1,675,478,674,-1,674,478,479,-1,674,479,673,-1,673,479,480,-1,673,480,672,-1,672,480,481,-1,672,481,671,-1,671,481,482,-1,671,482,670,-1,670,482,483,-1,677,678,679,-1,680,681,682,-1,683,684,685,-1,685,684,686,-1,685,686,687,-1,687,686,688,-1,689,690,688,-1,688,690,691,-1,688,691,687,-1,692,693,689,-1,689,693,694,-1,689,694,690,-1,695,696,680,-1,680,682,695,-1,695,682,697,-1,695,697,698,-1,698,697,699,-1,698,699,700,-1,700,699,701,-1,700,701,702,-1,702,701,703,-1,702,703,704,-1,704,703,705,-1,704,705,706,-1,706,705,707,-1,706,707,708,-1,708,707,709,-1,708,709,710,-1,710,709,711,-1,710,711,712,-1,712,711,713,-1,712,713,714,-1,714,713,679,-1,714,679,715,-1,715,679,678,-1,715,678,716,-1,717,718,719,-1,719,718,720,-1,719,720,677,-1,721,722,723,-1,723,722,717,-1,724,725,726,-1,726,725,721,-1,727,728,729,-1,729,728,724,-1,730,731,732,-1,732,731,727,-1,733,730,734,-1,734,730,732,-1,734,732,735,-1,735,732,736,-1,735,736,737,-1,737,736,738,-1,737,738,739,-1,739,738,740,-1,740,738,741,-1,740,741,742,-1,743,744,745,-1,745,744,746,-1,745,746,747,-1,747,746,748,-1,747,748,749,-1,749,748,750,-1,749,750,741,-1,741,750,751,-1,741,751,742,-1,743,745,752,-1,752,745,753,-1,752,753,754,-1,754,753,755,-1,754,755,756,-1,756,755,757,-1,756,757,758,-1,759,760,761,-1,761,760,762,-1,761,762,763,-1,763,762,764,-1,763,764,765,-1,765,764,766,-1,765,766,767,-1,767,766,768,-1,767,768,757,-1,757,768,769,-1,757,769,758,-1,759,761,770,-1,770,761,771,-1,770,771,772,-1,772,771,773,-1,772,773,774,-1,774,773,775,-1,774,775,776,-1,777,778,779,-1,779,778,780,-1,779,780,781,-1,781,780,782,-1,781,782,775,-1,775,782,783,-1,775,783,776,-1,784,785,777,-1,777,785,786,-1,777,786,778,-1,787,788,784,-1,784,788,789,-1,784,789,785,-1,790,791,792,-1,792,791,793,-1,792,793,787,-1,787,793,794,-1,787,794,788,-1,795,796,790,-1,790,796,797,-1,790,797,791,-1,790,798,795,-1,795,798,799,-1,795,799,800,-1,801,802,803,-1,803,802,804,-1,805,806,807,-1,808,809,810,-1,811,812,813,-1,814,815,816,-1,816,815,817,-1,818,819,814,-1,683,820,821,-1,821,820,822,-1,814,816,818,-1,818,816,823,-1,818,823,824,-1,824,823,825,-1,824,825,826,-1,826,825,827,-1,826,827,828,-1,828,827,829,-1,828,829,830,-1,830,829,831,-1,830,831,832,-1,832,831,833,-1,832,833,834,-1,834,833,835,-1,834,835,836,-1,836,835,837,-1,836,837,838,-1,838,837,839,-1,838,839,840,-1,840,839,821,-1,840,821,841,-1,841,821,822,-1,841,822,842,-1,727,729,732,-1,732,729,843,-1,732,843,736,-1,736,843,844,-1,736,844,738,-1,738,844,845,-1,738,845,741,-1,741,845,846,-1,741,846,749,-1,749,846,847,-1,749,847,747,-1,747,847,848,-1,747,848,745,-1,745,848,849,-1,745,849,753,-1,753,849,850,-1,753,850,755,-1,755,850,851,-1,755,851,757,-1,757,851,852,-1,757,852,767,-1,767,852,853,-1,767,853,765,-1,765,853,854,-1,765,854,763,-1,763,854,855,-1,763,855,761,-1,761,855,856,-1,761,856,771,-1,771,856,857,-1,771,857,773,-1,773,857,858,-1,773,858,775,-1,775,858,859,-1,775,859,781,-1,781,859,860,-1,781,860,779,-1,779,860,861,-1,779,861,777,-1,777,861,862,-1,777,862,784,-1,784,862,863,-1,784,863,787,-1,787,863,864,-1,787,864,792,-1,792,864,865,-1,792,865,790,-1,790,865,803,-1,790,803,798,-1,798,803,804,-1,798,804,799,-1,724,726,729,-1,729,726,866,-1,729,866,843,-1,843,866,867,-1,843,867,844,-1,844,867,868,-1,844,868,845,-1,845,868,869,-1,845,869,846,-1,846,869,870,-1,846,870,847,-1,847,870,871,-1,847,871,848,-1,848,871,872,-1,848,872,849,-1,849,872,873,-1,849,873,850,-1,850,873,874,-1,850,874,851,-1,851,874,875,-1,851,875,852,-1,852,875,876,-1,852,876,853,-1,853,876,877,-1,853,877,854,-1,854,877,878,-1,854,878,855,-1,855,878,879,-1,855,879,856,-1,856,879,880,-1,856,880,857,-1,857,880,881,-1,857,881,858,-1,858,881,882,-1,858,882,859,-1,859,882,883,-1,859,883,860,-1,860,883,884,-1,860,884,861,-1,861,884,885,-1,861,885,862,-1,862,885,886,-1,862,886,863,-1,863,886,887,-1,863,887,864,-1,864,887,888,-1,864,888,865,-1,865,888,805,-1,865,805,803,-1,803,805,807,-1,803,807,801,-1,721,723,726,-1,726,723,889,-1,726,889,866,-1,866,889,890,-1,866,890,867,-1,867,890,891,-1,867,891,868,-1,868,891,892,-1,868,892,869,-1,869,892,893,-1,869,893,870,-1,870,893,894,-1,870,894,871,-1,871,894,895,-1,871,895,872,-1,872,895,896,-1,872,896,873,-1,873,896,897,-1,873,897,874,-1,874,897,898,-1,874,898,875,-1,875,898,899,-1,875,899,876,-1,876,899,900,-1,876,900,877,-1,877,900,901,-1,877,901,878,-1,878,901,902,-1,878,902,879,-1,879,902,903,-1,879,903,880,-1,880,903,904,-1,880,904,881,-1,881,904,905,-1,881,905,882,-1,882,905,906,-1,882,906,883,-1,883,906,907,-1,883,907,884,-1,884,907,908,-1,884,908,885,-1,885,908,909,-1,885,909,886,-1,886,909,910,-1,886,910,887,-1,887,910,911,-1,887,911,888,-1,888,911,808,-1,888,808,805,-1,805,808,810,-1,805,810,806,-1,717,719,723,-1,723,719,912,-1,723,912,889,-1,889,912,913,-1,889,913,890,-1,890,913,914,-1,890,914,891,-1,891,914,915,-1,891,915,892,-1,892,915,916,-1,892,916,893,-1,893,916,917,-1,893,917,894,-1,894,917,918,-1,894,918,895,-1,895,918,919,-1,895,919,896,-1,896,919,920,-1,896,920,897,-1,897,920,692,-1,897,692,898,-1,898,692,689,-1,898,689,899,-1,899,689,688,-1,899,688,900,-1,900,688,686,-1,900,686,901,-1,901,686,684,-1,901,684,902,-1,902,684,921,-1,902,921,903,-1,903,921,922,-1,903,922,904,-1,904,922,923,-1,904,923,905,-1,905,923,924,-1,905,924,906,-1,906,924,925,-1,906,925,907,-1,907,925,926,-1,907,926,908,-1,908,926,927,-1,908,927,909,-1,909,927,928,-1,909,928,910,-1,910,928,929,-1,910,929,911,-1,911,929,811,-1,911,811,808,-1,808,811,813,-1,808,813,809,-1,683,821,684,-1,684,821,839,-1,684,839,921,-1,921,839,837,-1,921,837,922,-1,922,837,835,-1,922,835,923,-1,923,835,833,-1,923,833,924,-1,924,833,831,-1,924,831,925,-1,925,831,829,-1,925,829,926,-1,926,829,827,-1,926,827,927,-1,927,827,825,-1,927,825,928,-1,928,825,823,-1,928,823,929,-1,929,823,816,-1,929,816,811,-1,811,816,817,-1,811,817,812,-1,677,679,719,-1,719,679,713,-1,719,713,912,-1,912,713,711,-1,912,711,913,-1,913,711,709,-1,913,709,914,-1,914,709,707,-1,914,707,915,-1,915,707,705,-1,915,705,916,-1,916,705,703,-1,916,703,917,-1,917,703,701,-1,917,701,918,-1,918,701,699,-1,918,699,919,-1,919,699,697,-1,919,697,920,-1,920,697,682,-1,920,682,692,-1,692,682,681,-1,692,681,693,-1,930,931,932,-1,932,931,933,-1,932,933,934,-1,934,933,935,-1,934,935,936,-1,937,938,939,-1,939,938,940,-1,939,940,941,-1,941,940,942,-1,941,942,943,-1,944,945,946,-1,946,945,947,-1,946,947,948,-1,948,947,949,-1,948,949,950,-1,950,949,951,-1,137,142,941,-1,941,142,952,-1,941,952,946,-1,122,941,123,-1,123,941,943,-1,122,127,941,-1,941,127,125,-1,941,125,124,-1,124,130,941,-1,941,130,129,-1,941,129,133,-1,133,132,941,-1,941,132,136,-1,941,136,135,-1,135,140,941,-1,941,140,138,-1,941,138,137,-1,944,953,165,-1,165,954,944,-1,944,954,143,-1,944,143,6,-1,6,8,944,-1,944,8,10,-1,10,14,944,-1,944,14,13,-1,944,13,945,-1,945,13,17,-1,945,17,16,-1,945,16,4,-1,4,955,945,-1,945,955,19,-1,945,19,956,-1,932,947,957,-1,930,932,56,-1,56,932,957,-1,56,957,53,-1,53,957,54,-1,44,48,1,-1,1,48,47,-1,1,47,51,-1,957,39,54,-1,54,39,1,-1,54,1,50,-1,50,1,51,-1,41,1,43,-1,43,1,0,-1,41,40,1,-1,1,40,45,-1,1,45,44,-1,814,819,934,-1,934,819,958,-1,934,958,949,-1,801,807,934,-1,934,807,806,-1,934,806,810,-1,799,934,800,-1,800,934,936,-1,810,809,934,-1,934,809,813,-1,934,813,812,-1,812,817,934,-1,934,817,815,-1,934,815,814,-1,799,804,934,-1,934,804,802,-1,934,802,801,-1,951,959,842,-1,842,960,951,-1,951,960,820,-1,951,820,683,-1,683,685,951,-1,951,685,687,-1,687,691,951,-1,951,691,690,-1,951,690,950,-1,950,690,694,-1,950,694,693,-1,950,693,681,-1,681,961,950,-1,950,961,696,-1,950,696,962,-1,939,948,963,-1,728,727,731,-1,731,963,716,-1,937,939,733,-1,733,939,963,-1,733,963,730,-1,730,963,731,-1,716,678,731,-1,731,678,677,-1,731,677,720,-1,720,718,731,-1,731,718,717,-1,731,717,722,-1,722,721,731,-1,731,721,725,-1,731,725,728,-1,728,725,724,-1,964,412,965,-1,965,412,411,-1,965,411,966,-1,967,422,964,-1,964,422,617,-1,964,617,412,-1,968,527,969,-1,969,527,526,-1,969,526,970,-1,971,627,972,-1,972,627,626,-1,972,626,967,-1,967,626,423,-1,967,423,422,-1,973,642,974,-1,974,642,434,-1,974,434,971,-1,971,434,433,-1,971,433,627,-1,975,324,976,-1,976,324,323,-1,976,323,977,-1,978,367,979,-1,979,367,552,-1,979,552,980,-1,981,576,982,-1,982,576,379,-1,982,379,983,-1,984,400,985,-1,985,400,592,-1,985,592,986,-1,411,602,966,-1,966,602,601,-1,966,601,984,-1,984,601,401,-1,984,401,400,-1,987,445,973,-1,973,445,444,-1,973,444,642,-1,323,502,977,-1,977,502,501,-1,977,501,988,-1,989,542,990,-1,990,542,346,-1,990,346,968,-1,968,346,345,-1,968,345,527,-1,592,390,986,-1,986,390,389,-1,986,389,981,-1,981,389,577,-1,981,577,576,-1,991,455,992,-1,992,455,652,-1,992,652,987,-1,987,652,651,-1,987,651,445,-1,993,676,994,-1,994,676,467,-1,994,467,995,-1,526,335,970,-1,970,335,334,-1,970,334,975,-1,975,334,517,-1,975,517,324,-1,552,551,980,-1,980,551,357,-1,980,357,989,-1,989,357,356,-1,989,356,542,-1,379,378,983,-1,983,378,567,-1,983,567,978,-1,978,567,368,-1,978,368,367,-1,467,466,995,-1,995,466,667,-1,995,667,991,-1,991,667,456,-1,991,456,455,-1,996,301,993,-1,993,301,477,-1,993,477,676,-1,501,313,988,-1,988,313,312,-1,988,312,997,-1,997,312,492,-1,997,492,996,-1,996,492,302,-1,996,302,301,-1,56,619,930,-1,930,619,266,-1,930,266,931,-1,266,265,931,-1,931,265,620,-1,931,620,933,-1,620,633,933,-1,933,633,634,-1,933,634,935,-1,795,800,936,-1,796,795,262,-1,262,795,936,-1,262,936,263,-1,263,936,935,-1,263,935,635,-1,635,935,634,-1,733,519,937,-1,937,519,290,-1,937,290,938,-1,290,289,938,-1,938,289,520,-1,938,520,940,-1,520,533,940,-1,940,533,534,-1,940,534,942,-1,118,123,943,-1,119,118,286,-1,286,118,943,-1,286,943,287,-1,287,943,942,-1,287,942,535,-1,535,942,534,-1,733,734,519,-1,519,734,735,-1,519,735,518,-1,518,735,737,-1,518,737,511,-1,511,737,739,-1,511,739,292,-1,292,739,740,-1,292,740,293,-1,293,740,742,-1,293,742,510,-1,510,742,751,-1,510,751,509,-1,509,751,750,-1,509,750,508,-1,544,114,543,-1,543,114,120,-1,119,286,120,-1,120,286,536,-1,120,536,543,-1,559,109,558,-1,558,109,108,-1,558,108,545,-1,545,108,112,-1,545,112,283,-1,283,112,111,-1,283,111,284,-1,284,111,117,-1,284,117,544,-1,544,117,116,-1,544,116,114,-1,608,69,595,-1,595,69,67,-1,595,67,271,-1,271,67,66,-1,271,66,272,-1,272,66,75,-1,272,75,594,-1,594,75,77,-1,594,77,593,-1,593,77,79,-1,593,79,586,-1,586,79,81,-1,586,81,274,-1,274,81,92,-1,274,92,275,-1,275,92,91,-1,275,91,585,-1,585,91,89,-1,585,89,584,-1,584,89,87,-1,584,87,583,-1,583,87,85,-1,583,85,570,-1,570,85,83,-1,570,83,277,-1,277,83,82,-1,277,82,278,-1,278,82,93,-1,278,93,569,-1,569,93,95,-1,569,95,568,-1,568,95,97,-1,568,97,561,-1,561,97,99,-1,561,99,280,-1,280,99,106,-1,280,106,281,-1,281,106,105,-1,281,105,560,-1,560,105,103,-1,560,103,559,-1,559,103,101,-1,559,101,109,-1,56,57,619,-1,619,57,58,-1,619,58,618,-1,618,58,60,-1,618,60,611,-1,611,60,62,-1,611,62,268,-1,268,62,63,-1,268,63,269,-1,269,63,65,-1,269,65,610,-1,610,65,74,-1,610,74,609,-1,609,74,73,-1,609,73,608,-1,608,73,71,-1,608,71,69,-1,644,791,643,-1,643,791,797,-1,796,262,797,-1,797,262,636,-1,797,636,643,-1,659,786,658,-1,658,786,785,-1,658,785,645,-1,645,785,789,-1,645,789,259,-1,259,789,788,-1,259,788,260,-1,260,788,794,-1,260,794,644,-1,644,794,793,-1,644,793,791,-1,750,748,508,-1,508,748,746,-1,508,746,495,-1,495,746,744,-1,495,744,295,-1,295,744,743,-1,295,743,296,-1,296,743,752,-1,296,752,494,-1,494,752,754,-1,494,754,493,-1,493,754,756,-1,493,756,486,-1,486,756,758,-1,486,758,298,-1,298,758,769,-1,298,769,299,-1,299,769,768,-1,299,768,485,-1,485,768,766,-1,485,766,484,-1,484,766,764,-1,484,764,483,-1,483,764,762,-1,483,762,670,-1,670,762,760,-1,670,760,253,-1,253,760,759,-1,253,759,254,-1,254,759,770,-1,254,770,669,-1,669,770,772,-1,669,772,668,-1,668,772,774,-1,668,774,661,-1,661,774,776,-1,661,776,256,-1,256,776,783,-1,256,783,257,-1,257,783,782,-1,257,782,660,-1,660,782,780,-1,660,780,659,-1,659,780,778,-1,659,778,786,-1,998,999,1000,-1,1001,1002,1000,-1,1000,1002,1003,-1,1000,1003,998,-1,1004,1005,1000,-1,1000,1005,1006,-1,1000,1006,1001,-1,1007,1008,1000,-1,1000,1008,1009,-1,1000,1009,1004,-1,1010,1011,1000,-1,1000,1011,1012,-1,1000,1012,1007,-1,1013,1014,1000,-1,1000,1014,1015,-1,1000,1015,1010,-1,1016,1017,1000,-1,1000,1017,1018,-1,1000,1018,1013,-1,1019,1020,1000,-1,1000,1020,1021,-1,1000,1021,1016,-1,1022,1023,1000,-1,1000,1023,1024,-1,1000,1024,1019,-1,1025,1026,1000,-1,1000,1026,1027,-1,1000,1027,1022,-1,1028,1029,1000,-1,1000,1029,1030,-1,1000,1030,1025,-1,999,1031,1000,-1,1000,1031,1032,-1,1000,1032,1028,-1,
        ]
    }
}
Shape{
    appearance Appearance {
        material  Material 	{
            diffuseColor 0.6392156862745098 0.6666666666666666 0.6862745098039216
            specularColor 0.6392156862745098 0.6666666666666666 0.6862745098039216
            ambientIntensity 0.6607
            transparency 0.0
            shininess 0.5
        }
    }
    geometry IndexedFaceSet {
        ccw TRUE
        solid FALSE
        coord DEF co Coordinate {
            point [
                1.4941 0.0689 1.5354, 1.5483 0.0639 2.6772, 1.5483 0.0639 1.5354, 1.6007 0.049 2.6772, 1.6007 0.049 1.5354, 1.6495 0.0247 2.6772, 1.6495 0.0247 1.5354, 1.693 -0.0082 2.6772, 1.693 -0.0082 1.5354, 1.7297 -0.0484 2.6772, 1.7297 -0.0484 1.5354, 1.7584 -0.0948 2.6772, 1.7584 -0.0948 1.5354, 1.7781 -0.1456 2.6772, 1.7781 -0.1456 1.5354, 1.7881 -0.1991 2.6772, 1.7881 -0.1991 1.5354, 1.7881 -0.2536 2.6772, 1.7881 -0.2536 1.5354, 1.7781 -0.3072 2.6772, 1.7781 -0.3072 1.5354, 1.7584 -0.358 2.6772, 1.7584 -0.358 1.5354, 1.7297 -0.4043 2.6772, 1.7297 -0.4043 1.5354, 1.693 -0.4446 2.6772, 1.693 -0.4446 1.5354, 1.6495 -0.4774 2.6772, 1.6495 -0.4774 1.5354, 1.6007 -0.5017 2.6772, 1.6007 -0.5017 1.5354, 1.5483 -0.5166 2.6772, 1.5483 -0.5166 1.5354, 1.4941 -0.5217 2.6772, 1.4941 -0.5217 1.5354, 1.4398 -0.5166 2.6772, 1.4398 -0.5166 1.5354, 1.3874 -0.5017 2.6772, 1.3874 -0.5017 1.5354, 1.3386 -0.4774 2.6772, 1.3386 -0.4774 1.5354, 1.2951 -0.4446 2.6772, 1.2951 -0.4446 1.5354, 1.2584 -0.4043 2.6772, 1.2584 -0.4043 1.5354, 1.2298 -0.358 2.6772, 1.2298 -0.358 1.5354, 1.2101 -0.3072 2.6772, 1.2101 -0.3072 1.5354, 1.2001 -0.2536 2.6772, 1.2001 -0.2536 1.5354, 1.2001 -0.1991 2.6772, 1.2001 -0.1991 1.5354, 1.2101 -0.1456 2.6772, 1.2101 -0.1456 1.5354, 1.2298 -0.0948 2.6772, 1.2298 -0.0948 1.5354, 1.2584 -0.0484 2.6772, 1.2584 -0.0484 1.5354, 1.2951 -0.0082 2.6772, 1.2951 -0.0082 1.5354, 1.3386 0.0247 2.6772, 1.3386 0.0247 1.5354, 1.3874 0.049 2.6772, 1.3874 0.049 1.5354, 1.4398 0.0639 2.6772, 1.4398 0.0639 1.5354, 1.4941 0.0689 2.6772
            ]
        }
        coordIndex [
            0,1,2,-1,2,1,3,-1,2,3,4,-1,4,3,5,-1,4,5,6,-1,6,5,7,-1,6,7,8,-1,8,7,9,-1,8,9,10,-1,10,9,11,-1,10,11,12,-1,12,11,13,-1,12,13,14,-1,14,13,15,-1,14,15,16,-1,16,15,17,-1,16,17,18,-1,18,17,19,-1,18,19,20,-1,20,19,21,-1,20,21,22,-1,22,21,23,-1,22,23,24,-1,24,23,25,-1,24,25,26,-1,26,25,27,-1,26,27,28,-1,28,27,29,-1,28,29,30,-1,30,29,31,-1,30,31,32,-1,32,31,33,-1,32,33,34,-1,34,33,35,-1,34,35,36,-1,36,35,37,-1,36,37,38,-1,38,37,39,-1,38,39,40,-1,40,39,41,-1,40,41,42,-1,42,41,43,-1,42,43,44,-1,44,43,45,-1,44,45,46,-1,46,45,47,-1,46,47,48,-1,48,47,49,-1,48,49,50,-1,50,49,51,-1,50,51,52,-1,52,51,53,-1,52,53,54,-1,54,53,55,-1,54,55,56,-1,56,55,57,-1,56,57,58,-1,58,57,59,-1,58,59,60,-1,60,59,61,-1,60,61,62,-1,62,61,63,-1,62,63,64,-1,64,63,65,-1,64,65,66,-1,66,65,67,-1,66,67,0,-1,0,67,1,-1,
        ]
    }
}
Shape{
    appearance Appearance {
        material  Material 	{
            diffuseColor 0.7372549019607844 0.7764705882352941 0.8
            specularColor 0.7372549019607844 0.7764705882352941 0.8
            ambientIntensity 0.7674
            transparency 0.0
            shininess 0.5
        }
    }
    geometry IndexedFaceSet {
        ccw TRUE
        solid FALSE
        coord DEF co Coordinate {
            point [
                1.4193 -0.1319 3.0512, 1.4193 0.12 3.0512, 1.4164 0.1193 3.0512, 1.3996 -0.1516 3.0512, 1.1971 -0.0331 3.0512, 1.1776 -0.067 3.0512, 1.162 -0.1029 3.0512, 1.1504 -0.1402 3.0512, 1.1477 -0.1516 3.0512, 1.3788 0.1087 3.0512, 1.3426 0.0939 3.0512, 1.3082 0.0753 3.0512, 1.2761 0.053 3.0512, 1.2466 0.0272 3.0512, 1.2202 -0.0016 3.0512, 1.2995 -0.3012 2.815, 1.3996 -0.3012 2.6772, 1.2995 -0.1516 2.815, 1.3996 -0.1516 2.6772, 1.6887 -0.1516 2.815, 1.5886 -0.1516 2.6772, 1.6887 -0.3012 2.815, 1.5886 -0.3012 2.6772, 1.8378 -0.3125 3.0512, 1.8404 -0.3012 3.0512, 1.5886 -0.3012 3.0512, 1.5689 -0.3209 3.0512, 1.5689 -0.5727 3.0512, 1.5717 -0.5721 3.0512, 1.6093 -0.5614 3.0512, 1.6455 -0.5467 3.0512, 1.6799 -0.5281 3.0512, 1.7911 -0.4196 3.0512, 1.8105 -0.3857 3.0512, 1.8262 -0.3499 3.0512, 1.712 -0.5057 3.0512, 1.7415 -0.48 3.0512, 1.7679 -0.4512 3.0512, 1.5717 0.1193 3.0512, 1.5689 0.12 3.0512, 1.5689 -0.1319 3.0512, 1.6093 0.1087 3.0512, 1.8404 -0.1516 3.0512, 1.8378 -0.1402 3.0512, 1.5886 -0.1516 3.0512, 1.8262 -0.1029 3.0512, 1.8105 -0.067 3.0512, 1.7911 -0.0331 3.0512, 1.7679 -0.0016 3.0512, 1.7415 0.0272 3.0512, 1.712 0.053 3.0512, 1.6799 0.0753 3.0512, 1.6455 0.0939 3.0512, 1.1477 -0.3012 3.0512, 1.1504 -0.3125 3.0512, 1.3996 -0.3012 3.0512, 1.162 -0.3499 3.0512, 1.1776 -0.3857 3.0512, 1.2761 -0.5057 3.0512, 1.3082 -0.5281 3.0512, 1.4193 -0.3209 3.0512, 1.3426 -0.5467 3.0512, 1.3788 -0.5614 3.0512, 1.4164 -0.5721 3.0512, 1.4193 -0.5727 3.0512, 1.1971 -0.4196 3.0512, 1.2202 -0.4512 3.0512, 1.2466 -0.48 3.0512
            ]
        }
        coordIndex [
            0,1,2,-1,3,4,5,-1,5,6,3,-1,3,6,7,-1,3,7,8,-1,2,9,0,-1,0,9,10,-1,0,10,11,-1,11,12,0,-1,0,12,13,-1,0,13,3,-1,3,13,14,-1,3,14,4,-1,15,16,17,-1,17,16,18,-1,19,20,21,-1,21,20,22,-1,23,24,25,-1,26,27,28,-1,28,29,26,-1,26,29,30,-1,26,30,31,-1,32,33,25,-1,25,33,34,-1,25,34,23,-1,31,35,26,-1,26,35,36,-1,26,36,25,-1,25,36,37,-1,25,37,32,-1,38,39,40,-1,38,40,41,-1,42,43,44,-1,44,43,45,-1,44,45,46,-1,46,47,44,-1,44,47,48,-1,44,48,40,-1,40,48,49,-1,40,49,50,-1,50,51,40,-1,40,51,52,-1,40,52,41,-1,53,54,55,-1,55,54,56,-1,55,56,57,-1,58,59,60,-1,60,59,61,-1,61,62,60,-1,60,62,63,-1,60,63,64,-1,57,65,55,-1,55,65,66,-1,55,66,60,-1,60,66,67,-1,60,67,58,-1,
        ]
    }
}
Shape{
    appearance Appearance {
        material  Material 	{
            diffuseColor 0.39215686274509803 0.6 0.39215686274509803
            specularColor 0.19607843137254902 0.30196078431372547 0.19607843137254902
            ambientIntensity 0.5142
            transparency 0.0
            shininess 0.5
        }
    }
    geometry IndexedFaceSet {
        ccw TRUE
        solid FALSE
        coord DEF co Coordinate {
            point [
                2.0886 -0.1622 0.7519, 2.0886 -0.1622 0.7043, 2.0886 -0.0466 0.7043, 2.0886 -0.1622 0.9424, 2.0886 -0.1622 0.9072, 2.0886 -0.0466 0.9072, 2.0886 -0.0007 1.0634, 2.0886 0.0084 1.0645, 2.0886 -0.0394 1.0645, 2.0886 0.0303 0.9431, 2.0886 0.0225 0.9424, 2.0886 0.0623 0.9424, 2.0886 1.0531 1.1811, 2.0886 0.4014 3.3465, 2.0886 0.2956 3.3465, 2.0886 0.0847 1.0497, 2.0886 0.0847 1.0113, 2.0886 0.1172 1.0113, 2.0886 0.0922 0.7525, 2.0886 0.0871 0.7519, 2.0886 0.1172 0.7519, 2.0886 0.0659 0.7522, 2.0886 0.0623 0.7534, 2.0886 0.0623 0.7519, 2.0886 0.2352 0.8592, 2.0886 0.2352 0.8207, 2.0886 0.2576 0.8207, 2.0886 -0.7559 0.897, 2.0886 -0.7539 0.9072, 2.0886 -1.0818 0.9072, 2.0886 -0.2662 0.9698, 2.0886 -0.2431 0.9502, 2.0886 -0.1622 1.0645, 2.0886 -0.3616 1.0645, 2.0886 -0.342 1.0513, 2.0886 -0.3142 1.0193, 2.0886 -0.2959 0.9839, 2.0886 -0.2916 0.9824, 2.0886 -0.5572 1.0645, 2.0886 -0.5399 1.0753, 2.0886 -1.0818 2.0942, 2.0886 -0.7206 3.3465, 2.0886 -0.5005 1.0905, 2.0886 -0.4581 1.0957, 2.0886 -0.1622 3.3465, 2.0886 -0.4229 1.092, 2.0886 -0.3801 1.0769, 2.0886 -0.716 0.9856, 2.0886 -0.7093 0.9918, 2.0886 -1.0818 1.0645, 2.0886 -0.5606 1.0624, 2.0886 -0.6808 1.0113, 2.0886 -0.6491 1.023, 2.0886 -0.6178 1.0266, 2.0886 -0.5807 1.0452, 2.0886 -0.608 1.026, 2.0886 -0.5982 1.0249, 2.0886 -1.0818 0.9424, 2.0886 -0.7495 0.9307, 2.0886 -0.7441 0.9424, 2.0886 -0.7354 0.9612, 2.0886 -0.652 0.7542, 2.0886 -0.6655 0.7584, 2.0886 -1.0818 0.7519, 2.0886 -0.696 0.774, 2.0886 -0.7203 0.7952, 2.0886 -0.7409 0.8252, 2.0886 -0.7526 0.8571, 2.0886 -0.7561 0.8882, 2.0886 -0.614 0.7076, 2.0886 -0.6307 0.7202, 2.0886 -1.0818 0.7043, 2.0886 -0.6434 0.7359, 2.0886 -0.6509 0.7519, 2.0886 -1.0818 0.0, 2.0886 -0.5943 0.6993, 2.0886 -0.6061 0.7043, 2.0886 -0.5355 0.7043, 2.0886 -0.5502 0.6986, 2.0886 -0.1622 0.0, 2.0886 -0.5708 0.6961, 2.0886 -0.5742 0.6962, 2.0886 -0.4908 0.7519, 2.0886 -0.4909 0.7516, 2.0886 -0.501 0.7326, 2.0886 -0.5141 0.7178, 2.0886 -0.5312 0.7059, 2.0886 -0.2152 0.8998, 2.0886 -0.2113 0.872, 2.0886 -0.3817 0.8023, 2.0886 -0.3758 0.8046, 2.0886 -0.3659 0.8532, 2.0886 -0.2429 0.7909, 2.0886 -0.2662 0.7712, 2.0886 -0.5068 0.8387, 2.0886 -0.3924 0.8985, 2.0886 -0.5217 0.8523, 2.0886 -0.5398 0.862, 2.0886 -0.387 0.7986, 2.0886 -0.226 0.8144, 2.0886 -0.2647 0.8786, 2.0886 -0.2687 0.895, 2.0886 -0.2752 0.9072, 2.0886 -0.7002 0.9072, 2.0886 -0.2153 0.8414, 2.0886 -0.3693 0.8054, 2.0886 -0.3685 0.8053, 2.0886 -0.3659 0.8048, 2.0886 -0.6952 0.856, 2.0886 -0.685 0.8385, 2.0886 -0.6416 0.8298, 2.0886 -0.6697 0.8228, 2.0886 -0.6511 0.8114, 2.0886 -0.6101 0.858, 2.0886 -0.6275 0.8459, 2.0886 -0.7023 0.8899, 2.0886 -0.7013 0.8769, 2.0886 -0.5912 0.8652, 2.0886 -0.5708 0.8677, 2.0886 -0.5604 0.8671, 2.0886 -0.3958 0.7789, 2.0886 -0.3956 0.782, 2.0886 -0.4854 0.79, 2.0886 -0.394 0.7885, 2.0886 -0.3908 0.7944, 2.0886 -0.2816 0.826, 2.0886 -0.2722 0.8393, 2.0886 -0.2663 0.8545, 2.0886 -0.2643 0.8712, 2.0886 -0.3758 0.7532, 2.0886 -0.3815 0.7555, 2.0886 -0.387 0.7594, 2.0886 -0.389 0.7614, 2.0886 -0.3927 0.7668, 2.0886 -0.395 0.7726, 2.0886 -0.4859 0.7727, 2.0886 -0.4854 0.7815, 2.0886 -0.2922 0.7585, 2.0886 -0.3206 0.7525, 2.0886 -0.371 0.7525, 2.0886 -0.3642 0.8045, 2.0886 -0.3258 0.8045, 2.0886 -0.3105 0.8075, 2.0886 -0.2954 0.8144, 2.0886 -0.2828 0.8247, 2.0886 -0.3377 0.9378, 2.0886 -0.6925 0.9296, 2.0886 -0.6998 0.9106, 2.0886 -0.3309 0.9378, 2.0886 -0.2766 0.9097, 2.0886 -0.2865 0.9208, 2.0886 -0.2998 0.93, 2.0886 -0.3147 0.9358, 2.0886 -0.3747 1.0115, 2.0886 -0.3778 1.0142, 2.0886 -0.5717 0.9625, 2.0886 -0.3556 0.9883, 2.0886 -0.6836 0.9424, 2.0886 -0.5779 0.9659, 2.0886 -0.3387 0.9424, 2.0886 -0.3427 0.9607, 2.0886 -0.5971 0.9729, 2.0886 -0.617 0.9753, 2.0886 -0.6257 0.9749, 2.0886 -0.4018 1.0308, 2.0886 -0.4286 1.041, 2.0886 -0.5589 0.9891, 2.0886 -0.4573 1.0445, 2.0886 -0.6468 0.9699, 2.0886 -0.6659 0.9598, 2.0886 -0.6807 0.9466, 2.0886 -0.4881 1.0406, 2.0886 -0.5161 1.0294, 2.0886 -0.5399 1.012, 2.0886 -0.2375 0.9424, 2.0886 -0.2257 0.9259, 2.0886 -0.2182 0.9072, 2.0886 0.2842 0.7666, 2.0886 0.2842 0.7529, 2.0886 0.2956 0.7519, 2.0886 0.2576 0.7519, 2.0886 0.2956 0.9072, 2.0886 0.2815 0.8592, 2.0886 0.2815 0.873, 2.0886 0.2352 0.7666, 2.0886 0.2576 0.7666, 2.0886 0.2352 0.807, 2.0886 0.2576 0.807, 2.0886 0.2781 0.807, 2.0886 0.2781 0.8207, 2.0886 0.2576 0.8592, 2.0886 0.2576 0.7529, 2.0886 0.2196 0.7529, 2.0886 0.2115 0.7519, 2.0886 0.2196 0.873, 2.0886 -0.0284 0.7932, 2.0886 -0.0256 0.818, 2.0886 -0.0315 0.7883, 2.0886 -0.0333 0.7828, 2.0886 0.0077 0.8279, 2.0886 0.0025 0.8284, 2.0886 -0.0055 0.8038, 2.0886 0.0553 0.7714, 2.0886 0.0349 0.8081, 2.0886 0.0553 0.7559, 2.0886 0.0349 0.7529, 2.0886 0.0122 0.7573, 2.0886 0.0071 0.7539, 2.0886 0.0199 0.7529, 2.0886 0.0014 0.7519, 2.0886 -0.024 0.7973, 2.0886 -0.018 0.8006, 2.0886 -0.0152 0.8246, 2.0886 -0.0058 0.8276, 2.0886 -0.0394 0.7043, 2.0886 -0.0155 0.7519, 2.0886 -0.0394 0.7519, 2.0886 -0.0158 0.7519, 2.0886 -0.0215 0.7541, 2.0886 -0.0114 0.8388, 2.0886 -0.0394 0.9072, 2.0886 -0.0225 0.8344, 2.0886 -0.0256 0.8326, 2.0886 -0.0266 0.7576, 2.0886 -0.028 0.759, 2.0886 -0.0312 0.7635, 2.0886 0.0621 0.7673, 2.0886 0.0623 0.7673, 2.0886 0.0623 0.7993, 2.0886 0.0199 0.7661, 2.0886 0.0195 0.7661, 2.0886 0.017 0.7624, 2.0886 -0.0331 0.7685, 2.0886 -0.034 0.7758, 2.0886 0.0561 0.8096, 2.0886 0.0335 0.8207, 2.0886 0.0554 0.8155, 2.0886 0.0199 0.8074, 2.0886 0.0194 0.814, 2.0886 0.0178 0.8194, 2.0886 0.0161 0.8225, 2.0886 0.0039 0.8406, 2.0886 0.0144 0.8395, 2.0886 0.0204 0.8374, 2.0886 0.0622 0.7994, 2.0886 0.0597 0.8019, 2.0886 0.0577 0.805, 2.0886 0.0138 0.8249, 2.0886 0.0111 0.8266, 2.0886 0.056 0.8209, 2.0886 0.0578 0.8257, 2.0886 0.031 0.8272, 2.0886 0.0606 0.8298, 2.0886 0.0278 0.8318, 2.0886 0.0252 0.8344, 2.0886 0.0689 0.7519, 2.0886 0.0623 0.7043, 2.0886 0.0786 0.7508, 2.0886 0.1092 0.8368, 2.0886 0.1092 0.8222, 2.0886 0.0623 0.8313, 2.0886 0.0623 0.9072, 2.0886 0.0651 0.8338, 2.0886 0.0688 0.8361, 2.0886 0.1126 0.7702, 2.0886 0.1107 0.7654, 2.0886 0.1079 0.7614, 2.0886 0.0768 0.8392, 2.0886 0.0888 0.8406, 2.0886 0.1172 0.9072, 2.0886 0.0994 0.8397, 2.0886 0.1082 0.7904, 2.0886 0.111 0.7863, 2.0886 0.1126 0.7818, 2.0886 0.1133 0.7762, 2.0886 0.1036 0.7577, 2.0886 0.1001 0.7555, 2.0886 0.0874 0.8284, 2.0886 0.0829 0.8281, 2.0886 0.0709 0.8169, 2.0886 0.0789 0.827, 2.0886 0.0755 0.8252, 2.0886 0.0711 0.8149, 2.0886 0.0717 0.8125, 2.0886 0.0727 0.8105, 2.0886 0.0742 0.8089, 2.0886 0.0795 0.8056, 2.0886 0.0979 0.8271, 2.0886 0.0888 0.8015, 2.0886 0.1064 0.8238, 2.0886 0.0947 0.7991, 2.0886 0.1046 0.7936, 2.0886 0.0732 0.8232, 2.0886 0.0719 0.8213, 2.0886 0.0712 0.8193, 2.0886 0.0716 0.764, 2.0886 0.0782 0.7906, 2.0886 0.0692 0.7947, 2.0886 0.0801 0.7631, 2.0886 0.0807 0.7631, 2.0886 0.0881 0.7864, 2.0886 0.0885 0.764, 2.0886 0.0978 0.7747, 2.0886 0.0977 0.7766, 2.0886 0.0923 0.7654, 2.0886 0.0937 0.7662, 2.0886 0.0954 0.7678, 2.0886 0.0967 0.7697, 2.0886 0.0975 0.7719, 2.0886 0.097 0.779, 2.0886 0.0958 0.7809, 2.0886 0.094 0.7829, 2.0886 0.3397 0.9763, 2.0886 0.2956 0.9763, 2.0886 0.3519 0.9434, 2.0886 0.2956 0.9424, 2.0886 0.369 0.9434, 2.0886 0.2896 0.9763, 2.0886 0.2781 0.9434, 2.0886 0.2576 0.9424, 2.0886 0.261 0.9434, 2.0886 0.2576 1.0645, 2.0886 0.2956 1.0343, 2.0886 0.2956 1.0645, 2.0886 0.3067 1.0635, 2.0886 0.3233 1.0635, 2.0886 0.2115 0.9424, 2.0886 0.2101 0.9459, 2.0886 0.1896 0.9434, 2.0886 0.1908 1.0635, 2.0886 0.2115 1.0645, 2.0886 0.1452 1.0645, 2.0886 0.1452 0.9424, 2.0886 0.1565 0.9434, 2.0886 0.1565 1.0635, 2.0886 0.251 0.9833, 2.0886 0.2451 0.9709, 2.0886 0.2404 1.0435, 2.0886 0.2478 1.0331, 2.0886 0.2362 0.9602, 2.0886 0.2237 0.9513, 2.0886 0.2115 0.9465, 2.0886 0.2362 1.0476, 2.0886 0.2091 1.0615, 2.0886 0.2115 1.0606, 2.0886 0.2236 1.0562, 2.0886 0.2523 1.0216, 2.0886 0.2543 1.005, 2.0886 0.2539 0.9974, 2.0886 0.1172 1.0645, 2.0886 0.1311 1.0635, 2.0886 0.1172 1.0635, 2.0886 0.1311 1.0497, 2.0886 0.1338 0.9571, 2.0886 0.1338 0.9434, 2.0886 0.1172 0.9424, 2.0886 0.0847 0.9571, 2.0886 0.1172 0.9571, 2.0886 0.0847 0.9975, 2.0886 0.1172 0.9975, 2.0886 0.1277 0.9975, 2.0886 0.1277 1.0113, 2.0886 0.1172 1.0497, 2.0886 0.0692 1.0635, 2.0886 0.0623 1.0645, 2.0886 0.0692 0.9434, 2.0886 -1.0925 2.0571, 2.0886 -1.2106 2.0571, 2.0886 -1.3091 2.0307, 2.0886 -1.3498 1.9994, 2.0886 -1.2616 2.0504, 2.0886 -1.3811 1.9587, 2.0886 1.0531 1.0645, 2.0886 1.0531 0.9424, 2.0886 0.0326 1.0643, 2.0886 0.0452 1.0606, 2.0886 0.1172 0.9434, 2.0886 0.0452 1.0444, 2.0886 0.0432 0.9474, 2.0886 -0.0217 0.9746, 2.0886 -0.0167 0.9678, 2.0886 0.0439 1.0451, 2.0886 -0.0143 0.9655, 2.0886 0.0142 0.9552, 2.0886 0.0198 0.9554, 2.0886 0.0334 0.9579, 2.0886 0.0452 0.9632, 2.0886 0.0452 0.9484, 2.0886 -0.0064 0.96, 2.0886 0.0021 0.9567, 2.0886 0.0317 1.0498, 2.0886 -0.0282 0.9955, 2.0886 -0.0259 0.984, 2.0886 -0.0158 1.0382, 2.0886 -0.0224 1.0291, 2.0886 -0.0077 1.045, 2.0886 0.0018 1.0493, 2.0886 0.0169 1.0515, 2.0886 0.0122 1.0514, 2.0886 -0.0285 1.0021, 2.0886 -0.0264 1.0187, 2.0886 0.0167 1.0655, 2.0886 -0.0394 3.3465, 2.0886 0.0623 3.3465, 2.0886 0.0168 1.0655, 2.0886 0.0296 1.0645, 2.0886 -0.0361 1.0365, 2.0886 -0.0274 1.0479, 2.0886 -0.0245 1.0506, 2.0886 -0.0132 1.0585, 2.0886 -0.0394 0.9739, 2.0886 -0.0423 0.9815, 2.0886 -0.0466 0.9424, 2.0886 -0.0447 1.0012, 2.0886 -0.0445 1.0075, 2.0886 -0.0466 1.0645, 2.0886 -0.0418 1.0231, 2.0886 -0.0394 1.0288, 2.0886 -0.0197 0.9497, 2.0886 -0.0293 0.9578, 2.0886 -0.0394 0.9424, 2.0886 -0.0374 0.969, 2.0886 0.012 0.9414, 2.0886 0.0047 0.9417, 2.0886 0.0014 0.9424, 2.0886 -0.0083 0.9444, 2.0886 0.0011 0.7517, 2.0886 -0.0068 0.7508, 2.0886 0.1878 0.8387, 2.0886 0.2034 0.8387, 2.0886 0.2115 0.9072, 2.0886 0.2576 0.873, 2.0886 0.2576 0.9072, 2.0886 0.1692 0.7519, 2.0886 0.1603 0.7742, 2.0886 0.1622 0.7671, 2.0886 0.1626 0.7671, 2.0886 0.1452 0.9072, 2.0886 0.1452 0.8178, 2.0886 0.1644 0.7741, 2.0886 0.1633 0.7701, 2.0886 0.1452 0.7519, 2.0886 0.1452 0.7774, 2.0886 0.1211 0.8387, 2.0886 0.1379 0.8387, 2.0886 0.1547 0.7531, 2.0886 0.1542 0.7519, 2.0886 0.1481 0.7375, 2.0886 0.1172 0.7043, 2.0886 0.1242 0.7137, 2.0886 0.1242 0.7271, 2.0886 0.1423 0.7288, 2.0886 0.1451 0.7319, 2.0886 0.1452 0.7321, 2.0886 0.1273 0.7261, 2.0886 0.1327 0.7254, 2.0886 0.1452 0.7152, 2.0886 0.1406 0.7133, 2.0886 0.1452 0.7043, 2.0886 0.1339 0.7125, 2.0886 0.1306 0.7126, 2.0886 0.1367 0.7259, 2.0886 0.14 0.7272, 2.0886 0.1645 0.7399, 2.0886 0.2115 0.7043, 2.0886 0.1576 0.7265, 2.0886 0.1514 0.7193, 2.0886 0.1465 0.7158, 2.0886 -1.4075 0.0, 2.0886 -1.4075 0.7043, 2.0886 -1.4075 0.7519, 2.0886 -1.4075 0.9072, 2.0886 -1.4075 0.9424, 2.0886 -1.4075 1.0645, 2.0886 -1.4075 1.8602, 2.0886 -1.4008 1.9112, 2.0886 -0.0496 0.9571, 2.0886 -0.0496 0.9434, 2.0886 -0.113 0.9434, 2.0886 -0.0975 1.0635, 2.0886 -0.0975 0.9571, 2.0886 -0.113 1.0635, 2.0886 -0.0466 0.7519, 2.0886 -0.0484 0.7529, 2.0886 -0.113 0.7529, 2.0886 -0.0484 0.7666, 2.0886 -0.0511 0.8592, 2.0886 -0.0975 0.807, 2.0886 -0.0975 0.7666, 2.0886 -0.0545 0.807, 2.0886 -0.0545 0.8207, 2.0886 -0.0975 0.8207, 2.0886 -0.0975 0.8592, 2.0886 -0.113 0.873, 2.0886 -0.0511 0.873, 2.0886 -0.0466 3.3465, 2.0886 0.2576 3.3465, 2.0886 0.2115 3.3465, 2.0886 0.1452 3.3465, 2.0886 0.1172 3.3465, 2.0886 0.34 0.7529, 2.0886 0.3069 0.7529, 2.0886 0.3069 0.873, 2.0886 0.5023 0.7529, 2.0886 0.5194 0.7529, 2.0886 1.0531 0.7519, 2.0886 0.4737 0.873, 2.0886 1.0531 0.9072, 2.0886 0.4901 0.7857, 2.0886 0.4401 0.7857, 2.0886 0.4285 0.7529, 2.0886 0.4114 0.7529, 2.0886 0.4571 0.873, 2.0886 0.3955 0.7803, 2.0886 0.3866 0.7697, 2.0886 0.3741 0.7607, 2.0886 0.3605 0.7554, 2.0886 0.3866 0.8571, 2.0886 0.3908 0.853, 2.0886 0.3982 0.8425, 2.0886 0.4027 0.8311, 2.0886 0.3412 0.873, 2.0886 0.3595 0.871, 2.0886 0.374 0.8657, 2.0886 0.4047 0.8145, 2.0886 0.4044 0.8068, 2.0886 0.4014 0.7928, 2.0886 0.2576 0.7043, 2.0886 0.2956 0.7043, 2.0886 1.0531 0.7043, 2.0886 -0.0466 0.0, 2.0886 -0.0394 0.0, 2.0886 0.0623 0.0, 2.0886 0.1172 0.0, 2.0886 0.1452 0.0, 2.0886 0.2115 0.0, 2.0886 0.2576 0.0, 2.0886 0.2956 0.0, 2.0886 1.0531 0.0, 0.935 -1.4075 1.5748, 1.0295 -1.4075 0.1969, 1.0295 -1.4075 1.5748, -0.065 -1.4075 0.1969, -0.9705 -1.4075 0.1969, -2.1004 -1.4075 0.0, -0.065 -1.4075 1.5748, 0.0295 -1.4075 0.1969, 0.935 -1.4075 0.1969, 0.0295 -1.4075 1.5748, -2.1004 -1.4075 1.8602, -0.9705 -1.4075 1.5748, -1.065 -1.4075 1.5748, -1.065 -1.4075 0.1969, -1.9705 -1.4075 0.1969, -1.9705 -1.4075 1.5748, 1.935 -1.4075 0.1969, 1.935 -1.4075 1.5748, 0.9075 0.7972 0.0, 0.75 0.7972 0.0, 0.75 0.8957 0.0, -1.0925 0.7972 0.0, -1.25 0.7972 0.0, -1.25 0.8957 0.0, 0.75 -1.0138 0.0, 0.2382 -1.0138 0.0, -1.7618 0.6004 0.0, -1.7618 0.4429 0.0, -1.9193 0.6004 0.0, -1.9193 0.4429 0.0, -1.9193 -0.8563 0.0, 1.75 -1.0138 0.0, 1.75 -0.8563 0.0, 1.9075 -0.8563 0.0, 1.2382 0.6004 0.0, 1.2382 0.4429 0.0, 1.0807 0.6004 0.0, 1.0807 0.4429 0.0, 0.75 0.4429 0.0, 0.75 0.6004 0.0, 0.9075 0.4429 0.0, 0.9075 0.6004 0.0, -1.7618 -0.8563 0.0, -1.7618 -1.0138 0.0, -1.25 -1.0138 0.0, -1.25 -0.8563 0.0, -0.7618 -1.0138 0.0, -1.0925 -0.8563 0.0, 1.0807 0.7972 0.0, 0.9075 -0.8563 0.0, 1.0807 -0.8563 0.0, 1.2382 -1.0138 0.0, 1.2382 -0.8563 0.0, 1.9075 0.4429 0.0, 1.75 0.4429 0.0, 1.75 0.6004 0.0, 1.9075 0.6004 0.0, 1.9075 0.7972 0.0, 1.75 0.7972 0.0, -0.25 -1.0138 0.0, -0.25 -0.8563 0.0, -0.0925 -0.8563 0.0, -0.7618 0.6004 0.0, -0.7618 0.4429 0.0, -0.9193 0.6004 0.0, -0.9193 0.4429 0.0, -1.25 0.4429 0.0, -1.25 0.6004 0.0, -1.0925 0.4429 0.0, -1.0925 0.6004 0.0, 0.2382 0.6004 0.0, 0.2382 0.4429 0.0, 0.0807 0.6004 0.0, 0.0807 0.4429 0.0, -0.25 0.4429 0.0, -0.25 0.6004 0.0, -0.0925 0.4429 0.0, -0.0925 0.6004 0.0, -0.7618 -0.8563 0.0, -0.9193 -0.8563 0.0, -0.9193 0.7972 0.0, -0.25 0.7972 0.0, -0.25 0.8957 0.0, -0.0925 0.7972 0.0, 0.0807 0.7972 0.0, 0.0807 -0.8563 0.0, 0.2382 -0.8563 0.0, 1.2382 0.8957 0.0, 1.2382 0.7972 0.0, 1.75 0.8957 0.0, -2.1004 1.0531 0.0, 0.2382 0.8957 0.0, -1.7618 0.8957 0.0, -1.9193 0.7972 0.0, -1.7618 0.7972 0.0, 0.75 -0.8563 0.0, -0.7618 0.8957 0.0, -0.7618 0.7972 0.0, 0.2382 0.7972 0.0, -1.7843 0.052 3.3465, -1.7028 0.1146 3.3465, -2.1004 0.4014 3.3465, -0.8996 -0.2264 3.3465, -1.2275 0.052 3.3465, -1.165 -0.0295 3.3465, -1.1256 -0.1245 3.3465, -1.1122 -0.2264 3.3465, -0.8862 -0.3283 3.3465, -1.1256 -0.3283 3.3465, -0.8469 -0.4232 3.3465, -1.2275 -0.5048 3.3465, -1.3091 -0.5673 3.3465, -0.7843 -0.5048 3.3465, -1.404 -0.6067 3.3465, -0.7028 -0.5673 3.3465, -1.6078 -0.6067 3.3465, -2.1004 -0.7206 3.3465, -1.5059 -0.6201 3.3465, -0.5059 -0.6201 3.3465, -0.6078 -0.6067 3.3465, -1.8469 -0.0295 3.3465, -0.165 -0.4232 3.3465, -0.2275 -0.5048 3.3465, 0.2157 -0.5048 3.3465, -1.165 -0.4232 3.3465, -1.7028 -0.5673 3.3465, -1.7843 -0.5048 3.3465, -1.8469 -0.4232 3.3465, -1.8862 -0.3283 3.3465, -1.8996 -0.2264 3.3465, -1.8862 -0.1245 3.3465, 1.3922 -0.6067 3.3465, 1.2972 -0.5673 3.3465, 0.835 -0.4232 3.3465, 1.2157 -0.5048 3.3465, 1.835 -0.4232 3.3465, 1.7725 -0.5048 3.3465, -0.1256 -0.3283 3.3465, 1.1531 -0.4232 3.3465, 1.1138 -0.3283 3.3465, 0.8744 -0.3283 3.3465, 0.1531 -0.4232 3.3465, 0.1138 -0.3283 3.3465, -0.1122 -0.2264 3.3465, 0.1004 -0.2264 3.3465, -0.1256 -0.1245 3.3465, 0.8744 -0.1245 3.3465, 1.1531 -0.0295 3.3465, 0.835 -0.0295 3.3465, 1.2157 0.052 3.3465, 1.2972 0.1146 3.3465, 1.835 -0.0295 3.3465, 1.7725 0.052 3.3465, -1.6078 0.1539 3.3465, -1.5059 0.1673 3.3465, -1.404 0.1539 3.3465, 1.3922 0.1539 3.3465, 1.4941 0.1673 3.3465, 1.596 0.1539 3.3465, 1.8744 -0.1245 3.3465, 1.8878 -0.2264 3.3465, 1.8744 -0.3283 3.3465, -1.3091 0.1146 3.3465, -0.8469 -0.0295 3.3465, -0.8862 -0.1245 3.3465, 0.1138 -0.1245 3.3465, 0.1531 -0.0295 3.3465, -0.165 -0.0295 3.3465, 0.2157 0.052 3.3465, -0.2275 0.052 3.3465, 0.8878 -0.2264 3.3465, 1.1004 -0.2264 3.3465, 1.1138 -0.1245 3.3465, 1.6909 0.1146 3.3465, 1.6909 -0.5673 3.3465, 1.596 -0.6067 3.3465, 1.4941 -0.6201 3.3465, -0.7843 0.052 3.3465, -0.7028 0.1146 3.3465, -0.3091 -0.5673 3.3465, -0.404 -0.6067 3.3465, 0.2972 -0.5673 3.3465, 0.3922 -0.6067 3.3465, 0.4941 -0.6201 3.3465, 0.596 -0.6067 3.3465, 0.6909 -0.5673 3.3465, 0.7725 -0.5048 3.3465, -0.6078 0.1539 3.3465, -0.5059 0.1673 3.3465, -0.404 0.1539 3.3465, -0.3091 0.1146 3.3465, 0.7725 0.052 3.3465, 0.6909 0.1146 3.3465, 0.2972 0.1146 3.3465, 0.3922 0.1539 3.3465, 0.4941 0.1673 3.3465, 0.596 0.1539 3.3465, -2.1004 -1.2106 2.0571, -2.1004 -1.0925 2.0571, -0.2303 1.0531 0.6693, -0.2303 1.0531 1.1811, 0.2185 1.0531 1.1811, -2.1004 1.0531 1.1811, -1.7815 1.0531 1.1811, -1.7815 1.0531 0.6693, -1.2303 1.0531 0.6693, -1.2303 1.0531 1.1811, -0.7815 1.0531 1.1811, -0.7815 1.0531 0.6693, 0.2185 1.0531 0.6693, 0.7697 1.0531 1.1811, 1.2185 1.0531 1.1811, 0.7697 1.0531 0.6693, 1.2185 1.0531 0.6693, 1.7697 1.0531 1.1811, 1.7697 1.0531 0.6693, 1.7697 0.828 1.9291, 1.2185 0.828 1.9291, 0.7697 0.828 1.9291, 0.2185 0.828 1.9291, -0.2303 0.828 1.9291, -0.7815 0.828 1.9291, -1.7815 0.828 1.9291, -1.2303 0.828 1.9291, -1.5059 -0.561 2.4016, -1.5059 -0.561 2.5197, -1.4193 -0.5496 2.4016, -1.4193 -0.5496 2.5197, -1.3386 -0.5162 2.4016, -1.3386 -0.5162 2.5197, -1.2693 -0.463 2.4016, -1.2693 -0.463 2.5197, -1.2161 -0.3937 2.4016, -1.2161 -0.3937 2.5197, -1.1827 -0.313 2.4016, -1.1827 -0.313 2.5197, -1.1713 -0.2264 2.4016, -1.1713 -0.2264 2.5197, -1.1827 -0.1398 2.4016, -1.1827 -0.1398 2.5197, -1.2161 -0.0591 2.4016, -1.2161 -0.0591 2.5197, -1.2693 0.0102 2.4016, -1.2693 0.0102 2.5197, -1.3386 0.0634 2.4016, -1.3386 0.0634 2.5197, -1.4193 0.0969 2.4016, -1.4193 0.0969 2.5197, -1.5059 0.1083 2.4016, -1.5059 0.1083 2.5197, -1.5925 0.0969 2.4016, -1.5925 0.0969 2.5197, -1.6733 0.0634 2.4016, -1.6733 0.0634 2.5197, -1.7426 0.0102 2.4016, -1.7426 0.0102 2.5197, -1.7957 -0.0591 2.4016, -1.7957 -0.0591 2.5197, -1.8292 -0.1398 2.4016, -1.8292 -0.1398 2.5197, -1.8406 -0.2264 2.4016, -1.8406 -0.2264 2.5197, -1.8292 -0.313 2.4016, -1.8292 -0.313 2.5197, -1.7957 -0.3937 2.4016, -1.7957 -0.3937 2.5197, -1.7426 -0.463 2.4016, -1.7426 -0.463 2.5197, -1.6733 -0.5162 2.4016, -1.6733 -0.5162 2.5197, -1.5925 -0.5496 2.4016, -1.5925 -0.5496 2.5197, -1.5059 -0.6201 2.5197, -1.404 -0.6067 2.5197, -1.3091 -0.5673 2.5197, -1.2275 -0.5048 2.5197, -1.165 -0.4232 2.5197, -1.1256 -0.3283 2.5197, -1.1122 -0.2264 2.5197, -1.1256 -0.1245 2.5197, -1.165 -0.0295 2.5197, -1.2275 0.052 2.5197, -1.3091 0.1146 2.5197, -1.404 0.1539 2.5197, -1.5059 0.1673 2.5197, -1.6078 0.1539 2.5197, -1.7028 0.1146 2.5197, -1.7843 0.052 2.5197, -1.8469 -0.0295 2.5197, -1.8862 -0.1245 2.5197, -1.8996 -0.2264 2.5197, -1.8862 -0.3283 2.5197, -1.8469 -0.4232 2.5197, -1.7843 -0.5048 2.5197, -1.7028 -0.5673 2.5197, -1.6078 -0.6067 2.5197, -1.25 -0.8563 0.471, -1.25 -1.0138 0.2362, -1.7618 -0.8563 0.471, -1.7618 -1.0138 0.2362, -1.7618 0.7972 0.4331, -1.7618 0.8957 0.2362, -1.25 0.7972 0.4331, -1.25 0.8957 0.2362, -1.1516 -0.9911 0.6299, -1.1516 -0.9911 1.1811, -1.1516 -0.8563 0.6299, -1.1516 -0.8563 1.1811, -1.8603 -0.935 1.1811, -1.8603 -0.935 0.6299, -1.8603 -0.8563 1.1811, -1.8603 -0.8563 0.6299, -1.1633 -0.935 0.6299, -1.1633 -0.935 1.1811, -1.9193 0.6004 1.378, -1.7618 0.6004 1.378, -1.7618 0.4429 1.378, -1.9193 0.4429 2.4016, -1.9193 -0.8563 2.4016, -1.0925 -0.8563 2.4016, -1.0925 0.4429 2.4016, -1.25 0.4429 1.378, -1.25 0.6004 1.378, -1.0925 0.6004 1.378, -1.0925 0.7972 1.378, -1.9193 0.7972 1.378, -1.1633 -0.935 0.6298, -1.8722 -0.935 0.6298, -1.1059 -1.2106 1.5748, -1.1633 -0.935 1.1812, -1.8722 -0.935 1.1812, -1.9296 -1.2106 1.5748, -1.7815 0.7972 0.6693, -1.2303 0.7972 0.6693, -1.7815 0.7972 1.378, -1.7815 0.7972 1.9291, -1.2303 0.7972 1.9291, -1.2303 0.7972 1.378, -0.5059 -0.561 2.4016, -0.5059 -0.561 2.5197, -0.4193 -0.5496 2.4016, -0.4193 -0.5496 2.5197, -0.3386 -0.5162 2.4016, -0.3386 -0.5162 2.5197, -0.2693 -0.463 2.4016, -0.2693 -0.463 2.5197, -0.2161 -0.3937 2.4016, -0.2161 -0.3937 2.5197, -0.1827 -0.313 2.4016, -0.1827 -0.313 2.5197, -0.1713 -0.2264 2.4016, -0.1713 -0.2264 2.5197, -0.1827 -0.1398 2.4016, -0.1827 -0.1398 2.5197, -0.2161 -0.0591 2.4016, -0.2161 -0.0591 2.5197, -0.2693 0.0102 2.4016, -0.2693 0.0102 2.5197, -0.3386 0.0634 2.4016, -0.3386 0.0634 2.5197, -0.4193 0.0969 2.4016, -0.4193 0.0969 2.5197, -0.5059 0.1083 2.4016, -0.5059 0.1083 2.5197, -0.5925 0.0969 2.4016, -0.5925 0.0969 2.5197, -0.6733 0.0634 2.4016, -0.6733 0.0634 2.5197, -0.7426 0.0102 2.4016, -0.7426 0.0102 2.5197, -0.7957 -0.0591 2.4016, -0.7957 -0.0591 2.5197, -0.8292 -0.1398 2.4016, -0.8292 -0.1398 2.5197, -0.8406 -0.2264 2.4016, -0.8406 -0.2264 2.5197, -0.8292 -0.313 2.4016, -0.8292 -0.313 2.5197, -0.7957 -0.3937 2.4016, -0.7957 -0.3937 2.5197, -0.7426 -0.463 2.4016, -0.7426 -0.463 2.5197, -0.6733 -0.5162 2.4016, -0.6733 -0.5162 2.5197, -0.5925 -0.5496 2.4016, -0.5925 -0.5496 2.5197, -0.5059 -0.6201 2.5197, -0.404 -0.6067 2.5197, -0.3091 -0.5673 2.5197, -0.2275 -0.5048 2.5197, -0.165 -0.4232 2.5197, -0.1256 -0.3283 2.5197, -0.1122 -0.2264 2.5197, -0.1256 -0.1245 2.5197, -0.165 -0.0295 2.5197, -0.2275 0.052 2.5197, -0.3091 0.1146 2.5197, -0.404 0.1539 2.5197, -0.5059 0.1673 2.5197, -0.6078 0.1539 2.5197, -0.7028 0.1146 2.5197, -0.7843 0.052 2.5197, -0.8469 -0.0295 2.5197, -0.8862 -0.1245 2.5197, -0.8996 -0.2264 2.5197, -0.8862 -0.3283 2.5197, -0.8469 -0.4232 2.5197, -0.7843 -0.5048 2.5197, -0.7028 -0.5673 2.5197, -0.6078 -0.6067 2.5197, -0.25 -0.8563 0.471, -0.25 -1.0138 0.2362, -0.7618 -0.8563 0.471, -0.7618 -1.0138 0.2362, -0.7618 0.7972 0.4331, -0.7618 0.8957 0.2362, -0.25 0.7972 0.4331, -0.25 0.8957 0.2362, -0.1516 -0.9911 0.6299, -0.1516 -0.9911 1.1811, -0.1516 -0.8563 0.6299, -0.1516 -0.8563 1.1811, -0.8603 -0.935 1.1811, -0.8603 -0.935 0.6299, -0.8603 -0.8563 1.1811, -0.8603 -0.8563 0.6299, -0.1633 -0.935 0.6299, -0.1633 -0.935 1.1811, -0.9193 0.6004 1.378, -0.7618 0.6004 1.378, -0.7618 0.4429 1.378, -0.9193 0.4429 2.4016, -0.9193 -0.8563 2.4016, -0.0925 -0.8563 2.4016, -0.0925 0.4429 2.4016, -0.25 0.4429 1.378, -0.25 0.6004 1.378, -0.0925 0.6004 1.378, -0.0925 0.7972 1.378, -0.9193 0.7972 1.378, -0.1633 -0.935 0.6298, -0.8722 -0.935 0.6298, -0.1059 -1.2106 1.5748, -0.1633 -0.935 1.1812, -0.8722 -0.935 1.1812, -0.9296 -1.2106 1.5748, -0.7815 0.7972 0.6693, -0.2303 0.7972 0.6693, -0.7815 0.7972 1.378, -0.7815 0.7972 1.9291, -0.2303 0.7972 1.9291, -0.2303 0.7972 1.378, -2.1004 -1.4008 1.9112, -2.1004 -1.3811 1.9587, -2.1004 -1.3498 1.9994, -2.1004 -1.2616 2.0504, -2.1004 -1.3091 2.0307, 1.4941 -0.561 2.4016, 1.4941 -0.561 2.5197, 1.5807 -0.5496 2.4016, 1.5807 -0.5496 2.5197, 1.6614 -0.5162 2.4016, 1.6614 -0.5162 2.5197, 1.7307 -0.463 2.4016, 1.7307 -0.463 2.5197, 1.7839 -0.3937 2.4016, 1.7839 -0.3937 2.5197, 1.8173 -0.313 2.4016, 1.8173 -0.313 2.5197, 1.8287 -0.2264 2.4016, 1.8287 -0.2264 2.5197, 1.8173 -0.1398 2.4016, 1.8173 -0.1398 2.5197, 1.7839 -0.0591 2.4016, 1.7839 -0.0591 2.5197, 1.7307 0.0102 2.4016, 1.7307 0.0102 2.5197, 1.6614 0.0634 2.4016, 1.6614 0.0634 2.5197, 1.5807 0.0969 2.4016, 1.5807 0.0969 2.5197, 1.4941 0.1083 2.4016, 1.4941 0.1083 2.5197, 1.4075 0.0969 2.4016, 1.4075 0.0969 2.5197, 1.3267 0.0634 2.4016, 1.3267 0.0634 2.5197, 1.2574 0.0102 2.4016, 1.2574 0.0102 2.5197, 1.2043 -0.0591 2.4016, 1.2043 -0.0591 2.5197, 1.1708 -0.1398 2.4016, 1.1708 -0.1398 2.5197, 1.1594 -0.2264 2.4016, 1.1594 -0.2264 2.5197, 1.1708 -0.313 2.4016, 1.1708 -0.313 2.5197, 1.2043 -0.3937 2.4016, 1.2043 -0.3937 2.5197, 1.2574 -0.463 2.4016, 1.2574 -0.463 2.5197, 1.3267 -0.5162 2.4016, 1.3267 -0.5162 2.5197, 1.4075 -0.5496 2.4016, 1.4075 -0.5496 2.5197, 0.4941 -0.561 2.4016, 0.4941 -0.561 2.5197, 0.5807 -0.5496 2.4016, 0.5807 -0.5496 2.5197, 0.6614 -0.5162 2.4016, 0.6614 -0.5162 2.5197, 0.7307 -0.463 2.4016, 0.7307 -0.463 2.5197, 0.7839 -0.3937 2.4016, 0.7839 -0.3937 2.5197, 0.8173 -0.313 2.4016, 0.8173 -0.313 2.5197, 0.8287 -0.2264 2.4016, 0.8287 -0.2264 2.5197, 0.8173 -0.1398 2.4016, 0.8173 -0.1398 2.5197, 0.7839 -0.0591 2.4016, 0.7839 -0.0591 2.5197, 0.7307 0.0102 2.4016, 0.7307 0.0102 2.5197, 0.6614 0.0634 2.4016, 0.6614 0.0634 2.5197, 0.5807 0.0969 2.4016, 0.5807 0.0969 2.5197, 0.4941 0.1083 2.4016, 0.4941 0.1083 2.5197, 0.4075 0.0969 2.4016, 0.4075 0.0969 2.5197, 0.3267 0.0634 2.4016, 0.3267 0.0634 2.5197, 0.2574 0.0102 2.4016, 0.2574 0.0102 2.5197, 0.2043 -0.0591 2.4016, 0.2043 -0.0591 2.5197, 0.1708 -0.1398 2.4016, 0.1708 -0.1398 2.5197, 0.1594 -0.2264 2.4016, 0.1594 -0.2264 2.5197, 0.1708 -0.313 2.4016, 0.1708 -0.313 2.5197, 0.2043 -0.3937 2.4016, 0.2043 -0.3937 2.5197, 0.2574 -0.463 2.4016, 0.2574 -0.463 2.5197, 0.3267 -0.5162 2.4016, 0.3267 -0.5162 2.5197, 0.4075 -0.5496 2.4016, 0.4075 -0.5496 2.5197, 1.1278 -0.935 1.1812, 1.8367 -0.935 1.1812, 1.0704 -1.2106 1.5748, 1.8941 -1.2106 1.5748, 1.8367 -0.935 0.6298, 1.8367 -0.935 0.6299, 1.1397 -0.935 0.6299, 1.8367 -0.935 1.1811, 1.1397 -0.935 1.1811, 1.1278 -0.935 0.6298, 0.1278 -0.935 1.1812, 0.8367 -0.935 1.1812, 0.0704 -1.2106 1.5748, 0.8941 -1.2106 1.5748, 0.8367 -0.935 0.6298, 0.8367 -0.935 0.6299, 0.1397 -0.935 0.6299, 0.8367 -0.935 1.1811, 0.1397 -0.935 1.1811, 0.1278 -0.935 0.6298, 1.2382 0.7972 0.4331, 1.2382 0.8957 0.2362, 1.75 0.7972 0.4331, 1.75 0.8957 0.2362, 1.0807 0.7972 1.378, 1.2185 0.7972 1.378, 1.0807 0.6004 1.378, 1.2382 0.6004 1.378, 1.9075 0.6004 1.378, 1.75 0.6004 1.378, 1.9075 0.7972 1.378, 1.7697 0.7972 1.378, 1.75 0.4429 1.378, 1.2382 0.4429 1.378, 1.1397 -0.8563 1.1811, 1.8484 -0.8563 1.1811, 1.8484 -0.9911 1.1811, 1.8484 -0.9911 0.6299, 1.8484 -0.8563 0.6299, 1.1397 -0.8563 0.6299, 1.75 -0.8563 0.471, 1.75 -1.0138 0.2362, 1.2382 -0.8563 0.471, 1.2382 -1.0138 0.2362, 1.0807 0.4429 2.4016, 1.0807 -0.8563 2.4016, 1.9075 -0.8563 2.4016, 1.9075 0.4429 2.4016, 0.2382 0.7972 0.4331, 0.2382 0.8957 0.2362, 0.75 0.7972 0.4331, 0.75 0.8957 0.2362, 0.0807 0.7972 1.378, 0.2185 0.7972 1.378, 0.0807 0.6004 1.378, 0.2382 0.6004 1.378, 0.9075 0.6004 1.378, 0.75 0.6004 1.378, 0.9075 0.7972 1.378, 0.7697 0.7972 1.378, 0.75 0.4429 1.378, 0.2382 0.4429 1.378, 0.1397 -0.8563 1.1811, 0.8484 -0.8563 1.1811, 0.8484 -0.9911 1.1811, 0.8484 -0.9911 0.6299, 0.8484 -0.8563 0.6299, 0.1397 -0.8563 0.6299, 0.75 -0.8563 0.471, 0.75 -1.0138 0.2362, 0.2382 -0.8563 0.471, 0.2382 -1.0138 0.2362, 0.9075 -0.8563 2.4016, 0.9075 0.4429 2.4016, 0.0807 0.4429 2.4016, 0.0807 -0.8563 2.4016, 1.596 0.1539 2.5197, 1.4941 0.1673 2.5197, 1.3922 0.1539 2.5197, 1.2972 0.1146 2.5197, 1.2157 0.052 2.5197, 1.1531 -0.0295 2.5197, 1.1138 -0.1245 2.5197, 1.1004 -0.2264 2.5197, 1.1138 -0.3283 2.5197, 1.1531 -0.4232 2.5197, 1.2157 -0.5048 2.5197, 1.2972 -0.5673 2.5197, 1.3922 -0.6067 2.5197, 1.4941 -0.6201 2.5197, 1.596 -0.6067 2.5197, 1.6909 -0.5673 2.5197, 1.7725 -0.5048 2.5197, 1.835 -0.4232 2.5197, 1.8744 -0.3283 2.5197, 1.8878 -0.2264 2.5197, 1.8744 -0.1245 2.5197, 1.835 -0.0295 2.5197, 1.7725 0.052 2.5197, 1.6909 0.1146 2.5197, 0.6909 0.1146 2.5197, 0.596 0.1539 2.5197, 0.4941 0.1673 2.5197, 0.3922 0.1539 2.5197, 0.2972 0.1146 2.5197, 0.2157 0.052 2.5197, 0.1531 -0.0295 2.5197, 0.1138 -0.1245 2.5197, 0.1004 -0.2264 2.5197, 0.1138 -0.3283 2.5197, 0.1531 -0.4232 2.5197, 0.2157 -0.5048 2.5197, 0.2972 -0.5673 2.5197, 0.3922 -0.6067 2.5197, 0.4941 -0.6201 2.5197, 0.596 -0.6067 2.5197, 0.6909 -0.5673 2.5197, 0.7725 -0.5048 2.5197, 0.835 -0.4232 2.5197, 0.8744 -0.3283 2.5197, 0.8878 -0.2264 2.5197, 0.8744 -0.1245 2.5197, 0.835 -0.0295 2.5197, 0.7725 0.052 2.5197, 0.2185 0.7972 1.9291, 0.7697 0.7972 1.9291, 1.2185 0.7972 1.9291, 1.7697 0.7972 1.9291, 1.7697 0.7972 0.6693, 1.2185 0.7972 0.6693, 0.7697 0.7972 0.6693, 0.2185 0.7972 0.6693
            ]
        }
        coordIndex [
            0,1,2,-1,3,4,5,-1,6,7,8,-1,9,10,11,-1,12,13,14,-1,15,16,17,-1,18,19,20,-1,21,22,23,-1,24,25,26,-1,27,28,29,-1,30,31,32,-1,32,31,3,-1,33,34,32,-1,32,34,35,-1,35,36,32,-1,32,36,37,-1,32,37,30,-1,38,39,40,-1,40,39,41,-1,39,42,41,-1,41,42,43,-1,41,43,44,-1,44,43,45,-1,44,45,46,-1,47,48,49,-1,50,38,49,-1,48,51,49,-1,49,51,52,-1,49,52,50,-1,50,52,53,-1,50,53,54,-1,54,53,55,-1,54,55,56,-1,29,28,57,-1,28,58,57,-1,57,58,59,-1,57,59,49,-1,49,59,60,-1,49,60,47,-1,61,62,63,-1,63,62,64,-1,63,64,65,-1,65,66,63,-1,63,66,67,-1,63,67,29,-1,29,67,68,-1,29,68,27,-1,69,70,71,-1,71,70,72,-1,71,72,63,-1,63,72,73,-1,63,73,61,-1,74,75,71,-1,71,75,76,-1,71,76,69,-1,77,78,79,-1,79,78,80,-1,79,80,74,-1,74,80,81,-1,74,81,75,-1,0,82,1,-1,1,82,83,-1,1,83,84,-1,84,85,1,-1,1,85,86,-1,1,86,77,-1,87,88,4,-1,89,90,91,-1,92,93,0,-1,94,95,96,-1,96,95,97,-1,89,91,98,-1,92,0,99,-1,100,101,95,-1,95,101,102,-1,95,102,103,-1,4,88,0,-1,0,88,104,-1,0,104,99,-1,90,105,91,-1,91,105,106,-1,91,106,107,-1,108,109,110,-1,110,109,111,-1,110,111,112,-1,113,103,114,-1,114,103,115,-1,114,115,110,-1,110,115,116,-1,110,116,108,-1,113,117,103,-1,103,117,118,-1,103,118,95,-1,95,118,119,-1,95,119,97,-1,120,121,122,-1,122,121,123,-1,122,123,91,-1,91,123,124,-1,91,124,98,-1,125,126,91,-1,91,126,127,-1,91,127,95,-1,95,127,128,-1,95,128,100,-1,129,130,82,-1,82,130,131,-1,82,131,132,-1,132,133,82,-1,82,133,134,-1,82,134,135,-1,135,134,120,-1,135,120,136,-1,136,120,122,-1,93,137,0,-1,0,137,138,-1,0,138,82,-1,82,138,139,-1,82,139,129,-1,107,140,91,-1,91,140,141,-1,91,141,142,-1,142,143,91,-1,91,143,144,-1,91,144,125,-1,145,146,147,-1,147,103,145,-1,145,103,102,-1,145,102,148,-1,148,102,149,-1,149,150,148,-1,148,150,151,-1,148,151,152,-1,153,154,155,-1,153,155,156,-1,157,155,158,-1,146,145,157,-1,157,145,159,-1,157,159,155,-1,155,159,160,-1,155,160,156,-1,158,161,157,-1,157,161,162,-1,157,162,163,-1,154,164,155,-1,155,164,165,-1,155,165,166,-1,166,165,167,-1,168,169,163,-1,163,169,170,-1,163,170,157,-1,171,172,167,-1,167,172,173,-1,167,173,166,-1,31,174,3,-1,3,174,175,-1,3,175,4,-1,4,175,176,-1,4,176,87,-1,177,178,179,-1,179,178,180,-1,177,181,182,-1,182,181,183,-1,184,185,186,-1,186,185,187,-1,187,185,188,-1,188,185,177,-1,188,177,189,-1,189,177,182,-1,189,182,26,-1,26,182,190,-1,26,190,24,-1,178,191,180,-1,180,191,192,-1,180,192,193,-1,193,192,194,-1,195,196,197,-1,197,196,198,-1,199,200,201,-1,202,203,204,-1,204,203,205,-1,204,205,22,-1,206,207,208,-1,208,207,209,-1,208,209,205,-1,195,210,196,-1,196,210,211,-1,196,211,212,-1,212,211,201,-1,212,201,213,-1,213,201,200,-1,214,215,216,-1,216,215,217,-1,216,217,218,-1,219,220,221,-1,221,220,222,-1,218,223,216,-1,216,223,224,-1,216,224,225,-1,226,227,228,-1,229,230,208,-1,208,230,231,-1,208,231,206,-1,225,232,216,-1,216,232,233,-1,216,233,220,-1,220,233,198,-1,220,198,222,-1,222,198,196,-1,203,234,235,-1,235,234,236,-1,237,238,201,-1,201,238,239,-1,201,239,240,-1,219,241,220,-1,220,241,242,-1,220,242,243,-1,226,228,202,-1,228,244,202,-1,202,244,245,-1,202,245,203,-1,203,245,246,-1,203,246,234,-1,240,247,201,-1,201,247,248,-1,201,248,199,-1,236,249,235,-1,235,249,250,-1,235,250,251,-1,251,250,252,-1,251,252,253,-1,253,252,254,-1,21,23,255,-1,255,23,256,-1,255,256,257,-1,258,259,20,-1,252,260,261,-1,261,260,262,-1,261,262,263,-1,264,265,20,-1,20,265,266,-1,263,267,261,-1,261,267,268,-1,261,268,269,-1,269,268,270,-1,269,270,258,-1,271,272,259,-1,259,272,273,-1,259,273,20,-1,20,273,274,-1,20,274,264,-1,266,275,20,-1,20,275,276,-1,20,276,18,-1,277,278,279,-1,279,278,280,-1,279,280,281,-1,279,282,277,-1,277,282,283,-1,277,283,284,-1,284,285,277,-1,277,285,286,-1,277,286,287,-1,287,286,288,-1,287,288,289,-1,289,288,290,-1,289,290,259,-1,259,290,291,-1,259,291,271,-1,292,293,281,-1,281,293,294,-1,281,294,279,-1,295,296,227,-1,227,296,297,-1,227,297,228,-1,295,298,296,-1,296,298,299,-1,296,299,300,-1,300,299,301,-1,300,302,303,-1,301,304,300,-1,300,304,305,-1,300,305,306,-1,306,307,300,-1,300,307,308,-1,300,308,302,-1,303,309,300,-1,300,309,310,-1,300,310,311,-1,312,313,314,-1,314,313,315,-1,314,315,316,-1,313,317,315,-1,315,317,318,-1,315,318,319,-1,319,318,320,-1,319,320,321,-1,321,320,322,-1,321,322,323,-1,323,322,324,-1,323,324,325,-1,326,327,328,-1,329,330,331,-1,326,328,332,-1,332,328,333,-1,332,333,331,-1,331,333,334,-1,331,334,329,-1,335,336,319,-1,337,338,321,-1,336,339,319,-1,319,339,340,-1,319,340,326,-1,326,340,341,-1,326,341,327,-1,337,321,342,-1,329,343,330,-1,330,343,344,-1,330,344,321,-1,321,344,345,-1,321,345,342,-1,338,346,321,-1,321,346,347,-1,321,347,319,-1,319,347,348,-1,319,348,335,-1,331,349,350,-1,350,349,351,-1,350,352,331,-1,331,352,353,-1,331,353,332,-1,332,353,354,-1,332,354,355,-1,356,357,358,-1,358,357,359,-1,359,357,360,-1,360,357,353,-1,360,353,361,-1,361,353,352,-1,361,352,17,-1,17,352,362,-1,17,362,15,-1,351,349,363,-1,363,349,364,-1,363,364,365,-1,38,40,49,-1,49,40,366,-1,49,366,367,-1,368,369,370,-1,370,369,371,-1,370,371,367,-1,12,323,372,-1,372,323,325,-1,372,325,373,-1,374,375,364,-1,354,376,355,-1,355,376,365,-1,355,365,11,-1,11,365,364,-1,11,364,377,-1,377,364,375,-1,9,11,378,-1,379,380,381,-1,381,380,382,-1,383,384,381,-1,381,384,385,-1,381,385,377,-1,377,385,386,-1,377,386,11,-1,11,386,387,-1,11,387,378,-1,382,388,381,-1,381,388,389,-1,381,389,383,-1,390,391,381,-1,381,391,392,-1,381,392,379,-1,393,394,395,-1,395,394,396,-1,390,397,391,-1,391,397,398,-1,391,398,399,-1,399,398,396,-1,399,396,400,-1,400,396,394,-1,7,401,402,-1,402,401,403,-1,403,401,404,-1,403,404,405,-1,8,406,407,-1,407,408,8,-1,8,408,409,-1,8,409,6,-1,410,411,412,-1,413,414,415,-1,415,414,416,-1,415,416,8,-1,8,416,417,-1,8,417,406,-1,418,419,420,-1,420,419,421,-1,422,423,220,-1,220,423,424,-1,220,424,420,-1,420,424,425,-1,420,425,418,-1,10,422,261,-1,261,422,220,-1,261,220,252,-1,252,220,243,-1,252,243,254,-1,22,205,23,-1,23,205,209,-1,23,209,256,-1,256,209,426,-1,256,426,214,-1,214,426,427,-1,214,427,215,-1,428,429,430,-1,183,181,431,-1,431,181,432,-1,431,432,194,-1,194,432,430,-1,194,430,193,-1,193,430,429,-1,193,429,433,-1,434,435,436,-1,430,437,428,-1,428,437,438,-1,428,438,439,-1,439,438,434,-1,439,434,440,-1,440,434,436,-1,441,442,20,-1,20,442,443,-1,258,20,269,-1,269,20,443,-1,269,443,437,-1,437,443,444,-1,437,444,438,-1,445,442,446,-1,446,442,441,-1,446,441,447,-1,448,449,450,-1,451,452,441,-1,441,452,453,-1,441,453,447,-1,257,256,19,-1,19,256,448,-1,19,448,20,-1,20,448,450,-1,20,450,441,-1,441,450,454,-1,441,454,455,-1,456,457,458,-1,458,457,459,-1,458,459,448,-1,448,459,460,-1,448,460,449,-1,455,461,441,-1,441,461,462,-1,441,462,451,-1,433,463,464,-1,463,465,464,-1,464,465,466,-1,464,466,458,-1,458,466,467,-1,458,467,456,-1,468,74,469,-1,469,74,71,-1,469,71,470,-1,470,71,63,-1,470,63,471,-1,471,63,29,-1,471,29,472,-1,472,29,57,-1,472,57,473,-1,473,57,49,-1,473,49,474,-1,474,49,367,-1,474,367,475,-1,475,367,371,-1,476,477,412,-1,412,477,478,-1,479,415,32,-1,411,413,412,-1,412,413,415,-1,412,415,476,-1,476,415,479,-1,476,479,480,-1,5,412,3,-1,3,412,478,-1,3,478,32,-1,32,478,481,-1,32,481,479,-1,482,483,484,-1,483,482,485,-1,485,482,5,-1,485,5,486,-1,487,488,489,-1,489,488,485,-1,489,485,490,-1,490,485,486,-1,490,486,491,-1,491,486,492,-1,2,482,0,-1,0,482,484,-1,0,484,4,-1,4,484,493,-1,4,493,5,-1,5,493,494,-1,5,494,486,-1,7,402,8,-1,8,402,495,-1,8,495,415,-1,415,495,44,-1,415,44,32,-1,32,44,46,-1,32,46,33,-1,2,214,482,-1,482,214,216,-1,482,216,5,-1,5,216,220,-1,5,220,412,-1,412,220,420,-1,412,420,410,-1,410,420,421,-1,12,14,323,-1,323,14,496,-1,323,496,321,-1,321,496,497,-1,321,497,330,-1,330,497,498,-1,330,498,331,-1,331,498,499,-1,331,499,349,-1,349,499,403,-1,349,403,364,-1,364,403,405,-1,364,405,374,-1,10,261,11,-1,11,261,269,-1,11,269,355,-1,355,269,437,-1,355,437,332,-1,332,437,430,-1,332,430,326,-1,326,430,432,-1,326,432,319,-1,319,432,181,-1,319,181,315,-1,500,501,179,-1,177,179,181,-1,181,179,501,-1,181,501,502,-1,503,179,504,-1,504,179,505,-1,504,505,506,-1,506,505,507,-1,508,509,503,-1,503,509,510,-1,503,510,179,-1,179,510,511,-1,179,511,500,-1,325,316,373,-1,373,316,315,-1,373,315,507,-1,507,315,181,-1,507,181,506,-1,506,181,512,-1,511,513,514,-1,514,515,511,-1,511,515,516,-1,511,516,500,-1,517,518,512,-1,512,518,519,-1,512,519,520,-1,502,521,181,-1,181,521,522,-1,181,522,512,-1,512,522,523,-1,512,523,517,-1,520,524,512,-1,512,524,525,-1,512,525,511,-1,511,525,526,-1,511,526,513,-1,433,464,193,-1,193,464,527,-1,193,527,180,-1,180,527,528,-1,180,528,179,-1,179,528,529,-1,179,529,505,-1,77,79,1,-1,1,79,530,-1,1,530,2,-1,2,530,531,-1,2,531,214,-1,214,531,532,-1,214,532,256,-1,256,532,533,-1,256,533,448,-1,448,533,534,-1,448,534,458,-1,458,534,535,-1,458,535,464,-1,464,535,536,-1,464,536,527,-1,527,536,537,-1,527,537,528,-1,528,537,538,-1,528,538,529,-1,539,540,541,-1,542,543,544,-1,545,542,546,-1,542,544,546,-1,546,544,468,-1,546,468,547,-1,546,548,545,-1,545,548,549,-1,545,549,550,-1,550,549,551,-1,550,551,543,-1,543,551,552,-1,543,552,544,-1,544,552,553,-1,544,553,549,-1,549,553,554,-1,549,554,551,-1,469,555,468,-1,468,555,540,-1,468,540,547,-1,547,540,539,-1,469,470,555,-1,555,470,471,-1,555,471,556,-1,556,471,472,-1,548,539,549,-1,549,539,541,-1,549,541,474,-1,474,541,556,-1,474,556,473,-1,473,556,472,-1,557,558,559,-1,560,561,562,-1,563,468,564,-1,564,468,544,-1,565,566,567,-1,567,566,568,-1,568,569,544,-1,570,571,572,-1,573,574,575,-1,575,574,576,-1,577,578,579,-1,579,578,580,-1,569,581,544,-1,544,581,582,-1,544,582,583,-1,583,584,585,-1,585,584,586,-1,557,587,580,-1,580,587,575,-1,580,575,579,-1,579,575,576,-1,579,576,588,-1,588,576,589,-1,588,589,590,-1,590,589,591,-1,538,537,592,-1,592,537,536,-1,592,536,535,-1,593,594,592,-1,592,594,595,-1,592,595,538,-1,538,595,596,-1,538,596,597,-1,583,585,544,-1,544,585,598,-1,544,598,564,-1,564,598,599,-1,564,599,600,-1,601,602,603,-1,603,602,604,-1,605,606,607,-1,607,606,608,-1,609,610,611,-1,611,610,612,-1,613,614,615,-1,615,614,616,-1,617,585,618,-1,618,585,586,-1,618,586,604,-1,604,586,607,-1,604,607,603,-1,603,607,608,-1,603,608,619,-1,535,534,592,-1,592,534,533,-1,592,533,532,-1,620,621,622,-1,622,621,623,-1,622,623,616,-1,616,623,611,-1,616,611,615,-1,615,611,612,-1,615,612,600,-1,600,612,624,-1,600,624,564,-1,564,624,625,-1,557,559,587,-1,587,559,626,-1,587,626,627,-1,597,628,538,-1,538,628,626,-1,538,626,629,-1,629,626,559,-1,629,559,630,-1,562,631,629,-1,568,544,567,-1,567,544,629,-1,567,629,632,-1,632,629,631,-1,632,631,633,-1,532,531,592,-1,592,531,530,-1,592,530,572,-1,634,588,563,-1,563,588,590,-1,563,590,468,-1,468,590,570,-1,468,570,74,-1,74,570,572,-1,74,572,79,-1,79,572,530,-1,635,636,619,-1,608,560,619,-1,619,560,562,-1,619,562,635,-1,635,562,629,-1,635,629,621,-1,621,629,630,-1,621,630,623,-1,623,630,637,-1,638,639,640,-1,641,642,643,-1,643,644,641,-1,641,644,645,-1,641,645,646,-1,646,645,647,-1,646,647,648,-1,649,650,651,-1,651,650,652,-1,651,652,653,-1,654,655,656,-1,656,655,657,-1,656,657,652,-1,652,657,658,-1,652,658,653,-1,638,640,659,-1,660,661,662,-1,648,647,651,-1,651,647,663,-1,651,663,649,-1,654,664,655,-1,655,664,665,-1,655,665,666,-1,666,667,655,-1,655,667,668,-1,655,668,640,-1,640,668,669,-1,640,669,659,-1,670,671,672,-1,672,671,673,-1,674,675,41,-1,660,662,676,-1,673,677,672,-1,672,677,678,-1,672,678,679,-1,662,680,676,-1,676,680,681,-1,676,681,682,-1,682,681,683,-1,682,683,684,-1,685,686,687,-1,687,686,688,-1,687,688,689,-1,402,403,690,-1,690,403,499,-1,690,499,691,-1,639,692,640,-1,640,692,693,-1,640,693,694,-1,695,696,13,-1,13,696,697,-1,499,498,691,-1,691,498,497,-1,691,497,496,-1,402,690,495,-1,495,690,698,-1,495,698,44,-1,44,698,699,-1,44,699,41,-1,41,699,700,-1,41,700,674,-1,694,701,702,-1,702,701,642,-1,702,642,703,-1,703,642,641,-1,683,704,684,-1,684,704,705,-1,684,705,706,-1,706,705,707,-1,706,707,708,-1,679,678,709,-1,709,678,710,-1,709,710,685,-1,685,710,711,-1,685,711,686,-1,697,712,13,-1,13,712,691,-1,13,691,14,-1,14,691,496,-1,675,713,41,-1,41,713,714,-1,41,714,715,-1,694,702,640,-1,640,702,716,-1,640,716,717,-1,661,718,662,-1,662,718,719,-1,662,719,720,-1,720,719,657,-1,720,657,721,-1,721,657,655,-1,721,655,722,-1,722,655,41,-1,722,41,723,-1,723,41,715,-1,723,715,724,-1,724,715,670,-1,724,670,725,-1,725,670,672,-1,717,726,640,-1,640,726,727,-1,640,727,13,-1,13,727,728,-1,13,728,729,-1,689,695,687,-1,687,695,13,-1,687,13,730,-1,730,13,731,-1,707,732,708,-1,708,732,733,-1,708,733,729,-1,729,733,734,-1,729,734,13,-1,13,734,735,-1,13,735,731,-1,367,366,736,-1,736,366,737,-1,41,655,40,-1,40,655,737,-1,40,737,366,-1,738,739,740,-1,741,742,629,-1,629,742,743,-1,629,743,744,-1,745,746,744,-1,744,746,747,-1,744,747,629,-1,629,747,738,-1,629,738,748,-1,748,738,740,-1,749,750,751,-1,751,750,752,-1,12,372,753,-1,753,372,373,-1,753,373,754,-1,754,373,507,-1,754,507,505,-1,748,751,629,-1,629,751,752,-1,629,752,538,-1,538,752,754,-1,538,754,529,-1,529,754,505,-1,13,12,755,-1,755,12,753,-1,750,749,756,-1,756,749,757,-1,758,740,739,-1,759,760,640,-1,739,759,758,-1,758,759,640,-1,758,640,757,-1,757,640,13,-1,757,13,756,-1,756,13,755,-1,742,741,761,-1,761,741,640,-1,761,640,762,-1,762,640,760,-1,762,760,745,-1,745,760,746,-1,763,764,765,-1,765,764,766,-1,765,766,767,-1,767,766,768,-1,767,768,769,-1,769,768,770,-1,769,770,771,-1,771,770,772,-1,771,772,773,-1,773,772,774,-1,773,774,775,-1,775,774,776,-1,775,776,777,-1,777,776,778,-1,777,778,779,-1,779,778,780,-1,779,780,781,-1,781,780,782,-1,781,782,783,-1,783,782,784,-1,783,784,785,-1,785,784,786,-1,785,786,787,-1,787,786,788,-1,787,788,789,-1,789,788,790,-1,789,790,791,-1,791,790,792,-1,791,792,793,-1,793,792,794,-1,793,794,795,-1,795,794,796,-1,795,796,797,-1,797,796,798,-1,797,798,799,-1,799,798,800,-1,799,800,801,-1,801,800,802,-1,801,802,803,-1,803,802,804,-1,803,804,805,-1,805,804,806,-1,805,806,807,-1,807,806,808,-1,807,808,809,-1,809,808,810,-1,809,810,763,-1,763,810,764,-1,811,656,812,-1,812,656,652,-1,812,652,813,-1,813,652,650,-1,813,650,814,-1,814,650,649,-1,814,649,815,-1,815,649,663,-1,815,663,816,-1,816,663,647,-1,816,647,817,-1,817,647,645,-1,817,645,818,-1,818,645,644,-1,818,644,819,-1,819,644,643,-1,819,643,820,-1,820,643,642,-1,820,642,821,-1,821,642,701,-1,821,701,822,-1,822,701,694,-1,822,694,823,-1,823,694,693,-1,823,693,824,-1,824,693,692,-1,824,692,825,-1,825,692,639,-1,825,639,826,-1,826,639,638,-1,826,638,827,-1,827,638,659,-1,827,659,828,-1,828,659,669,-1,828,669,829,-1,829,669,668,-1,829,668,830,-1,830,668,667,-1,830,667,831,-1,831,667,666,-1,831,666,832,-1,832,666,665,-1,832,665,833,-1,833,665,664,-1,833,664,834,-1,834,664,654,-1,834,654,811,-1,811,654,656,-1,835,836,837,-1,837,836,838,-1,839,840,841,-1,841,840,842,-1,836,583,838,-1,838,583,582,-1,838,582,837,-1,837,582,581,-1,835,584,836,-1,836,584,583,-1,840,631,842,-1,842,631,562,-1,839,633,840,-1,840,633,631,-1,842,562,841,-1,841,562,561,-1,843,844,845,-1,845,844,846,-1,847,848,849,-1,849,848,850,-1,850,848,845,-1,845,848,851,-1,845,851,843,-1,847,849,852,-1,852,849,846,-1,852,846,844,-1,567,853,565,-1,565,853,854,-1,565,854,566,-1,566,854,855,-1,856,857,568,-1,568,857,569,-1,858,859,586,-1,586,859,607,-1,568,566,855,-1,605,607,860,-1,860,607,859,-1,860,859,855,-1,855,859,856,-1,855,856,568,-1,605,860,606,-1,606,860,861,-1,861,862,606,-1,606,862,608,-1,862,863,608,-1,608,863,560,-1,864,853,632,-1,632,853,567,-1,865,866,552,-1,552,866,553,-1,851,865,843,-1,843,865,552,-1,843,552,844,-1,844,552,551,-1,551,867,844,-1,844,867,868,-1,844,868,852,-1,869,868,870,-1,870,868,867,-1,870,554,869,-1,869,554,553,-1,869,553,866,-1,871,872,743,-1,743,872,744,-1,871,743,873,-1,873,743,742,-1,873,742,874,-1,874,742,761,-1,875,762,876,-1,876,762,745,-1,876,745,872,-1,872,745,744,-1,877,878,879,-1,879,878,880,-1,879,880,881,-1,881,880,882,-1,881,882,883,-1,883,882,884,-1,883,884,885,-1,885,884,886,-1,885,886,887,-1,887,886,888,-1,887,888,889,-1,889,888,890,-1,889,890,891,-1,891,890,892,-1,891,892,893,-1,893,892,894,-1,893,894,895,-1,895,894,896,-1,895,896,897,-1,897,896,898,-1,897,898,899,-1,899,898,900,-1,899,900,901,-1,901,900,902,-1,901,902,903,-1,903,902,904,-1,903,904,905,-1,905,904,906,-1,905,906,907,-1,907,906,908,-1,907,908,909,-1,909,908,910,-1,909,910,911,-1,911,910,912,-1,911,912,913,-1,913,912,914,-1,913,914,915,-1,915,914,916,-1,915,916,917,-1,917,916,918,-1,917,918,919,-1,919,918,920,-1,919,920,921,-1,921,920,922,-1,921,922,923,-1,923,922,924,-1,923,924,877,-1,877,924,878,-1,925,657,926,-1,926,657,719,-1,926,719,927,-1,927,719,718,-1,927,718,928,-1,928,718,661,-1,928,661,929,-1,929,661,660,-1,929,660,930,-1,930,660,676,-1,930,676,931,-1,931,676,682,-1,931,682,932,-1,932,682,684,-1,932,684,933,-1,933,684,706,-1,933,706,934,-1,934,706,708,-1,934,708,935,-1,935,708,729,-1,935,729,936,-1,936,729,728,-1,936,728,937,-1,937,728,727,-1,937,727,938,-1,938,727,726,-1,938,726,939,-1,939,726,717,-1,939,717,940,-1,940,717,716,-1,940,716,941,-1,941,716,702,-1,941,702,942,-1,942,702,703,-1,942,703,943,-1,943,703,641,-1,943,641,944,-1,944,641,646,-1,944,646,945,-1,945,646,648,-1,945,648,946,-1,946,648,651,-1,946,651,947,-1,947,651,653,-1,947,653,948,-1,948,653,658,-1,948,658,925,-1,925,658,657,-1,949,950,951,-1,951,950,952,-1,953,954,955,-1,955,954,956,-1,950,598,952,-1,952,598,585,-1,952,585,951,-1,951,585,617,-1,949,599,950,-1,950,599,598,-1,954,635,956,-1,956,635,621,-1,953,636,954,-1,954,636,635,-1,956,621,955,-1,955,621,620,-1,957,958,959,-1,959,958,960,-1,961,962,963,-1,963,962,964,-1,964,962,959,-1,959,962,965,-1,959,965,957,-1,961,963,966,-1,966,963,960,-1,966,960,958,-1,603,967,601,-1,601,967,968,-1,601,968,602,-1,602,968,969,-1,970,971,604,-1,604,971,618,-1,972,973,600,-1,600,973,615,-1,604,602,969,-1,613,615,974,-1,974,615,973,-1,974,973,969,-1,969,973,970,-1,969,970,604,-1,613,974,614,-1,614,974,975,-1,975,976,614,-1,614,976,616,-1,976,977,616,-1,616,977,622,-1,978,967,619,-1,619,967,603,-1,979,980,542,-1,542,980,543,-1,965,979,957,-1,957,979,542,-1,957,542,958,-1,958,542,545,-1,545,981,958,-1,958,981,982,-1,958,982,966,-1,983,982,984,-1,984,982,981,-1,984,550,983,-1,983,550,543,-1,983,543,980,-1,985,986,747,-1,747,986,738,-1,985,747,987,-1,987,747,746,-1,987,746,988,-1,988,746,760,-1,989,759,990,-1,990,759,739,-1,990,739,986,-1,986,739,738,-1,736,737,629,-1,629,737,741,-1,741,737,655,-1,741,655,640,-1,629,544,736,-1,736,544,549,-1,736,549,991,-1,991,992,736,-1,736,992,993,-1,736,993,994,-1,994,993,995,-1,988,989,987,-1,987,989,990,-1,978,987,967,-1,967,987,968,-1,976,975,977,-1,977,975,990,-1,974,969,975,-1,975,969,968,-1,975,968,990,-1,990,968,987,-1,979,965,962,-1,966,982,961,-1,961,982,983,-1,961,983,962,-1,962,983,980,-1,962,980,979,-1,981,545,984,-1,984,545,550,-1,955,620,622,-1,978,619,953,-1,953,619,636,-1,977,990,986,-1,987,978,985,-1,985,978,953,-1,985,953,986,-1,986,953,955,-1,986,955,977,-1,977,955,622,-1,600,599,949,-1,960,600,959,-1,959,600,949,-1,959,949,964,-1,964,949,951,-1,951,617,964,-1,964,617,618,-1,964,618,963,-1,963,618,971,-1,963,971,960,-1,960,971,972,-1,960,972,600,-1,892,932,894,-1,894,932,933,-1,894,933,896,-1,896,933,934,-1,896,934,898,-1,898,934,935,-1,898,935,900,-1,900,935,936,-1,900,936,902,-1,902,936,937,-1,902,937,904,-1,904,937,938,-1,904,938,906,-1,906,938,939,-1,906,939,908,-1,908,939,940,-1,908,940,910,-1,910,940,941,-1,910,941,912,-1,912,941,942,-1,912,942,914,-1,914,942,943,-1,914,943,916,-1,916,943,944,-1,916,944,918,-1,918,944,945,-1,918,945,920,-1,920,945,946,-1,920,946,922,-1,922,946,947,-1,922,947,924,-1,924,947,948,-1,924,948,878,-1,878,948,925,-1,878,925,880,-1,880,925,926,-1,880,926,882,-1,882,926,927,-1,882,927,884,-1,884,927,928,-1,884,928,886,-1,886,928,929,-1,886,929,888,-1,888,929,930,-1,888,930,890,-1,890,930,931,-1,890,931,892,-1,892,931,932,-1,915,971,913,-1,913,971,970,-1,913,970,911,-1,915,917,971,-1,971,917,919,-1,971,919,921,-1,879,972,877,-1,877,972,971,-1,877,971,923,-1,923,971,921,-1,905,907,970,-1,970,907,909,-1,970,909,911,-1,879,881,972,-1,972,881,883,-1,972,883,885,-1,891,973,889,-1,889,973,972,-1,889,972,887,-1,887,972,885,-1,891,893,973,-1,973,893,895,-1,973,895,897,-1,897,899,973,-1,973,899,901,-1,973,901,970,-1,970,901,903,-1,970,903,905,-1,874,875,873,-1,873,875,876,-1,864,873,853,-1,853,873,854,-1,862,861,863,-1,863,861,876,-1,860,855,861,-1,861,855,854,-1,861,854,876,-1,876,854,873,-1,865,851,848,-1,852,868,847,-1,847,868,869,-1,847,869,848,-1,848,869,866,-1,848,866,865,-1,867,551,870,-1,870,551,554,-1,841,561,560,-1,864,632,839,-1,839,632,633,-1,863,876,872,-1,873,864,871,-1,871,864,839,-1,871,839,872,-1,872,839,841,-1,872,841,863,-1,863,841,560,-1,586,584,835,-1,846,586,845,-1,845,586,835,-1,845,835,850,-1,850,835,837,-1,837,581,850,-1,850,581,569,-1,850,569,849,-1,849,569,857,-1,849,857,846,-1,846,857,858,-1,846,858,586,-1,786,822,788,-1,788,822,823,-1,788,823,790,-1,790,823,824,-1,790,824,792,-1,792,824,825,-1,792,825,794,-1,794,825,826,-1,794,826,796,-1,796,826,827,-1,796,827,798,-1,798,827,828,-1,798,828,800,-1,800,828,829,-1,800,829,802,-1,802,829,830,-1,802,830,804,-1,804,830,831,-1,804,831,806,-1,806,831,832,-1,806,832,808,-1,808,832,833,-1,808,833,810,-1,810,833,834,-1,810,834,764,-1,764,834,811,-1,764,811,766,-1,766,811,812,-1,766,812,768,-1,768,812,813,-1,768,813,770,-1,770,813,814,-1,770,814,772,-1,772,814,815,-1,772,815,774,-1,774,815,816,-1,774,816,776,-1,776,816,817,-1,776,817,778,-1,778,817,818,-1,778,818,780,-1,780,818,819,-1,780,819,782,-1,782,819,820,-1,782,820,784,-1,784,820,821,-1,784,821,786,-1,786,821,822,-1,856,799,857,-1,857,799,801,-1,791,793,856,-1,793,795,856,-1,856,795,797,-1,856,797,799,-1,801,803,857,-1,857,803,805,-1,857,805,807,-1,767,769,858,-1,777,859,775,-1,775,859,858,-1,807,809,857,-1,857,809,763,-1,857,763,858,-1,858,763,765,-1,858,765,767,-1,769,771,858,-1,858,771,773,-1,858,773,775,-1,777,779,859,-1,859,779,781,-1,859,781,783,-1,783,785,859,-1,859,785,787,-1,859,787,856,-1,856,787,789,-1,856,789,791,-1,875,874,762,-1,762,874,761,-1,989,988,759,-1,759,988,760,-1,996,997,998,-1,998,997,999,-1,998,999,1000,-1,1000,999,1001,-1,1000,1001,1002,-1,1002,1001,1003,-1,1002,1003,1004,-1,1004,1003,1005,-1,1004,1005,1006,-1,1006,1005,1007,-1,1006,1007,1008,-1,1008,1007,1009,-1,1008,1009,1010,-1,1010,1009,1011,-1,1010,1011,1012,-1,1012,1011,1013,-1,1012,1013,1014,-1,1014,1013,1015,-1,1014,1015,1016,-1,1016,1015,1017,-1,1016,1017,1018,-1,1018,1017,1019,-1,1018,1019,1020,-1,1020,1019,1021,-1,1020,1021,1022,-1,1022,1021,1023,-1,1022,1023,1024,-1,1024,1023,1025,-1,1024,1025,1026,-1,1026,1025,1027,-1,1026,1027,1028,-1,1028,1027,1029,-1,1028,1029,1030,-1,1030,1029,1031,-1,1030,1031,1032,-1,1032,1031,1033,-1,1032,1033,1034,-1,1034,1033,1035,-1,1034,1035,1036,-1,1036,1035,1037,-1,1036,1037,1038,-1,1038,1037,1039,-1,1038,1039,1040,-1,1040,1039,1041,-1,1040,1041,1042,-1,1042,1041,1043,-1,1042,1043,996,-1,996,1043,997,-1,1044,1045,1046,-1,1046,1045,1047,-1,1046,1047,1048,-1,1048,1047,1049,-1,1048,1049,1050,-1,1050,1049,1051,-1,1050,1051,1052,-1,1052,1051,1053,-1,1052,1053,1054,-1,1054,1053,1055,-1,1054,1055,1056,-1,1056,1055,1057,-1,1056,1057,1058,-1,1058,1057,1059,-1,1058,1059,1060,-1,1060,1059,1061,-1,1060,1061,1062,-1,1062,1061,1063,-1,1062,1063,1064,-1,1064,1063,1065,-1,1064,1065,1066,-1,1066,1065,1067,-1,1066,1067,1068,-1,1068,1067,1069,-1,1068,1069,1070,-1,1070,1069,1071,-1,1070,1071,1072,-1,1072,1071,1073,-1,1072,1073,1074,-1,1074,1073,1075,-1,1074,1075,1076,-1,1076,1075,1077,-1,1076,1077,1078,-1,1078,1077,1079,-1,1078,1079,1080,-1,1080,1079,1081,-1,1080,1081,1082,-1,1082,1081,1083,-1,1082,1083,1084,-1,1084,1083,1085,-1,1084,1085,1086,-1,1086,1085,1087,-1,1086,1087,1088,-1,1088,1087,1089,-1,1088,1089,1090,-1,1090,1089,1091,-1,1090,1091,1044,-1,1044,1091,1045,-1,1092,1093,1094,-1,1094,1093,1095,-1,1096,1097,1098,-1,1099,1093,1100,-1,1100,1093,1092,-1,1100,1092,1098,-1,1098,1092,1101,-1,1098,1101,1096,-1,1102,1103,1104,-1,1104,1103,1105,-1,1106,1107,1108,-1,1109,1103,1110,-1,1110,1103,1102,-1,1110,1102,1108,-1,1108,1102,1111,-1,1108,1111,1106,-1,1112,1113,1114,-1,1114,1113,1115,-1,1116,1117,1118,-1,1118,1117,1119,-1,1120,1121,1122,-1,1122,1121,1123,-1,1124,1125,1121,-1,1121,1125,1119,-1,1121,1119,1123,-1,1123,1119,1117,-1,1100,1126,1099,-1,1099,1126,1127,-1,1099,1127,1128,-1,1129,1128,1130,-1,1130,1128,1127,-1,1131,1098,1130,-1,1130,1098,1097,-1,1130,1097,1129,-1,1100,1098,1126,-1,1126,1098,1131,-1,1132,1133,1134,-1,1134,1133,1135,-1,1136,1032,1137,-1,1137,1032,1034,-1,1136,1024,1026,-1,1004,1138,1002,-1,1002,1138,1000,-1,1010,1139,1008,-1,1008,1139,1138,-1,1008,1138,1006,-1,1006,1138,1004,-1,1010,1012,1139,-1,1139,1012,1014,-1,1139,1014,1016,-1,1026,1028,1136,-1,1136,1028,1030,-1,1136,1030,1032,-1,1034,1036,1137,-1,1137,1036,1038,-1,1137,1038,1040,-1,1016,1018,1139,-1,1139,1018,1020,-1,1139,1020,1136,-1,1136,1020,1022,-1,1136,1022,1024,-1,1040,1042,1137,-1,1137,1042,996,-1,1137,996,1138,-1,1138,996,998,-1,1138,998,1000,-1,1140,1141,1142,-1,1142,1141,1143,-1,1144,1145,1146,-1,1146,1145,1147,-1,1148,1149,1150,-1,1150,1149,1151,-1,1152,1153,1149,-1,1149,1153,1147,-1,1149,1147,1151,-1,1151,1147,1145,-1,1110,1154,1109,-1,1109,1154,1155,-1,1109,1155,1156,-1,1157,1156,1158,-1,1158,1156,1155,-1,1159,1108,1158,-1,1158,1108,1107,-1,1158,1107,1157,-1,1110,1108,1154,-1,1154,1108,1159,-1,1160,1161,1162,-1,1162,1161,1163,-1,1054,1056,1164,-1,1060,1062,1165,-1,1165,1062,1064,-1,1164,1056,1165,-1,1165,1056,1058,-1,1165,1058,1060,-1,1048,1050,1164,-1,1164,1050,1052,-1,1164,1052,1054,-1,1070,1166,1068,-1,1068,1166,1165,-1,1068,1165,1066,-1,1066,1165,1064,-1,1070,1072,1166,-1,1166,1072,1074,-1,1166,1074,1076,-1,1084,1086,1167,-1,1167,1086,1088,-1,1088,1090,1167,-1,1167,1090,1044,-1,1167,1044,1164,-1,1164,1044,1046,-1,1164,1046,1048,-1,1076,1078,1166,-1,1166,1078,1080,-1,1166,1080,1167,-1,1167,1080,1082,-1,1167,1082,1084,-1,1019,1168,1021,-1,1021,1168,1169,-1,1021,1169,1023,-1,1023,1169,1170,-1,1023,1170,1025,-1,1025,1170,1171,-1,1025,1171,1027,-1,1027,1171,1172,-1,1027,1172,1029,-1,1029,1172,1173,-1,1029,1173,1031,-1,1031,1173,1174,-1,1031,1174,1033,-1,1033,1174,1175,-1,1033,1175,1035,-1,1035,1175,1176,-1,1035,1176,1037,-1,1037,1176,1177,-1,1037,1177,1039,-1,1039,1177,1178,-1,1039,1178,1041,-1,1041,1178,1179,-1,1041,1179,1043,-1,1043,1179,1180,-1,1043,1180,997,-1,997,1180,1181,-1,997,1181,999,-1,999,1181,1182,-1,999,1182,1001,-1,1001,1182,1183,-1,1001,1183,1003,-1,1003,1183,1184,-1,1003,1184,1005,-1,1005,1184,1185,-1,1005,1185,1007,-1,1007,1185,1186,-1,1007,1186,1009,-1,1009,1186,1187,-1,1009,1187,1011,-1,1011,1187,1188,-1,1011,1188,1013,-1,1013,1188,1189,-1,1013,1189,1015,-1,1015,1189,1190,-1,1015,1190,1017,-1,1017,1190,1191,-1,1017,1191,1019,-1,1019,1191,1168,-1,1065,1192,1067,-1,1067,1192,1193,-1,1067,1193,1069,-1,1069,1193,1194,-1,1069,1194,1071,-1,1071,1194,1195,-1,1071,1195,1073,-1,1073,1195,1196,-1,1073,1196,1075,-1,1075,1196,1197,-1,1075,1197,1077,-1,1077,1197,1198,-1,1077,1198,1079,-1,1079,1198,1199,-1,1079,1199,1081,-1,1081,1199,1200,-1,1081,1200,1083,-1,1083,1200,1201,-1,1083,1201,1085,-1,1085,1201,1202,-1,1085,1202,1087,-1,1087,1202,1203,-1,1087,1203,1089,-1,1089,1203,1204,-1,1089,1204,1091,-1,1091,1204,1205,-1,1091,1205,1045,-1,1045,1205,1206,-1,1045,1206,1047,-1,1047,1206,1207,-1,1047,1207,1049,-1,1049,1207,1208,-1,1049,1208,1051,-1,1051,1208,1209,-1,1051,1209,1053,-1,1053,1209,1210,-1,1053,1210,1055,-1,1055,1210,1211,-1,1055,1211,1057,-1,1057,1211,1212,-1,1057,1212,1059,-1,1059,1212,1213,-1,1059,1213,1061,-1,1061,1213,1214,-1,1061,1214,1063,-1,1063,1214,1215,-1,1063,1215,1065,-1,1065,1215,1192,-1,1216,1217,1145,-1,1145,1217,1151,-1,1218,1219,1117,-1,1117,1219,1123,-1,1097,1096,1129,-1,1129,1096,555,-1,1129,555,1128,-1,1128,555,556,-1,556,1095,1128,-1,1128,1095,1093,-1,1128,1093,1099,-1,1095,556,1094,-1,1094,556,541,-1,1094,541,1092,-1,1092,541,540,-1,1092,540,1101,-1,1096,1101,555,-1,555,1101,540,-1,1107,1106,1157,-1,1157,1106,547,-1,1157,547,1156,-1,1156,547,539,-1,539,1105,1156,-1,1156,1105,1103,-1,1156,1103,1109,-1,1105,539,1104,-1,1104,539,548,-1,1104,548,1102,-1,1102,548,546,-1,1102,546,1111,-1,1106,1111,547,-1,547,1111,546,-1,1136,1137,576,-1,576,1137,589,-1,573,1119,574,-1,574,1119,1125,-1,575,1118,573,-1,573,1118,1119,-1,1116,1118,587,-1,587,1118,575,-1,1112,627,1113,-1,1113,627,626,-1,1113,626,1115,-1,1115,626,628,-1,1115,628,1114,-1,1114,628,597,-1,1114,597,596,-1,1116,587,1112,-1,1112,587,627,-1,1122,1123,1220,-1,1117,1116,1221,-1,1221,1116,1112,-1,1221,1112,1220,-1,1220,1112,1114,-1,1220,1114,1122,-1,1122,1114,596,-1,1120,1122,595,-1,595,1122,596,-1,1121,1120,594,-1,594,1120,595,-1,593,1124,594,-1,594,1124,1121,-1,576,574,1125,-1,593,592,1124,-1,1124,592,1139,-1,1124,1139,1125,-1,1125,1139,1136,-1,1125,1136,576,-1,1138,1139,572,-1,572,1139,592,-1,1132,571,1133,-1,1133,571,570,-1,1133,570,1135,-1,1135,570,590,-1,1135,590,1134,-1,1134,590,591,-1,572,571,1132,-1,1127,572,1130,-1,1130,572,1132,-1,1130,1132,1131,-1,1131,1132,1134,-1,1134,591,1131,-1,1131,591,589,-1,1131,589,1126,-1,1126,589,1137,-1,1126,1137,1127,-1,1127,1137,1138,-1,1127,1138,572,-1,1166,1167,612,-1,612,1167,624,-1,609,1147,610,-1,610,1147,1153,-1,611,1146,609,-1,609,1146,1147,-1,1144,1146,623,-1,623,1146,611,-1,1140,637,1141,-1,1141,637,630,-1,1141,630,1143,-1,1143,630,559,-1,1143,559,1142,-1,1142,559,558,-1,1142,558,557,-1,1144,623,1140,-1,1140,623,637,-1,1150,1151,1222,-1,1145,1144,1223,-1,1223,1144,1140,-1,1223,1140,1222,-1,1222,1140,1142,-1,1222,1142,1150,-1,1150,1142,557,-1,1148,1150,580,-1,580,1150,557,-1,1149,1148,578,-1,578,1148,580,-1,577,1152,578,-1,578,1152,1149,-1,612,610,1153,-1,577,579,1152,-1,1152,579,1165,-1,1152,1165,1153,-1,1153,1165,1166,-1,1153,1166,612,-1,1164,1165,588,-1,588,1165,579,-1,1160,634,1161,-1,1161,634,563,-1,1161,563,1163,-1,1163,563,564,-1,1163,564,1162,-1,1162,564,625,-1,588,634,1160,-1,1155,588,1158,-1,1158,588,1160,-1,1158,1160,1159,-1,1159,1160,1162,-1,1162,625,1159,-1,1159,625,624,-1,1159,624,1154,-1,1154,624,1167,-1,1154,1167,1155,-1,1155,1167,1164,-1,1155,1164,588,-1,1181,715,1182,-1,1182,715,714,-1,1182,714,1183,-1,1183,714,713,-1,1183,713,1184,-1,1184,713,675,-1,1184,675,1185,-1,1185,675,674,-1,1185,674,1186,-1,1186,674,700,-1,1186,700,1187,-1,1187,700,699,-1,1187,699,1188,-1,1188,699,698,-1,1188,698,1189,-1,1189,698,690,-1,1189,690,1190,-1,1190,690,691,-1,1190,691,1191,-1,1191,691,712,-1,1191,712,1168,-1,1168,712,697,-1,1168,697,1169,-1,1169,697,696,-1,1169,696,1170,-1,1170,696,695,-1,1170,695,1171,-1,1171,695,689,-1,1171,689,1172,-1,1172,689,688,-1,1172,688,1173,-1,1173,688,686,-1,1173,686,1174,-1,1174,686,711,-1,1174,711,1175,-1,1175,711,710,-1,1175,710,1176,-1,1176,710,678,-1,1176,678,1177,-1,1177,678,677,-1,1177,677,1178,-1,1178,677,673,-1,1178,673,1179,-1,1179,673,671,-1,1179,671,1180,-1,1180,671,670,-1,1180,670,1181,-1,1181,670,715,-1,1206,722,1207,-1,1207,722,723,-1,1207,723,1208,-1,1208,723,724,-1,1208,724,1209,-1,1209,724,725,-1,1209,725,1210,-1,1210,725,672,-1,1210,672,1211,-1,1211,672,679,-1,1211,679,1212,-1,1212,679,709,-1,1212,709,1213,-1,1213,709,685,-1,1213,685,1214,-1,1214,685,687,-1,1214,687,1215,-1,1215,687,730,-1,1215,730,1192,-1,1192,730,731,-1,1192,731,1193,-1,1193,731,735,-1,1193,735,1194,-1,1194,735,734,-1,1194,734,1195,-1,1195,734,733,-1,1195,733,1196,-1,1196,733,732,-1,1196,732,1197,-1,1197,732,707,-1,1197,707,1198,-1,1198,707,705,-1,1198,705,1199,-1,1199,705,704,-1,1199,704,1200,-1,1200,704,683,-1,1200,683,1201,-1,1201,683,681,-1,1201,681,1202,-1,1202,681,680,-1,1202,680,1203,-1,1203,680,662,-1,1203,662,1204,-1,1204,662,720,-1,1204,720,1205,-1,1205,720,721,-1,1205,721,1206,-1,1206,721,722,-1,1221,1220,752,-1,752,1220,754,-1,1223,1222,748,-1,748,1222,751,-1,1223,748,1145,-1,1145,748,740,-1,1145,740,1216,-1,1216,740,758,-1,1217,1216,757,-1,757,1216,758,-1,1217,757,1151,-1,1151,757,749,-1,1151,749,1222,-1,1222,749,751,-1,1221,752,1117,-1,1117,752,750,-1,1117,750,1218,-1,1218,750,756,-1,1219,1218,755,-1,755,1218,756,-1,1219,755,1123,-1,1123,755,753,-1,1123,753,1220,-1,1220,753,754,-1,
        ]
    }
}
Shape{
    appearance Appearance {
        material  Material 	{
            diffuseColor 0.0 0.0 0.0
            specularColor 0.0 0.0 0.0
            ambientIntensity 0.0
            transparency 0.0
            shininess 0.5
        }
    }
    geometry IndexedFaceSet {
        ccw TRUE
        solid FALSE
        coord DEF co Coordinate {
            point [
                2.0886 -0.0496 0.9571, 2.0886 -0.0496 0.9434, 2.0886 -0.0496 0.9571, 2.0886 -0.0496 0.9434, 2.0886 -0.0975 0.9571, 2.0886 -0.0975 0.9571, 2.0886 -0.0975 1.0635, 2.0886 -0.0975 1.0635, 2.0886 -0.113 1.0635, 2.0886 -0.113 1.0635, 2.0886 -0.113 0.9434, 2.0886 -0.113 0.9434, 2.0886 0.0303 0.9431, 2.0886 0.012 0.9414, 2.0886 0.0225 0.9424, 2.0886 0.012 0.9414, 2.0886 0.0303 0.9431, 2.0886 0.0432 0.9474, 2.0886 0.0432 0.9474, 2.0886 0.0452 0.9484, 2.0886 0.0452 0.9484, 2.0886 0.0452 0.9632, 2.0886 0.0452 0.9632, 2.0886 0.0334 0.9579, 2.0886 0.0334 0.9579, 2.0886 0.0198 0.9554, 2.0886 0.0198 0.9554, 2.0886 0.0142 0.9552, 2.0886 0.0142 0.9552, 2.0886 0.0021 0.9567, 2.0886 0.0021 0.9567, 2.0886 -0.0064 0.96, 2.0886 -0.0064 0.96, 2.0886 -0.0143 0.9655, 2.0886 -0.0143 0.9655, 2.0886 -0.0167 0.9678, 2.0886 -0.0167 0.9678, 2.0886 -0.0217 0.9746, 2.0886 -0.0217 0.9746, 2.0886 -0.0259 0.984, 2.0886 -0.0259 0.984, 2.0886 -0.0282 0.9955, 2.0886 -0.0282 0.9955, 2.0886 -0.0285 1.0021, 2.0886 -0.0285 1.0021, 2.0886 -0.0264 1.0187, 2.0886 -0.0264 1.0187, 2.0886 -0.0224 1.0291, 2.0886 -0.0224 1.0291, 2.0886 -0.0158 1.0382, 2.0886 -0.0158 1.0382, 2.0886 -0.0077 1.045, 2.0886 -0.0077 1.045, 2.0886 0.0018 1.0493, 2.0886 0.0018 1.0493, 2.0886 0.0122 1.0514, 2.0886 0.0122 1.0514, 2.0886 0.0169 1.0515, 2.0886 0.0169 1.0515, 2.0886 0.0317 1.0498, 2.0886 0.0317 1.0498, 2.0886 0.0439 1.0451, 2.0886 0.0439 1.0451, 2.0886 0.0452 1.0444, 2.0886 0.0452 1.0444, 2.0886 0.0452 1.0606, 2.0886 0.0452 1.0606, 2.0886 0.0167 1.0655, 2.0886 0.0167 1.0655, 2.0886 0.0168 1.0655, 2.0886 0.0326 1.0643, 2.0886 0.0326 1.0643, 2.0886 0.0296 1.0645, 2.0886 0.0168 1.0655, 2.0886 0.0084 1.0645, 2.0886 -0.0007 1.0634, 2.0886 -0.0007 1.0634, 2.0886 -0.0132 1.0585, 2.0886 -0.0132 1.0585, 2.0886 -0.0245 1.0506, 2.0886 -0.0245 1.0506, 2.0886 -0.0274 1.0479, 2.0886 -0.0274 1.0479, 2.0886 -0.0361 1.0365, 2.0886 -0.0361 1.0365, 2.0886 -0.0394 1.0288, 2.0886 -0.0418 1.0231, 2.0886 -0.0418 1.0231, 2.0886 -0.0445 1.0075, 2.0886 -0.0445 1.0075, 2.0886 -0.0447 1.0012, 2.0886 -0.0447 1.0012, 2.0886 -0.0293 0.9578, 2.0886 -0.0293 0.9578, 2.0886 -0.0374 0.969, 2.0886 -0.0423 0.9815, 2.0886 -0.0423 0.9815, 2.0886 -0.0394 0.9739, 2.0886 -0.0374 0.969, 2.0886 0.0047 0.9417, 2.0886 -0.0197 0.9497, 2.0886 -0.0197 0.9497, 2.0886 -0.0083 0.9444, 2.0886 -0.0083 0.9444, 2.0886 0.0014 0.9424, 2.0886 0.0047 0.9417, 2.0886 0.1338 0.9571, 2.0886 0.1338 0.9434, 2.0886 0.1338 0.9571, 2.0886 0.1338 0.9434, 2.0886 0.0847 0.9571, 2.0886 0.0847 0.9571, 2.0886 0.1172 0.9571, 2.0886 0.0847 0.9975, 2.0886 0.0847 0.9975, 2.0886 0.1277 0.9975, 2.0886 0.1277 0.9975, 2.0886 0.1172 0.9975, 2.0886 0.1277 1.0113, 2.0886 0.1277 1.0113, 2.0886 0.0847 1.0113, 2.0886 0.0847 1.0113, 2.0886 0.1172 1.0113, 2.0886 0.0847 1.0497, 2.0886 0.0847 1.0497, 2.0886 0.1311 1.0497, 2.0886 0.1311 1.0497, 2.0886 0.1172 1.0497, 2.0886 0.1311 1.0635, 2.0886 0.1311 1.0635, 2.0886 0.0692 1.0635, 2.0886 0.0692 1.0635, 2.0886 0.1172 1.0635, 2.0886 0.0692 0.9434, 2.0886 0.0692 0.9434, 2.0886 0.1172 0.9434, 2.0886 0.2305 0.976, 2.0886 0.2252 0.9696, 2.0886 0.2362 0.9602, 2.0886 0.2238 0.9684, 2.0886 0.2237 0.9513, 2.0886 0.2161 0.963, 2.0886 0.2101 0.9459, 2.0886 0.2062 0.9591, 2.0886 0.1896 0.9434, 2.0886 0.1895 0.9571, 2.0886 0.1565 0.9434, 2.0886 0.172 0.9571, 2.0886 0.1565 1.0635, 2.0886 0.172 1.0497, 2.0886 0.1908 1.0635, 2.0886 0.1902 1.0497, 2.0886 0.2091 1.0615, 2.0886 0.2056 1.048, 2.0886 0.2236 1.0562, 2.0886 0.216 1.0442, 2.0886 0.2362 1.0476, 2.0886 0.2248 1.0384, 2.0886 0.2404 1.0435, 2.0886 0.2281 1.0352, 2.0886 0.2478 1.0331, 2.0886 0.2328 1.0285, 2.0886 0.2523 1.0216, 2.0886 0.2362 1.0197, 2.0886 0.2543 1.005, 2.0886 0.238 1.0046, 2.0886 0.2539 0.9974, 2.0886 0.2374 0.9953, 2.0886 0.251 0.9833, 2.0886 0.2348 0.9846, 2.0886 0.2451 0.9709, 2.0886 0.1896 0.9434, 2.0886 0.1565 0.9434, 2.0886 0.2362 0.9602, 2.0886 0.2101 0.9459, 2.0886 0.2115 0.9465, 2.0886 0.2237 0.9513, 2.0886 0.2451 0.9709, 2.0886 0.251 0.9833, 2.0886 0.2539 0.9974, 2.0886 0.2543 1.005, 2.0886 0.2523 1.0216, 2.0886 0.2478 1.0331, 2.0886 0.2404 1.0435, 2.0886 0.2362 1.0476, 2.0886 0.1908 1.0635, 2.0886 0.2236 1.0562, 2.0886 0.2115 1.0606, 2.0886 0.2091 1.0615, 2.0886 0.1565 1.0635, 2.0886 0.1902 1.0497, 2.0886 0.172 1.0497, 2.0886 0.172 0.9571, 2.0886 0.1895 0.9571, 2.0886 0.2252 0.9696, 2.0886 0.2238 0.9684, 2.0886 0.2161 0.963, 2.0886 0.2062 0.9591, 2.0886 0.238 1.0046, 2.0886 0.2374 0.9953, 2.0886 0.2348 0.9846, 2.0886 0.2305 0.976, 2.0886 0.2248 1.0384, 2.0886 0.2281 1.0352, 2.0886 0.2328 1.0285, 2.0886 0.2362 1.0197, 2.0886 0.2056 1.048, 2.0886 0.216 1.0442
            ]
        }
        coordIndex [
            0,1,2,-1,2,1,3,-1,4,0,5,-1,5,0,2,-1,6,4,7,-1,7,4,5,-1,8,6,9,-1,9,6,7,-1,10,8,11,-1,11,8,9,-1,1,10,3,-1,3,10,11,-1,6,8,4,-1,4,8,10,-1,4,10,0,-1,0,10,1,-1,12,13,14,-1,14,13,15,-1,14,16,12,-1,12,16,17,-1,12,17,18,-1,18,17,19,-1,18,19,20,-1,21,20,22,-1,22,20,19,-1,21,22,23,-1,21,23,24,-1,24,23,25,-1,24,25,26,-1,26,25,27,-1,26,27,28,-1,28,27,29,-1,28,29,30,-1,30,29,31,-1,30,31,32,-1,32,31,33,-1,32,33,34,-1,34,33,35,-1,34,35,36,-1,36,35,37,-1,36,37,38,-1,38,37,39,-1,38,39,40,-1,40,39,41,-1,40,41,42,-1,42,41,43,-1,42,43,44,-1,44,43,45,-1,44,45,46,-1,46,45,47,-1,46,47,48,-1,48,47,49,-1,48,49,50,-1,50,49,51,-1,50,51,52,-1,52,51,53,-1,52,53,54,-1,54,53,55,-1,54,55,56,-1,56,55,57,-1,56,57,58,-1,58,57,59,-1,58,59,60,-1,60,59,61,-1,60,61,62,-1,62,61,63,-1,62,63,64,-1,65,64,66,-1,66,64,63,-1,67,68,69,-1,65,66,70,-1,65,70,71,-1,71,70,72,-1,71,72,69,-1,69,72,73,-1,69,73,67,-1,68,67,74,-1,68,74,75,-1,74,76,75,-1,75,76,77,-1,75,77,78,-1,78,77,79,-1,78,79,80,-1,80,79,81,-1,80,81,82,-1,82,81,83,-1,82,83,84,-1,84,83,85,-1,84,85,86,-1,85,87,86,-1,86,87,88,-1,86,88,89,-1,89,88,90,-1,89,90,91,-1,92,93,94,-1,91,90,95,-1,91,95,96,-1,96,95,97,-1,96,97,94,-1,94,97,98,-1,94,98,92,-1,15,13,99,-1,93,92,100,-1,93,100,101,-1,101,100,102,-1,101,102,103,-1,103,102,104,-1,103,104,99,-1,99,104,105,-1,99,105,15,-1,62,64,65,-1,52,80,50,-1,50,80,82,-1,50,82,48,-1,48,82,84,-1,48,84,46,-1,91,44,89,-1,89,44,46,-1,89,46,86,-1,86,46,84,-1,62,65,60,-1,60,65,71,-1,60,71,58,-1,58,71,69,-1,58,69,56,-1,56,69,68,-1,56,68,54,-1,54,68,75,-1,54,75,52,-1,52,75,78,-1,52,78,80,-1,20,21,18,-1,18,21,24,-1,18,24,12,-1,12,24,26,-1,12,26,13,-1,13,26,28,-1,13,28,99,-1,99,28,30,-1,99,30,103,-1,103,30,32,-1,103,32,101,-1,101,32,34,-1,101,34,93,-1,93,34,36,-1,93,36,94,-1,94,36,38,-1,94,38,96,-1,96,38,40,-1,96,40,91,-1,91,40,42,-1,91,42,44,-1,106,107,108,-1,108,107,109,-1,110,111,112,-1,112,111,106,-1,112,106,108,-1,113,111,114,-1,114,111,110,-1,115,116,117,-1,117,116,113,-1,117,113,114,-1,118,116,119,-1,119,116,115,-1,120,121,122,-1,122,121,118,-1,122,118,119,-1,123,121,124,-1,124,121,120,-1,125,126,127,-1,127,126,123,-1,127,123,124,-1,128,126,129,-1,129,126,125,-1,130,131,132,-1,132,131,128,-1,132,128,129,-1,133,131,134,-1,134,131,130,-1,109,107,135,-1,135,107,133,-1,135,133,134,-1,133,107,106,-1,106,111,133,-1,133,111,113,-1,133,113,131,-1,126,128,123,-1,123,128,131,-1,123,131,121,-1,121,131,113,-1,121,113,118,-1,118,113,116,-1,136,137,138,-1,138,137,139,-1,138,139,140,-1,140,139,141,-1,140,141,142,-1,142,141,143,-1,142,143,144,-1,144,143,145,-1,144,145,146,-1,146,145,147,-1,146,147,148,-1,148,147,149,-1,148,149,150,-1,150,149,151,-1,150,151,152,-1,152,151,153,-1,152,153,154,-1,154,153,155,-1,154,155,156,-1,156,155,157,-1,156,157,158,-1,158,157,159,-1,158,159,160,-1,160,159,161,-1,160,161,162,-1,162,161,163,-1,162,163,164,-1,164,163,165,-1,164,165,166,-1,166,165,167,-1,166,167,168,-1,168,167,169,-1,168,169,170,-1,170,169,136,-1,170,136,138,-1,144,146,171,-1,171,146,172,-1,173,138,140,-1,144,171,174,-1,144,174,142,-1,142,174,175,-1,142,175,140,-1,140,175,176,-1,140,176,173,-1,138,173,177,-1,138,177,170,-1,170,177,178,-1,170,178,168,-1,168,178,179,-1,168,179,166,-1,166,179,180,-1,166,180,164,-1,164,180,181,-1,164,181,162,-1,162,181,182,-1,162,182,160,-1,160,182,183,-1,160,183,158,-1,158,183,184,-1,158,184,156,-1,185,150,152,-1,156,184,186,-1,156,186,154,-1,154,186,187,-1,154,187,152,-1,152,187,188,-1,152,188,185,-1,148,150,189,-1,189,150,185,-1,146,148,172,-1,172,148,189,-1,151,149,190,-1,190,149,191,-1,149,147,191,-1,191,147,192,-1,147,145,192,-1,192,145,193,-1,137,194,195,-1,137,195,139,-1,139,195,196,-1,139,196,141,-1,141,196,197,-1,141,197,143,-1,143,197,193,-1,143,193,145,-1,165,198,199,-1,165,199,167,-1,167,199,200,-1,167,200,169,-1,169,200,201,-1,169,201,136,-1,136,201,194,-1,136,194,137,-1,157,202,203,-1,157,203,159,-1,159,203,204,-1,159,204,161,-1,161,204,205,-1,161,205,163,-1,163,205,198,-1,163,198,165,-1,151,190,206,-1,151,206,153,-1,153,206,207,-1,153,207,155,-1,155,207,202,-1,155,202,157,-1,
        ]
    }
}
Shape{
    appearance Appearance {
        material  Material 	{
            diffuseColor 0.39215686274509803 0.6 0.39215686274509803
            specularColor 0.19607843137254902 0.30196078431372547 0.19607843137254902
            ambientIntensity 0.5142
            transparency 0.0
            shininess 0.5
        }
    }
    geometry IndexedFaceSet {
        ccw TRUE
        solid FALSE
        coord DEF co Coordinate {
            point [
                2.0886 0.2238 0.9684, 2.0886 0.2252 0.9696, 2.0886 0.1902 1.0497, 2.0886 0.172 1.0497, 2.0886 0.172 0.9571, 2.0886 0.1895 0.9571, 2.0886 0.2062 0.9591, 2.0886 0.2161 0.963, 2.0886 0.2305 0.976, 2.0886 0.2348 0.9846, 2.0886 0.2374 0.9953, 2.0886 0.238 1.0046, 2.0886 0.2362 1.0197, 2.0886 0.2328 1.0285, 2.0886 0.2281 1.0352, 2.0886 0.2248 1.0384, 2.0886 0.2056 1.048, 2.0886 0.216 1.0442
            ]
        }
        coordIndex [
            0,1,2,-1,3,4,2,-1,2,4,5,-1,5,6,2,-1,2,6,7,-1,2,7,0,-1,1,8,2,-1,2,8,9,-1,2,9,10,-1,10,11,2,-1,2,11,12,-1,2,12,13,-1,13,14,2,-1,2,14,15,-1,2,15,16,-1,16,15,17,-1,
        ]
    }
}
Shape{
    appearance Appearance {
        material  Material 	{
            diffuseColor 0.0 0.0 0.0
            specularColor 0.0 0.0 0.0
            ambientIntensity 0.0
            transparency 0.0
            shininess 0.5
        }
    }
    geometry IndexedFaceSet {
        ccw TRUE
        solid FALSE
        coord DEF co Coordinate {
            point [
                2.0886 0.2946 0.9898, 2.0886 0.2896 0.9763, 2.0886 0.3349 0.9898, 2.0886 0.3397 0.9763, 2.0886 0.3125 1.0397, 2.0886 0.3067 1.0635, 2.0886 0.261 0.9434, 2.0886 0.2781 0.9434, 2.0886 0.3136 1.0433, 2.0886 0.3145 1.0482, 2.0886 0.3233 1.0635, 2.0886 0.3149 1.0482, 2.0886 0.3158 1.0431, 2.0886 0.3167 1.0397, 2.0886 0.369 0.9434, 2.0886 0.3519 0.9434, 2.0886 0.3233 1.0635, 2.0886 0.369 0.9434, 2.0886 0.3067 1.0635, 2.0886 0.261 0.9434, 2.0886 0.2956 1.0343, 2.0886 0.2781 0.9434, 2.0886 0.2896 0.9763, 2.0886 0.3397 0.9763, 2.0886 0.2956 0.9763, 2.0886 0.3519 0.9434, 2.0886 0.2946 0.9898, 2.0886 0.3349 0.9898, 2.0886 0.3167 1.0397, 2.0886 0.3149 1.0482, 2.0886 0.3158 1.0431, 2.0886 0.3145 1.0482, 2.0886 0.3125 1.0397, 2.0886 0.3136 1.0433
            ]
        }
        coordIndex [
            0,1,2,-1,2,1,3,-1,4,5,0,-1,0,5,6,-1,0,6,1,-1,1,6,7,-1,4,8,5,-1,5,8,9,-1,5,9,10,-1,10,9,11,-1,10,11,12,-1,12,13,10,-1,10,13,2,-1,10,2,14,-1,14,2,3,-1,14,3,15,-1,10,14,16,-1,16,14,17,-1,5,10,18,-1,18,10,16,-1,19,6,20,-1,20,6,5,-1,20,5,18,-1,7,6,21,-1,21,6,19,-1,1,7,22,-1,22,7,21,-1,23,3,24,-1,24,3,1,-1,24,1,22,-1,15,3,25,-1,25,3,23,-1,14,15,17,-1,17,15,25,-1,0,2,26,-1,26,2,27,-1,2,13,27,-1,27,13,28,-1,11,29,30,-1,11,30,12,-1,12,30,28,-1,12,28,13,-1,11,9,29,-1,29,9,31,-1,4,32,33,-1,4,33,8,-1,8,33,31,-1,8,31,9,-1,4,0,32,-1,32,0,26,-1,
        ]
    }
}
Shape{
    appearance Appearance {
        material  Material 	{
            diffuseColor 0.39215686274509803 0.6 0.39215686274509803
            specularColor 0.19607843137254902 0.30196078431372547 0.19607843137254902
            ambientIntensity 0.5142
            transparency 0.0
            shininess 0.5
        }
    }
    geometry IndexedFaceSet {
        ccw TRUE
        solid FALSE
        coord DEF co Coordinate {
            point [
                2.0886 0.3149 1.0482, 2.0886 0.3145 1.0482, 2.0886 0.3158 1.0431, 2.0886 0.3136 1.0433, 2.0886 0.3167 1.0397, 2.0886 0.3125 1.0397, 2.0886 0.3349 0.9898, 2.0886 0.2946 0.9898
            ]
        }
        coordIndex [
            0,1,2,-1,2,1,3,-1,2,3,4,-1,4,3,5,-1,4,5,6,-1,6,5,7,-1,
        ]
    }
}
Shape{
    appearance Appearance {
        material  Material 	{
            diffuseColor 0.0 0.0 0.0
            specularColor 0.0 0.0 0.0
            ambientIntensity 0.0
            transparency 0.0
            shininess 0.5
        }
    }
    geometry IndexedFaceSet {
        ccw TRUE
        solid FALSE
        coord DEF co Coordinate {
            point [
                2.0886 -0.0484 0.7666, 2.0886 -0.0484 0.7529, 2.0886 -0.0484 0.7666, 2.0886 -0.0484 0.7529, 2.0886 -0.0975 0.7666, 2.0886 -0.0975 0.7666, 2.0886 -0.0975 0.807, 2.0886 -0.0975 0.807, 2.0886 -0.0545 0.807, 2.0886 -0.0545 0.807, 2.0886 -0.0545 0.8207, 2.0886 -0.0545 0.8207, 2.0886 -0.0975 0.8207, 2.0886 -0.0975 0.8207, 2.0886 -0.0975 0.8592, 2.0886 -0.0975 0.8592, 2.0886 -0.0511 0.8592, 2.0886 -0.0511 0.8592, 2.0886 -0.0511 0.873, 2.0886 -0.0511 0.873, 2.0886 -0.113 0.873, 2.0886 -0.113 0.873, 2.0886 -0.113 0.7529, 2.0886 -0.113 0.7529, 2.0886 0.0195 0.7661, 2.0886 0.0199 0.7661, 2.0886 0.0189 0.78, 2.0886 -0.013 0.7893, 2.0886 -0.0096 0.791, 2.0886 -0.018 0.8006, 2.0886 0.0199 0.7867, 2.0886 0.0349 0.8081, 2.0886 0.0199 0.7877, 2.0886 0.0199 0.7959, 2.0886 0.0199 0.7529, 2.0886 0.0349 0.7529, 2.0886 0.0144 0.8395, 2.0886 0.0111 0.8266, 2.0886 0.0204 0.8374, 2.0886 0.0138 0.8249, 2.0886 0.0167 0.7746, 2.0886 0.0135 0.7702, 2.0886 0.017 0.7624, 2.0886 0.0116 0.7684, 2.0886 0.0122 0.7573, 2.0886 0.0073 0.7655, 2.0886 0.0071 0.7539, 2.0886 0.0028 0.7638, 2.0886 0.0011 0.7517, 2.0886 -0.0029 0.7632, 2.0886 -0.0068 0.7508, 2.0886 -0.008 0.7638, 2.0886 -0.0158 0.7519, 2.0886 -0.0114 0.765, 2.0886 -0.0215 0.7541, 2.0886 -0.0144 0.7671, 2.0886 -0.0266 0.7576, 2.0886 -0.0156 0.7683, 2.0886 -0.0055 0.8038, 2.0886 -0.0002 0.7932, 2.0886 0.0199 0.8074, 2.0886 -0.0256 0.8326, 2.0886 -0.0256 0.818, 2.0886 -0.0225 0.8344, 2.0886 -0.0152 0.8246, 2.0886 -0.0114 0.8388, 2.0886 -0.0058 0.8276, 2.0886 0.0039 0.8406, 2.0886 0.0025 0.8284, 2.0886 0.0077 0.8279, 2.0886 0.0194 0.814, 2.0886 0.0335 0.8207, 2.0886 0.0178 0.8194, 2.0886 0.031 0.8272, 2.0886 0.0161 0.8225, 2.0886 0.0278 0.8318, 2.0886 0.0252 0.8344, 2.0886 -0.0147 0.7879, 2.0886 -0.024 0.7973, 2.0886 -0.0165 0.7857, 2.0886 -0.0284 0.7932, 2.0886 -0.0178 0.7829, 2.0886 -0.0315 0.7883, 2.0886 -0.0186 0.7795, 2.0886 -0.0333 0.7828, 2.0886 -0.0187 0.7771, 2.0886 -0.034 0.7758, 2.0886 -0.0183 0.7736, 2.0886 -0.0331 0.7685, 2.0886 -0.0173 0.7709, 2.0886 -0.0312 0.7635, 2.0886 -0.028 0.759, 2.0886 0.0039 0.8406, 2.0886 -0.0114 0.8388, 2.0886 -0.0225 0.8344, 2.0886 -0.0256 0.8326, 2.0886 -0.0256 0.818, 2.0886 -0.0152 0.8246, 2.0886 -0.0058 0.8276, 2.0886 0.0025 0.8284, 2.0886 0.0077 0.8279, 2.0886 0.0111 0.8266, 2.0886 0.0138 0.8249, 2.0886 0.0161 0.8225, 2.0886 0.0178 0.8194, 2.0886 0.0194 0.814, 2.0886 0.0199 0.8074, 2.0886 -0.0055 0.8038, 2.0886 -0.018 0.8006, 2.0886 -0.024 0.7973, 2.0886 -0.0284 0.7932, 2.0886 -0.0315 0.7883, 2.0886 -0.0333 0.7828, 2.0886 -0.034 0.7758, 2.0886 -0.0331 0.7685, 2.0886 -0.0312 0.7635, 2.0886 -0.028 0.759, 2.0886 -0.0266 0.7576, 2.0886 -0.0068 0.7508, 2.0886 -0.0155 0.7519, 2.0886 -0.0158 0.7519, 2.0886 -0.0215 0.7541, 2.0886 0.0011 0.7517, 2.0886 0.0014 0.7519, 2.0886 0.0071 0.7539, 2.0886 0.0122 0.7573, 2.0886 0.017 0.7624, 2.0886 0.0195 0.7661, 2.0886 0.0199 0.7661, 2.0886 0.0199 0.7529, 2.0886 0.0349 0.7529, 2.0886 0.0349 0.8081, 2.0886 0.0335 0.8207, 2.0886 0.031 0.8272, 2.0886 0.0278 0.8318, 2.0886 0.0252 0.8344, 2.0886 0.0204 0.8374, 2.0886 0.0144 0.8395, 2.0886 -0.0147 0.7879, 2.0886 -0.013 0.7893, 2.0886 -0.0096 0.791, 2.0886 -0.0002 0.7932, 2.0886 -0.0187 0.7771, 2.0886 -0.0186 0.7795, 2.0886 -0.0178 0.7829, 2.0886 -0.0165 0.7857, 2.0886 -0.0144 0.7671, 2.0886 -0.0156 0.7683, 2.0886 -0.0173 0.7709, 2.0886 -0.0183 0.7736, 2.0886 -0.0029 0.7632, 2.0886 -0.008 0.7638, 2.0886 -0.0114 0.765, 2.0886 0.0135 0.7702, 2.0886 0.0116 0.7684, 2.0886 0.0073 0.7655, 2.0886 0.0028 0.7638, 2.0886 0.0199 0.7877, 2.0886 0.0199 0.7867, 2.0886 0.0189 0.78, 2.0886 0.0167 0.7746, 2.0886 0.0199 0.7959
            ]
        }
        coordIndex [
            0,1,2,-1,2,1,3,-1,4,0,5,-1,5,0,2,-1,6,4,7,-1,7,4,5,-1,8,6,9,-1,9,6,7,-1,10,8,11,-1,11,8,9,-1,12,10,13,-1,13,10,11,-1,14,12,15,-1,15,12,13,-1,16,14,17,-1,17,14,15,-1,18,16,19,-1,19,16,17,-1,20,18,21,-1,21,18,19,-1,22,20,23,-1,23,20,21,-1,1,22,3,-1,3,22,23,-1,22,1,0,-1,0,4,22,-1,22,4,6,-1,22,6,20,-1,16,18,14,-1,14,18,20,-1,14,20,12,-1,12,20,6,-1,12,6,10,-1,10,6,8,-1,24,25,26,-1,27,28,29,-1,30,31,32,-1,32,31,33,-1,34,35,25,-1,25,35,31,-1,25,31,26,-1,26,31,30,-1,36,37,38,-1,38,37,39,-1,26,40,24,-1,24,40,41,-1,24,41,42,-1,42,41,43,-1,42,43,44,-1,44,43,45,-1,44,45,46,-1,46,45,47,-1,46,47,48,-1,48,47,49,-1,48,49,50,-1,50,49,51,-1,50,51,52,-1,52,51,53,-1,52,53,54,-1,54,53,55,-1,54,55,56,-1,56,55,57,-1,29,28,58,-1,58,28,59,-1,58,59,60,-1,61,62,63,-1,63,62,64,-1,63,64,65,-1,65,64,66,-1,65,66,67,-1,67,66,68,-1,67,68,36,-1,36,68,69,-1,36,69,37,-1,59,33,60,-1,60,33,31,-1,60,31,70,-1,70,31,71,-1,70,71,72,-1,72,71,73,-1,72,73,74,-1,74,73,75,-1,74,75,39,-1,39,75,76,-1,39,76,38,-1,27,29,77,-1,77,29,78,-1,77,78,79,-1,79,78,80,-1,79,80,81,-1,81,80,82,-1,81,82,83,-1,83,82,84,-1,83,84,85,-1,85,84,86,-1,85,86,87,-1,87,86,88,-1,87,88,89,-1,89,88,90,-1,89,90,57,-1,57,90,91,-1,57,91,56,-1,67,92,93,-1,67,93,65,-1,65,93,94,-1,65,94,63,-1,63,94,95,-1,63,95,61,-1,62,61,96,-1,96,61,95,-1,62,96,97,-1,62,97,64,-1,64,97,98,-1,64,98,66,-1,66,98,99,-1,66,99,68,-1,68,99,100,-1,68,100,69,-1,69,100,101,-1,69,101,37,-1,37,101,102,-1,37,102,39,-1,39,102,103,-1,39,103,74,-1,74,103,104,-1,74,104,72,-1,72,104,105,-1,72,105,70,-1,70,105,106,-1,70,106,60,-1,58,60,107,-1,107,60,106,-1,58,107,108,-1,58,108,29,-1,29,108,109,-1,29,109,78,-1,78,109,110,-1,78,110,80,-1,80,110,111,-1,80,111,82,-1,82,111,112,-1,82,112,84,-1,84,112,113,-1,84,113,86,-1,86,113,114,-1,86,114,88,-1,88,114,115,-1,88,115,90,-1,90,115,116,-1,90,116,91,-1,91,116,117,-1,91,117,56,-1,118,50,119,-1,119,50,52,-1,119,52,120,-1,120,52,54,-1,120,54,121,-1,121,54,56,-1,121,56,117,-1,50,118,122,-1,50,122,48,-1,48,122,123,-1,48,123,46,-1,123,124,46,-1,46,124,125,-1,46,125,44,-1,44,125,126,-1,44,126,42,-1,42,126,127,-1,42,127,24,-1,25,24,128,-1,128,24,127,-1,34,25,129,-1,129,25,128,-1,35,34,130,-1,130,34,129,-1,31,35,131,-1,131,35,130,-1,31,131,132,-1,31,132,71,-1,71,132,133,-1,71,133,73,-1,73,133,134,-1,73,134,75,-1,75,134,135,-1,75,135,76,-1,76,135,136,-1,76,136,38,-1,38,136,137,-1,38,137,36,-1,36,137,92,-1,36,92,67,-1,77,138,139,-1,77,139,27,-1,27,139,140,-1,27,140,28,-1,28,140,141,-1,28,141,59,-1,85,142,143,-1,85,143,83,-1,83,143,144,-1,83,144,81,-1,81,144,145,-1,81,145,79,-1,79,145,138,-1,79,138,77,-1,55,146,147,-1,55,147,57,-1,57,147,148,-1,57,148,89,-1,89,148,149,-1,89,149,87,-1,87,149,142,-1,87,142,85,-1,49,150,151,-1,49,151,51,-1,51,151,152,-1,51,152,53,-1,53,152,146,-1,53,146,55,-1,41,153,154,-1,41,154,43,-1,43,154,155,-1,43,155,45,-1,45,155,156,-1,45,156,47,-1,47,156,150,-1,47,150,49,-1,32,157,158,-1,32,158,30,-1,30,158,159,-1,30,159,26,-1,26,159,160,-1,26,160,40,-1,40,160,153,-1,40,153,41,-1,32,33,157,-1,157,33,161,-1,33,59,161,-1,161,59,141,-1,
        ]
    }
}
Shape{
    appearance Appearance {
        material  Material 	{
            diffuseColor 0.39215686274509803 0.6 0.39215686274509803
            specularColor 0.19607843137254902 0.30196078431372547 0.19607843137254902
            ambientIntensity 0.5142
            transparency 0.0
            shininess 0.5
        }
    }
    geometry IndexedFaceSet {
        ccw TRUE
        solid FALSE
        coord DEF co Coordinate {
            point [
                2.0886 0.0199 0.7867, 2.0886 0.0199 0.7877, 2.0886 -0.0147 0.7879, 2.0886 0.0199 0.7959, 2.0886 -0.0002 0.7932, 2.0886 -0.0096 0.791, 2.0886 -0.013 0.7893, 2.0886 0.0189 0.78, 2.0886 -0.0165 0.7857, 2.0886 0.0167 0.7746, 2.0886 -0.0156 0.7683, 2.0886 -0.0144 0.7671, 2.0886 0.0116 0.7684, 2.0886 -0.0173 0.7709, 2.0886 0.0073 0.7655, 2.0886 0.0028 0.7638, 2.0886 -0.0029 0.7632, 2.0886 -0.0178 0.7829, 2.0886 -0.0186 0.7795, 2.0886 0.0135 0.7702, 2.0886 -0.0187 0.7771, 2.0886 -0.0183 0.7736, 2.0886 -0.0114 0.765, 2.0886 -0.008 0.7638
            ]
        }
        coordIndex [
            0,1,2,-1,1,3,4,-1,4,5,1,-1,1,5,6,-1,1,6,2,-1,0,2,7,-1,7,2,8,-1,7,8,9,-1,10,11,12,-1,10,12,13,-1,14,12,15,-1,15,12,16,-1,8,17,9,-1,9,17,18,-1,9,18,19,-1,19,18,20,-1,19,20,12,-1,12,20,21,-1,12,21,13,-1,11,22,12,-1,12,22,23,-1,12,23,16,-1,
        ]
    }
}
Shape{
    appearance Appearance {
        material  Material 	{
            diffuseColor 0.0 0.0 0.0
            specularColor 0.0 0.0 0.0
            ambientIntensity 0.0
            transparency 0.0
            shininess 0.5
        }
    }
    geometry IndexedFaceSet {
        ccw TRUE
        solid FALSE
        coord DEF co Coordinate {
            point [
                2.0886 0.0553 0.7714, 2.0886 0.0553 0.7714, 2.0886 0.0621 0.7673, 2.0886 0.0801 0.7631, 2.0886 0.0801 0.7631, 2.0886 0.0716 0.764, 2.0886 0.0716 0.764, 2.0886 0.0623 0.7673, 2.0886 0.0621 0.7673, 2.0886 0.0553 0.7559, 2.0886 0.0553 0.7559, 2.0886 0.0659 0.7522, 2.0886 0.0623 0.7534, 2.0886 0.0786 0.7508, 2.0886 0.0786 0.7508, 2.0886 0.0689 0.7519, 2.0886 0.0659 0.7522, 2.0886 0.0922 0.7525, 2.0886 0.0871 0.7519, 2.0886 0.0922 0.7525, 2.0886 0.1001 0.7555, 2.0886 0.1001 0.7555, 2.0886 0.1036 0.7577, 2.0886 0.1036 0.7577, 2.0886 0.1079 0.7614, 2.0886 0.1079 0.7614, 2.0886 0.1107 0.7654, 2.0886 0.1107 0.7654, 2.0886 0.1126 0.7702, 2.0886 0.1126 0.7702, 2.0886 0.1133 0.7762, 2.0886 0.1133 0.7762, 2.0886 0.1126 0.7818, 2.0886 0.1126 0.7818, 2.0886 0.111 0.7863, 2.0886 0.111 0.7863, 2.0886 0.1082 0.7904, 2.0886 0.1082 0.7904, 2.0886 0.1046 0.7936, 2.0886 0.1046 0.7936, 2.0886 0.0947 0.7991, 2.0886 0.0947 0.7991, 2.0886 0.0888 0.8015, 2.0886 0.0888 0.8015, 2.0886 0.0795 0.8056, 2.0886 0.0795 0.8056, 2.0886 0.0742 0.8089, 2.0886 0.0742 0.8089, 2.0886 0.0727 0.8105, 2.0886 0.0727 0.8105, 2.0886 0.0717 0.8125, 2.0886 0.0717 0.8125, 2.0886 0.0711 0.8149, 2.0886 0.0711 0.8149, 2.0886 0.0709 0.8169, 2.0886 0.0709 0.8169, 2.0886 0.0712 0.8193, 2.0886 0.0712 0.8193, 2.0886 0.0719 0.8213, 2.0886 0.0719 0.8213, 2.0886 0.0732 0.8232, 2.0886 0.0732 0.8232, 2.0886 0.0755 0.8252, 2.0886 0.0755 0.8252, 2.0886 0.0789 0.827, 2.0886 0.0789 0.827, 2.0886 0.0829 0.8281, 2.0886 0.0829 0.8281, 2.0886 0.0874 0.8284, 2.0886 0.0874 0.8284, 2.0886 0.0979 0.8271, 2.0886 0.0979 0.8271, 2.0886 0.1064 0.8238, 2.0886 0.1064 0.8238, 2.0886 0.1092 0.8222, 2.0886 0.1092 0.8222, 2.0886 0.1092 0.8368, 2.0886 0.1092 0.8368, 2.0886 0.0994 0.8397, 2.0886 0.0994 0.8397, 2.0886 0.0888 0.8406, 2.0886 0.0888 0.8406, 2.0886 0.0768 0.8392, 2.0886 0.0768 0.8392, 2.0886 0.0688 0.8361, 2.0886 0.0688 0.8361, 2.0886 0.0651 0.8338, 2.0886 0.0651 0.8338, 2.0886 0.0606 0.8298, 2.0886 0.0623 0.8313, 2.0886 0.0606 0.8298, 2.0886 0.0578 0.8257, 2.0886 0.0578 0.8257, 2.0886 0.056 0.8209, 2.0886 0.056 0.8209, 2.0886 0.0554 0.8155, 2.0886 0.0554 0.8155, 2.0886 0.0561 0.8096, 2.0886 0.0561 0.8096, 2.0886 0.0577 0.805, 2.0886 0.0577 0.805, 2.0886 0.0597 0.8019, 2.0886 0.0597 0.8019, 2.0886 0.0782 0.7906, 2.0886 0.0782 0.7906, 2.0886 0.0692 0.7947, 2.0886 0.0622 0.7994, 2.0886 0.0622 0.7994, 2.0886 0.0623 0.7993, 2.0886 0.0692 0.7947, 2.0886 0.0881 0.7864, 2.0886 0.0881 0.7864, 2.0886 0.094 0.7829, 2.0886 0.094 0.7829, 2.0886 0.0958 0.7809, 2.0886 0.0958 0.7809, 2.0886 0.097 0.779, 2.0886 0.097 0.779, 2.0886 0.0977 0.7766, 2.0886 0.0977 0.7766, 2.0886 0.0978 0.7747, 2.0886 0.0978 0.7747, 2.0886 0.0975 0.7719, 2.0886 0.0975 0.7719, 2.0886 0.0967 0.7697, 2.0886 0.0967 0.7697, 2.0886 0.0954 0.7678, 2.0886 0.0954 0.7678, 2.0886 0.0937 0.7662, 2.0886 0.0937 0.7662, 2.0886 0.0923 0.7654, 2.0886 0.0923 0.7654, 2.0886 0.0885 0.764, 2.0886 0.0885 0.764, 2.0886 0.0807 0.7631, 2.0886 0.0807 0.7631, 2.0886 0.1878 0.8387, 2.0886 0.2034 0.8387, 2.0886 0.1878 0.8387, 2.0886 0.2034 0.8387, 2.0886 0.1644 0.7741, 2.0886 0.1644 0.7741, 2.0886 0.1633 0.7701, 2.0886 0.1633 0.7701, 2.0886 0.1626 0.7671, 2.0886 0.1626 0.7671, 2.0886 0.1622 0.7671, 2.0886 0.1622 0.7671, 2.0886 0.1603 0.7742, 2.0886 0.1603 0.7742, 2.0886 0.1379 0.8387, 2.0886 0.1379 0.8387, 2.0886 0.1452 0.8178, 2.0886 0.1211 0.8387, 2.0886 0.1211 0.8387, 2.0886 0.1547 0.7531, 2.0886 0.1547 0.7531, 2.0886 0.1452 0.7774, 2.0886 0.1481 0.7375, 2.0886 0.1481 0.7375, 2.0886 0.1542 0.7519, 2.0886 0.1451 0.7319, 2.0886 0.1452 0.7321, 2.0886 0.1451 0.7319, 2.0886 0.1423 0.7288, 2.0886 0.1423 0.7288, 2.0886 0.14 0.7272, 2.0886 0.14 0.7272, 2.0886 0.1367 0.7259, 2.0886 0.1367 0.7259, 2.0886 0.1327 0.7254, 2.0886 0.1327 0.7254, 2.0886 0.1273 0.7261, 2.0886 0.1273 0.7261, 2.0886 0.1242 0.7271, 2.0886 0.1242 0.7271, 2.0886 0.1242 0.7137, 2.0886 0.1242 0.7137, 2.0886 0.1306 0.7126, 2.0886 0.1306 0.7126, 2.0886 0.1339 0.7125, 2.0886 0.1339 0.7125, 2.0886 0.1406 0.7133, 2.0886 0.1406 0.7133, 2.0886 0.1452 0.7152, 2.0886 0.1465 0.7158, 2.0886 0.1465 0.7158, 2.0886 0.1514 0.7193, 2.0886 0.1514 0.7193, 2.0886 0.1576 0.7265, 2.0886 0.1576 0.7265, 2.0886 0.1645 0.7399, 2.0886 0.1645 0.7399, 2.0886 0.1692 0.7519, 2.0886 0.2842 0.7666, 2.0886 0.2842 0.7529, 2.0886 0.2842 0.7666, 2.0886 0.2842 0.7529, 2.0886 0.2352 0.7666, 2.0886 0.2352 0.7666, 2.0886 0.2576 0.7666, 2.0886 0.2352 0.807, 2.0886 0.2352 0.807, 2.0886 0.2781 0.807, 2.0886 0.2781 0.807, 2.0886 0.2576 0.807, 2.0886 0.2781 0.8207, 2.0886 0.2781 0.8207, 2.0886 0.2352 0.8207, 2.0886 0.2352 0.8207, 2.0886 0.2576 0.8207, 2.0886 0.2352 0.8592, 2.0886 0.2352 0.8592, 2.0886 0.2815 0.8592, 2.0886 0.2815 0.8592, 2.0886 0.2576 0.8592, 2.0886 0.2815 0.873, 2.0886 0.2815 0.873, 2.0886 0.2196 0.873, 2.0886 0.2196 0.873, 2.0886 0.2576 0.873, 2.0886 0.2196 0.7529, 2.0886 0.2196 0.7529, 2.0886 0.2576 0.7529, 2.0886 0.3809 0.7854, 2.0886 0.3756 0.7791, 2.0886 0.3866 0.7697, 2.0886 0.3743 0.7779, 2.0886 0.3741 0.7607, 2.0886 0.3665 0.7725, 2.0886 0.3605 0.7554, 2.0886 0.3566 0.7686, 2.0886 0.34 0.7529, 2.0886 0.3399 0.7666, 2.0886 0.3069 0.7529, 2.0886 0.3224 0.7666, 2.0886 0.3069 0.873, 2.0886 0.3224 0.8592, 2.0886 0.3412 0.873, 2.0886 0.3406 0.8592, 2.0886 0.3595 0.871, 2.0886 0.356 0.8575, 2.0886 0.374 0.8657, 2.0886 0.3664 0.8537, 2.0886 0.3866 0.8571, 2.0886 0.3752 0.8479, 2.0886 0.3908 0.853, 2.0886 0.3785 0.8446, 2.0886 0.3982 0.8425, 2.0886 0.3832 0.8379, 2.0886 0.4027 0.8311, 2.0886 0.3866 0.8292, 2.0886 0.4047 0.8145, 2.0886 0.3884 0.814, 2.0886 0.4044 0.8068, 2.0886 0.3878 0.8047, 2.0886 0.4014 0.7928, 2.0886 0.3852 0.7941, 2.0886 0.3955 0.7803, 2.0886 0.34 0.7529, 2.0886 0.3069 0.7529, 2.0886 0.3605 0.7554, 2.0886 0.3741 0.7607, 2.0886 0.3866 0.7697, 2.0886 0.3955 0.7803, 2.0886 0.4014 0.7928, 2.0886 0.4044 0.8068, 2.0886 0.4047 0.8145, 2.0886 0.4027 0.8311, 2.0886 0.3982 0.8425, 2.0886 0.3908 0.853, 2.0886 0.3866 0.8571, 2.0886 0.374 0.8657, 2.0886 0.3595 0.871, 2.0886 0.3412 0.873, 2.0886 0.3069 0.873, 2.0886 0.3406 0.8592, 2.0886 0.3224 0.8592, 2.0886 0.3224 0.7666, 2.0886 0.3399 0.7666, 2.0886 0.3756 0.7791, 2.0886 0.3743 0.7779, 2.0886 0.3665 0.7725, 2.0886 0.3566 0.7686, 2.0886 0.3884 0.814, 2.0886 0.3878 0.8047, 2.0886 0.3852 0.7941, 2.0886 0.3809 0.7854, 2.0886 0.3752 0.8479, 2.0886 0.3785 0.8446, 2.0886 0.3832 0.8379, 2.0886 0.3866 0.8292, 2.0886 0.356 0.8575, 2.0886 0.3664 0.8537
            ]
        }
        coordIndex [
            0,1,2,-1,3,4,5,-1,3,5,6,-1,6,5,7,-1,6,7,2,-1,2,7,8,-1,2,8,0,-1,9,1,10,-1,10,1,0,-1,11,9,12,-1,12,9,10,-1,13,14,15,-1,15,14,11,-1,15,11,16,-1,16,11,12,-1,17,14,18,-1,18,14,13,-1,18,19,17,-1,17,19,20,-1,17,20,21,-1,21,20,22,-1,21,22,23,-1,23,22,24,-1,23,24,25,-1,25,24,26,-1,25,26,27,-1,27,26,28,-1,27,28,29,-1,29,28,30,-1,29,30,31,-1,31,30,32,-1,31,32,33,-1,33,32,34,-1,33,34,35,-1,35,34,36,-1,35,36,37,-1,37,36,38,-1,37,38,39,-1,39,38,40,-1,39,40,41,-1,41,40,42,-1,41,42,43,-1,43,42,44,-1,43,44,45,-1,45,44,46,-1,45,46,47,-1,47,46,48,-1,47,48,49,-1,49,48,50,-1,49,50,51,-1,51,50,52,-1,51,52,53,-1,53,52,54,-1,53,54,55,-1,55,54,56,-1,55,56,57,-1,57,56,58,-1,57,58,59,-1,59,58,60,-1,59,60,61,-1,61,60,62,-1,61,62,63,-1,63,62,64,-1,63,64,65,-1,65,64,66,-1,65,66,67,-1,67,66,68,-1,67,68,69,-1,69,68,70,-1,69,70,71,-1,71,70,72,-1,71,72,73,-1,73,72,74,-1,73,74,75,-1,76,75,77,-1,77,75,74,-1,76,77,78,-1,76,78,79,-1,79,78,80,-1,79,80,81,-1,81,80,82,-1,81,82,83,-1,83,82,84,-1,83,84,85,-1,85,84,86,-1,85,86,87,-1,88,87,89,-1,89,87,86,-1,89,90,88,-1,88,90,91,-1,88,91,92,-1,92,91,93,-1,92,93,94,-1,94,93,95,-1,94,95,96,-1,96,95,97,-1,96,97,98,-1,98,97,99,-1,98,99,100,-1,100,99,101,-1,100,101,102,-1,103,104,105,-1,102,101,106,-1,102,106,107,-1,107,106,108,-1,107,108,105,-1,105,108,109,-1,105,109,103,-1,104,103,110,-1,104,110,111,-1,111,110,112,-1,111,112,113,-1,113,112,114,-1,113,114,115,-1,115,114,116,-1,115,116,117,-1,117,116,118,-1,117,118,119,-1,119,118,120,-1,119,120,121,-1,121,120,122,-1,121,122,123,-1,123,122,124,-1,123,124,125,-1,125,124,126,-1,125,126,127,-1,127,126,128,-1,127,128,129,-1,129,128,130,-1,129,130,131,-1,131,130,132,-1,131,132,133,-1,133,132,134,-1,133,134,135,-1,135,134,4,-1,135,4,3,-1,59,61,87,-1,87,61,85,-1,85,61,63,-1,85,63,83,-1,111,43,104,-1,104,43,45,-1,21,23,127,-1,127,23,25,-1,127,25,125,-1,125,25,27,-1,125,27,123,-1,123,27,29,-1,123,29,121,-1,121,29,31,-1,121,31,119,-1,119,31,33,-1,119,33,117,-1,117,33,35,-1,117,35,115,-1,115,35,37,-1,115,37,113,-1,113,37,39,-1,113,39,111,-1,111,39,41,-1,111,41,43,-1,14,3,11,-1,11,3,6,-1,11,6,9,-1,9,6,2,-1,9,2,1,-1,63,65,83,-1,83,65,67,-1,83,67,81,-1,81,67,69,-1,81,69,79,-1,79,69,71,-1,79,71,76,-1,76,71,73,-1,76,73,75,-1,127,129,21,-1,21,129,131,-1,21,131,17,-1,17,131,133,-1,17,133,14,-1,14,133,135,-1,14,135,3,-1,87,88,59,-1,59,88,92,-1,59,92,57,-1,57,92,94,-1,57,94,55,-1,55,94,96,-1,55,96,53,-1,53,96,98,-1,53,98,51,-1,51,98,100,-1,51,100,49,-1,49,100,102,-1,49,102,47,-1,47,102,107,-1,47,107,45,-1,45,107,105,-1,45,105,104,-1,136,137,138,-1,138,137,139,-1,140,136,141,-1,141,136,138,-1,140,141,142,-1,140,142,143,-1,143,142,144,-1,143,144,145,-1,146,145,147,-1,147,145,144,-1,148,146,149,-1,149,146,147,-1,150,151,152,-1,152,151,148,-1,152,148,149,-1,153,151,154,-1,154,151,150,-1,155,156,157,-1,157,156,153,-1,157,153,154,-1,158,159,160,-1,160,159,156,-1,160,156,155,-1,161,159,162,-1,162,159,158,-1,162,163,161,-1,161,163,164,-1,161,164,165,-1,165,164,166,-1,165,166,167,-1,167,166,168,-1,167,168,169,-1,169,168,170,-1,169,170,171,-1,171,170,172,-1,171,172,173,-1,173,172,174,-1,173,174,175,-1,176,175,177,-1,177,175,174,-1,176,177,178,-1,176,178,179,-1,179,178,180,-1,179,180,181,-1,181,180,182,-1,181,182,183,-1,183,182,184,-1,183,184,185,-1,184,186,185,-1,185,186,187,-1,185,187,188,-1,188,187,189,-1,188,189,190,-1,190,189,191,-1,190,191,192,-1,139,137,193,-1,193,137,192,-1,193,192,191,-1,143,145,192,-1,137,136,192,-1,192,136,140,-1,192,140,143,-1,151,153,148,-1,148,153,156,-1,148,156,146,-1,145,146,192,-1,192,146,156,-1,192,156,190,-1,175,176,173,-1,173,176,179,-1,173,179,171,-1,171,179,181,-1,171,181,169,-1,169,181,183,-1,169,183,167,-1,167,183,185,-1,167,185,165,-1,165,185,188,-1,165,188,161,-1,161,188,190,-1,161,190,159,-1,159,190,156,-1,194,195,196,-1,196,195,197,-1,198,199,200,-1,200,199,194,-1,200,194,196,-1,201,199,202,-1,202,199,198,-1,203,204,205,-1,205,204,201,-1,205,201,202,-1,206,204,207,-1,207,204,203,-1,208,209,210,-1,210,209,206,-1,210,206,207,-1,211,209,212,-1,212,209,208,-1,213,214,215,-1,215,214,211,-1,215,211,212,-1,216,214,217,-1,217,214,213,-1,218,219,220,-1,220,219,216,-1,220,216,217,-1,221,219,222,-1,222,219,218,-1,197,195,223,-1,223,195,221,-1,223,221,222,-1,221,195,194,-1,194,199,221,-1,221,199,201,-1,221,201,219,-1,214,216,211,-1,211,216,219,-1,211,219,209,-1,209,219,201,-1,209,201,206,-1,206,201,204,-1,224,225,226,-1,226,225,227,-1,226,227,228,-1,228,227,229,-1,228,229,230,-1,230,229,231,-1,230,231,232,-1,232,231,233,-1,232,233,234,-1,234,233,235,-1,234,235,236,-1,236,235,237,-1,236,237,238,-1,238,237,239,-1,238,239,240,-1,240,239,241,-1,240,241,242,-1,242,241,243,-1,242,243,244,-1,244,243,245,-1,244,245,246,-1,246,245,247,-1,246,247,248,-1,248,247,249,-1,248,249,250,-1,250,249,251,-1,250,251,252,-1,252,251,253,-1,252,253,254,-1,254,253,255,-1,254,255,256,-1,256,255,257,-1,256,257,258,-1,258,257,224,-1,258,224,226,-1,232,234,259,-1,259,234,260,-1,232,259,261,-1,232,261,230,-1,230,261,262,-1,230,262,228,-1,228,262,263,-1,228,263,226,-1,226,263,264,-1,226,264,258,-1,258,264,265,-1,258,265,256,-1,256,265,266,-1,256,266,254,-1,254,266,267,-1,254,267,252,-1,252,267,268,-1,252,268,250,-1,250,268,269,-1,250,269,248,-1,248,269,270,-1,248,270,246,-1,246,270,271,-1,246,271,244,-1,244,271,272,-1,244,272,242,-1,242,272,273,-1,242,273,240,-1,240,273,274,-1,240,274,238,-1,236,238,275,-1,275,238,274,-1,234,236,260,-1,260,236,275,-1,239,237,276,-1,276,237,277,-1,237,235,277,-1,277,235,278,-1,235,233,278,-1,278,233,279,-1,225,280,281,-1,225,281,227,-1,227,281,282,-1,227,282,229,-1,229,282,283,-1,229,283,231,-1,231,283,279,-1,231,279,233,-1,253,284,285,-1,253,285,255,-1,255,285,286,-1,255,286,257,-1,257,286,287,-1,257,287,224,-1,224,287,280,-1,224,280,225,-1,245,288,289,-1,245,289,247,-1,247,289,290,-1,247,290,249,-1,249,290,291,-1,249,291,251,-1,251,291,284,-1,251,284,253,-1,239,276,292,-1,239,292,241,-1,241,292,293,-1,241,293,243,-1,243,293,288,-1,243,288,245,-1,
        ]
    }
}
Shape{
    appearance Appearance {
        material  Material 	{
            diffuseColor 0.39215686274509803 0.6 0.39215686274509803
            specularColor 0.19607843137254902 0.30196078431372547 0.19607843137254902
            ambientIntensity 0.5142
            transparency 0.0
            shininess 0.5
        }
    }
    geometry IndexedFaceSet {
        ccw TRUE
        solid FALSE
        coord DEF co Coordinate {
            point [
                2.0886 0.3743 0.7779, 2.0886 0.3756 0.7791, 2.0886 0.3406 0.8592, 2.0886 0.3224 0.8592, 2.0886 0.3224 0.7666, 2.0886 0.3399 0.7666, 2.0886 0.3566 0.7686, 2.0886 0.3665 0.7725, 2.0886 0.3809 0.7854, 2.0886 0.3852 0.7941, 2.0886 0.3878 0.8047, 2.0886 0.3884 0.814, 2.0886 0.3866 0.8292, 2.0886 0.3832 0.8379, 2.0886 0.3785 0.8446, 2.0886 0.3752 0.8479, 2.0886 0.356 0.8575, 2.0886 0.3664 0.8537
            ]
        }
        coordIndex [
            0,1,2,-1,3,4,2,-1,2,4,5,-1,5,6,2,-1,2,6,7,-1,2,7,0,-1,1,8,2,-1,2,8,9,-1,2,9,10,-1,10,11,2,-1,2,11,12,-1,2,12,13,-1,13,14,2,-1,2,14,15,-1,2,15,16,-1,16,15,17,-1,
        ]
    }
}
Shape{
    appearance Appearance {
        material  Material 	{
            diffuseColor 0.0 0.0 0.0
            specularColor 0.0 0.0 0.0
            ambientIntensity 0.0
            transparency 0.0
            shininess 0.5
        }
    }
    geometry IndexedFaceSet {
        ccw TRUE
        solid FALSE
        coord DEF co Coordinate {
            point [
                2.0886 0.445 0.7993, 2.0886 0.4401 0.7857, 2.0886 0.4853 0.7993, 2.0886 0.4901 0.7857, 2.0886 0.4629 0.8492, 2.0886 0.4571 0.873, 2.0886 0.4114 0.7529, 2.0886 0.4285 0.7529, 2.0886 0.464 0.8528, 2.0886 0.4649 0.8576, 2.0886 0.4737 0.873, 2.0886 0.4653 0.8576, 2.0886 0.4662 0.8525, 2.0886 0.4671 0.8492, 2.0886 0.5194 0.7529, 2.0886 0.5023 0.7529, 2.0886 0.4737 0.873, 2.0886 0.5194 0.7529, 2.0886 0.4571 0.873, 2.0886 0.4114 0.7529, 2.0886 0.4285 0.7529, 2.0886 0.4401 0.7857, 2.0886 0.4901 0.7857, 2.0886 0.5023 0.7529, 2.0886 0.445 0.7993, 2.0886 0.4853 0.7993, 2.0886 0.4671 0.8492, 2.0886 0.4653 0.8576, 2.0886 0.4662 0.8525, 2.0886 0.4649 0.8576, 2.0886 0.4629 0.8492, 2.0886 0.464 0.8528
            ]
        }
        coordIndex [
            0,1,2,-1,2,1,3,-1,4,5,0,-1,0,5,6,-1,0,6,1,-1,1,6,7,-1,4,8,5,-1,5,8,9,-1,5,9,10,-1,10,9,11,-1,10,11,12,-1,12,13,10,-1,10,13,2,-1,10,2,14,-1,14,2,3,-1,14,3,15,-1,10,14,16,-1,16,14,17,-1,5,10,18,-1,18,10,16,-1,6,5,19,-1,19,5,18,-1,7,6,20,-1,20,6,19,-1,1,7,21,-1,21,7,20,-1,3,1,22,-1,22,1,21,-1,15,3,23,-1,23,3,22,-1,14,15,17,-1,17,15,23,-1,0,2,24,-1,24,2,25,-1,2,13,25,-1,25,13,26,-1,11,27,28,-1,11,28,12,-1,12,28,26,-1,12,26,13,-1,11,9,27,-1,27,9,29,-1,4,30,31,-1,4,31,8,-1,8,31,29,-1,8,29,9,-1,4,0,30,-1,30,0,24,-1,
        ]
    }
}
Shape{
    appearance Appearance {
        material  Material 	{
            diffuseColor 0.39215686274509803 0.6 0.39215686274509803
            specularColor 0.19607843137254902 0.30196078431372547 0.19607843137254902
            ambientIntensity 0.5142
            transparency 0.0
            shininess 0.5
        }
    }
    geometry IndexedFaceSet {
        ccw TRUE
        solid FALSE
        coord DEF co Coordinate {
            point [
                2.0886 0.4653 0.8576, 2.0886 0.4649 0.8576, 2.0886 0.4662 0.8525, 2.0886 0.464 0.8528, 2.0886 0.4671 0.8492, 2.0886 0.4629 0.8492, 2.0886 0.4853 0.7993, 2.0886 0.445 0.7993
            ]
        }
        coordIndex [
            0,1,2,-1,2,1,3,-1,2,3,4,-1,4,3,5,-1,4,5,6,-1,6,5,7,-1,
        ]
    }
}
Shape{
    appearance Appearance {
        material  Material 	{
            diffuseColor 0.0 0.0 0.0
            specularColor 0.0 0.0 0.0
            ambientIntensity 0.0
            transparency 0.0
            shininess 0.5
        }
    }
    geometry IndexedFaceSet {
        ccw TRUE
        solid FALSE
        coord DEF co Coordinate {
            point [
                2.0886 -0.6434 0.7359, 2.0886 -0.6307 0.7202, 2.0886 -0.6511 0.8114, 2.0886 -0.6659 0.9598, 2.0886 -0.6468 0.9699, 2.0886 -0.6491 1.023, 2.0886 -0.501 0.7326, 2.0886 -0.4909 0.7516, 2.0886 -0.4859 0.7727, 2.0886 -0.6178 1.0266, 2.0886 -0.3659 0.8532, 2.0886 -0.3924 0.8985, 2.0886 -0.4854 0.79, 2.0886 -0.5068 0.8387, 2.0886 -0.4854 0.7815, 2.0886 -0.5312 0.7059, 2.0886 -0.5141 0.7178, 2.0886 -0.5929 0.755, 2.0886 -0.5859 0.7506, 2.0886 -0.614 0.7076, 2.0886 -0.5779 0.7479, 2.0886 -0.5161 1.0294, 2.0886 -0.5399 1.0753, 2.0886 -0.5606 1.0624, 2.0886 -0.6697 0.8228, 2.0886 -0.6655 0.7584, 2.0886 -0.652 0.7542, 2.0886 -0.3377 0.9378, 2.0886 -0.3309 0.9378, 2.0886 -0.2959 0.9839, 2.0886 -0.3147 0.9358, 2.0886 -0.2916 0.9824, 2.0886 -0.2998 0.93, 2.0886 -0.2662 0.9698, 2.0886 -0.2431 0.9502, 2.0886 -0.5399 1.012, 2.0886 -0.5807 1.0452, 2.0886 -0.5589 0.9891, 2.0886 -0.5982 1.0249, 2.0886 -0.5717 0.9625, 2.0886 -0.6257 0.9749, 2.0886 -0.617 0.9753, 2.0886 -0.608 1.026, 2.0886 -0.5971 0.9729, 2.0886 -0.5779 0.9659, 2.0886 -0.6046 0.7757, 2.0886 -0.6025 0.7679, 2.0886 -0.5986 0.761, 2.0886 -0.5943 0.6993, 2.0886 -0.5742 0.6962, 2.0886 -0.5717 0.7473, 2.0886 -0.5708 0.6961, 2.0886 -0.5642 0.7482, 2.0886 -0.5502 0.6986, 2.0886 -0.5567 0.7509, 2.0886 -0.5501 0.7553, 2.0886 -0.5445 0.7614, 2.0886 -0.2429 0.7909, 2.0886 -0.2828 0.8247, 2.0886 -0.2662 0.7712, 2.0886 -0.2954 0.8144, 2.0886 -0.2922 0.7585, 2.0886 -0.3105 0.8075, 2.0886 -0.3206 0.7525, 2.0886 -0.3258 0.8045, 2.0886 -0.371 0.7525, 2.0886 -0.3642 0.8045, 2.0886 -0.3758 0.7532, 2.0886 -0.6998 0.9106, 2.0886 -0.7559 0.897, 2.0886 -0.7023 0.8899, 2.0886 -0.7561 0.8882, 2.0886 -0.7013 0.8769, 2.0886 -0.7526 0.8571, 2.0886 -0.6952 0.856, 2.0886 -0.7409 0.8252, 2.0886 -0.685 0.8385, 2.0886 -0.7203 0.7952, 2.0886 -0.696 0.774, 2.0886 -0.5405 0.7923, 2.0886 -0.5386 0.7844, 2.0886 -0.5386 0.777, 2.0886 -0.5406 0.7688, 2.0886 -0.2865 0.9208, 2.0886 -0.2766 0.9097, 2.0886 -0.2257 0.9259, 2.0886 -0.2687 0.895, 2.0886 -0.2152 0.8998, 2.0886 -0.2647 0.8786, 2.0886 -0.2113 0.872, 2.0886 -0.2643 0.8712, 2.0886 -0.2153 0.8414, 2.0886 -0.2663 0.8545, 2.0886 -0.226 0.8144, 2.0886 -0.2722 0.8393, 2.0886 -0.2816 0.826, 2.0886 -0.342 1.0513, 2.0886 -0.3747 1.0115, 2.0886 -0.3142 1.0193, 2.0886 -0.3556 0.9883, 2.0886 -0.3427 0.9607, 2.0886 -0.6808 1.0113, 2.0886 -0.7093 0.9918, 2.0886 -0.6807 0.9466, 2.0886 -0.716 0.9856, 2.0886 -0.6925 0.9296, 2.0886 -0.7354 0.9612, 2.0886 -0.7495 0.9307, 2.0886 -0.5005 1.0905, 2.0886 -0.4881 1.0406, 2.0886 -0.4581 1.0957, 2.0886 -0.4573 1.0445, 2.0886 -0.4229 1.092, 2.0886 -0.4286 1.041, 2.0886 -0.3801 1.0769, 2.0886 -0.4018 1.0308, 2.0886 -0.3778 1.0142, 2.0886 -0.6048 0.7841, 2.0886 -0.6029 0.7923, 2.0886 -0.6416 0.8298, 2.0886 -0.599 0.7997, 2.0886 -0.6275 0.8459, 2.0886 -0.5934 0.8058, 2.0886 -0.6101 0.858, 2.0886 -0.5866 0.8104, 2.0886 -0.5912 0.8652, 2.0886 -0.5791 0.8131, 2.0886 -0.5708 0.8677, 2.0886 -0.5717 0.8139, 2.0886 -0.5604 0.8671, 2.0886 -0.5644 0.8131, 2.0886 -0.5398 0.862, 2.0886 -0.5565 0.8102, 2.0886 -0.5217 0.8523, 2.0886 -0.5496 0.8056, 2.0886 -0.5442 0.7994, 2.0886 -0.3685 0.8053, 2.0886 -0.389 0.7614, 2.0886 -0.387 0.7594, 2.0886 -0.3659 0.8048, 2.0886 -0.3815 0.7555, 2.0886 -0.3958 0.7789, 2.0886 -0.395 0.7726, 2.0886 -0.3927 0.7668, 2.0886 -0.3758 0.8046, 2.0886 -0.3817 0.8023, 2.0886 -0.3956 0.782, 2.0886 -0.387 0.7986, 2.0886 -0.3908 0.7944, 2.0886 -0.394 0.7885, 2.0886 -0.3693 0.8054, 2.0886 -0.2113 0.872, 2.0886 -0.2152 0.8998, 2.0886 -0.2182 0.9072, 2.0886 -0.2257 0.9259, 2.0886 -0.2375 0.9424, 2.0886 -0.2431 0.9502, 2.0886 -0.2662 0.9698, 2.0886 -0.2916 0.9824, 2.0886 -0.2959 0.9839, 2.0886 -0.3142 1.0193, 2.0886 -0.342 1.0513, 2.0886 -0.3616 1.0645, 2.0886 -0.3801 1.0769, 2.0886 -0.4229 1.092, 2.0886 -0.4581 1.0957, 2.0886 -0.5606 1.0624, 2.0886 -0.5572 1.0645, 2.0886 -0.5399 1.0753, 2.0886 -0.5005 1.0905, 2.0886 -0.5807 1.0452, 2.0886 -0.5982 1.0249, 2.0886 -0.608 1.026, 2.0886 -0.6178 1.0266, 2.0886 -0.6491 1.023, 2.0886 -0.6808 1.0113, 2.0886 -0.7093 0.9918, 2.0886 -0.716 0.9856, 2.0886 -0.7561 0.8882, 2.0886 -0.7354 0.9612, 2.0886 -0.7441 0.9424, 2.0886 -0.7495 0.9307, 2.0886 -0.7539 0.9072, 2.0886 -0.7559 0.897, 2.0886 -0.7526 0.8571, 2.0886 -0.7409 0.8252, 2.0886 -0.7203 0.7952, 2.0886 -0.696 0.774, 2.0886 -0.6655 0.7584, 2.0886 -0.652 0.7542, 2.0886 -0.6509 0.7519, 2.0886 -0.6434 0.7359, 2.0886 -0.6307 0.7202, 2.0886 -0.614 0.7076, 2.0886 -0.6061 0.7043, 2.0886 -0.5943 0.6993, 2.0886 -0.5742 0.6962, 2.0886 -0.5708 0.6961, 2.0886 -0.4854 0.7815, 2.0886 -0.5502 0.6986, 2.0886 -0.5355 0.7043, 2.0886 -0.5312 0.7059, 2.0886 -0.5141 0.7178, 2.0886 -0.501 0.7326, 2.0886 -0.4909 0.7516, 2.0886 -0.4908 0.7519, 2.0886 -0.4859 0.7727, 2.0886 -0.4854 0.79, 2.0886 -0.3659 0.8532, 2.0886 -0.3924 0.8985, 2.0886 -0.5068 0.8387, 2.0886 -0.5217 0.8523, 2.0886 -0.5398 0.862, 2.0886 -0.5604 0.8671, 2.0886 -0.5708 0.8677, 2.0886 -0.5912 0.8652, 2.0886 -0.6101 0.858, 2.0886 -0.6275 0.8459, 2.0886 -0.6416 0.8298, 2.0886 -0.6511 0.8114, 2.0886 -0.6697 0.8228, 2.0886 -0.685 0.8385, 2.0886 -0.6952 0.856, 2.0886 -0.7013 0.8769, 2.0886 -0.7023 0.8899, 2.0886 -0.7002 0.9072, 2.0886 -0.6998 0.9106, 2.0886 -0.6925 0.9296, 2.0886 -0.6836 0.9424, 2.0886 -0.6807 0.9466, 2.0886 -0.6659 0.9598, 2.0886 -0.6468 0.9699, 2.0886 -0.6257 0.9749, 2.0886 -0.617 0.9753, 2.0886 -0.5971 0.9729, 2.0886 -0.5779 0.9659, 2.0886 -0.5717 0.9625, 2.0886 -0.5589 0.9891, 2.0886 -0.5399 1.012, 2.0886 -0.5161 1.0294, 2.0886 -0.4881 1.0406, 2.0886 -0.4573 1.0445, 2.0886 -0.3377 0.9378, 2.0886 -0.3387 0.9424, 2.0886 -0.3427 0.9607, 2.0886 -0.3556 0.9883, 2.0886 -0.3747 1.0115, 2.0886 -0.3778 1.0142, 2.0886 -0.4018 1.0308, 2.0886 -0.4286 1.041, 2.0886 -0.3309 0.9378, 2.0886 -0.3147 0.9358, 2.0886 -0.2998 0.93, 2.0886 -0.2865 0.9208, 2.0886 -0.2766 0.9097, 2.0886 -0.2752 0.9072, 2.0886 -0.2687 0.895, 2.0886 -0.2647 0.8786, 2.0886 -0.2643 0.8712, 2.0886 -0.2663 0.8545, 2.0886 -0.2722 0.8393, 2.0886 -0.2816 0.826, 2.0886 -0.2828 0.8247, 2.0886 -0.2954 0.8144, 2.0886 -0.3105 0.8075, 2.0886 -0.3258 0.8045, 2.0886 -0.3642 0.8045, 2.0886 -0.3659 0.8048, 2.0886 -0.3685 0.8053, 2.0886 -0.3693 0.8054, 2.0886 -0.3758 0.8046, 2.0886 -0.3817 0.8023, 2.0886 -0.387 0.7986, 2.0886 -0.3908 0.7944, 2.0886 -0.394 0.7885, 2.0886 -0.3956 0.782, 2.0886 -0.3958 0.7789, 2.0886 -0.395 0.7726, 2.0886 -0.3927 0.7668, 2.0886 -0.389 0.7614, 2.0886 -0.387 0.7594, 2.0886 -0.3815 0.7555, 2.0886 -0.3758 0.7532, 2.0886 -0.371 0.7525, 2.0886 -0.3206 0.7525, 2.0886 -0.2922 0.7585, 2.0886 -0.2662 0.7712, 2.0886 -0.2429 0.7909, 2.0886 -0.226 0.8144, 2.0886 -0.2153 0.8414, 2.0886 -0.5717 0.8139, 2.0886 -0.5644 0.8131, 2.0886 -0.5565 0.8102, 2.0886 -0.5496 0.8056, 2.0886 -0.5442 0.7994, 2.0886 -0.5405 0.7923, 2.0886 -0.5386 0.7844, 2.0886 -0.5386 0.777, 2.0886 -0.5406 0.7688, 2.0886 -0.5445 0.7614, 2.0886 -0.5501 0.7553, 2.0886 -0.5567 0.7509, 2.0886 -0.5642 0.7482, 2.0886 -0.5717 0.7473, 2.0886 -0.5779 0.7479, 2.0886 -0.5859 0.7506, 2.0886 -0.5929 0.755, 2.0886 -0.5986 0.761, 2.0886 -0.6025 0.7679, 2.0886 -0.6046 0.7757, 2.0886 -0.6048 0.7841, 2.0886 -0.6029 0.7923, 2.0886 -0.599 0.7997, 2.0886 -0.5934 0.8058, 2.0886 -0.5866 0.8104, 2.0886 -0.5791 0.8131
            ]
        }
        coordIndex [
            0,1,2,-1,3,4,5,-1,6,7,8,-1,5,4,9,-1,10,11,12,-1,12,11,13,-1,12,13,14,-1,14,13,15,-1,14,15,8,-1,8,15,16,-1,8,16,6,-1,17,1,18,-1,18,1,19,-1,18,19,20,-1,21,22,23,-1,24,25,2,-1,2,25,26,-1,2,26,0,-1,27,28,29,-1,29,28,30,-1,29,30,31,-1,31,30,32,-1,31,32,33,-1,33,32,34,-1,21,23,35,-1,35,23,36,-1,35,36,37,-1,37,36,38,-1,37,38,39,-1,4,40,9,-1,9,40,41,-1,9,41,42,-1,42,41,43,-1,42,43,38,-1,38,43,44,-1,38,44,39,-1,45,2,46,-1,46,2,1,-1,46,1,47,-1,47,1,17,-1,19,48,20,-1,20,48,49,-1,20,49,50,-1,50,49,51,-1,50,51,52,-1,52,51,53,-1,52,53,54,-1,54,53,15,-1,54,15,55,-1,55,15,56,-1,57,58,59,-1,59,58,60,-1,59,60,61,-1,61,60,62,-1,61,62,63,-1,63,62,64,-1,63,64,65,-1,65,64,66,-1,65,66,67,-1,68,69,70,-1,70,69,71,-1,70,71,72,-1,72,71,73,-1,72,73,74,-1,74,73,75,-1,74,75,76,-1,76,75,77,-1,76,77,24,-1,24,77,78,-1,24,78,25,-1,79,80,13,-1,13,80,81,-1,13,81,15,-1,15,81,82,-1,15,82,56,-1,32,83,34,-1,34,83,84,-1,34,84,85,-1,85,84,86,-1,85,86,87,-1,87,86,88,-1,87,88,89,-1,89,88,90,-1,89,90,91,-1,91,90,92,-1,91,92,93,-1,93,92,94,-1,93,94,57,-1,57,94,95,-1,57,95,58,-1,96,97,98,-1,98,97,99,-1,98,99,29,-1,29,99,100,-1,29,100,27,-1,5,101,3,-1,3,101,102,-1,3,102,103,-1,103,102,104,-1,103,104,105,-1,105,104,106,-1,105,106,68,-1,68,106,107,-1,68,107,69,-1,22,21,108,-1,108,21,109,-1,108,109,110,-1,110,109,111,-1,110,111,112,-1,112,111,113,-1,112,113,114,-1,114,113,115,-1,114,115,96,-1,96,115,116,-1,96,116,97,-1,45,117,2,-1,2,117,118,-1,2,118,119,-1,119,118,120,-1,119,120,121,-1,121,120,122,-1,121,122,123,-1,123,122,124,-1,123,124,125,-1,125,124,126,-1,125,126,127,-1,127,126,128,-1,127,128,129,-1,129,128,130,-1,129,130,131,-1,131,130,132,-1,131,132,133,-1,133,132,134,-1,133,134,13,-1,13,134,135,-1,13,135,79,-1,136,137,138,-1,66,139,67,-1,67,139,136,-1,67,136,140,-1,140,136,138,-1,141,142,136,-1,136,142,143,-1,136,143,137,-1,144,145,146,-1,145,147,146,-1,146,147,148,-1,146,148,149,-1,141,136,146,-1,146,136,150,-1,146,150,144,-1,89,151,152,-1,89,152,87,-1,87,152,153,-1,87,153,85,-1,153,154,85,-1,85,154,155,-1,85,155,34,-1,155,156,34,-1,34,156,157,-1,34,157,33,-1,33,157,158,-1,33,158,31,-1,31,158,159,-1,31,159,29,-1,29,159,160,-1,29,160,98,-1,98,160,161,-1,98,161,96,-1,96,161,162,-1,96,162,114,-1,162,163,114,-1,114,163,164,-1,114,164,112,-1,112,164,165,-1,112,165,110,-1,166,23,167,-1,167,23,22,-1,167,22,168,-1,168,22,108,-1,168,108,169,-1,169,108,110,-1,169,110,165,-1,23,166,170,-1,23,170,36,-1,36,170,171,-1,36,171,38,-1,38,171,172,-1,38,172,42,-1,42,172,173,-1,42,173,9,-1,9,173,174,-1,9,174,5,-1,5,174,175,-1,5,175,101,-1,101,175,176,-1,101,176,102,-1,102,176,177,-1,102,177,104,-1,178,71,69,-1,104,177,179,-1,104,179,106,-1,106,179,180,-1,106,180,107,-1,180,181,107,-1,107,181,182,-1,107,182,69,-1,69,182,183,-1,69,183,178,-1,71,178,184,-1,71,184,73,-1,73,184,185,-1,73,185,75,-1,75,185,186,-1,75,186,77,-1,77,186,187,-1,77,187,78,-1,78,187,188,-1,78,188,25,-1,25,188,189,-1,25,189,26,-1,26,189,190,-1,26,190,0,-1,190,191,0,-1,0,191,192,-1,0,192,1,-1,1,192,193,-1,1,193,19,-1,19,193,194,-1,19,194,48,-1,194,195,48,-1,48,195,196,-1,48,196,49,-1,49,196,197,-1,49,197,51,-1,198,14,8,-1,51,197,199,-1,51,199,53,-1,53,199,200,-1,53,200,15,-1,200,201,15,-1,15,201,202,-1,15,202,16,-1,16,202,203,-1,16,203,6,-1,6,203,204,-1,6,204,7,-1,7,204,205,-1,7,205,8,-1,8,205,206,-1,8,206,198,-1,12,14,207,-1,207,14,198,-1,10,12,208,-1,208,12,207,-1,11,10,209,-1,209,10,208,-1,13,11,210,-1,210,11,209,-1,13,210,211,-1,13,211,133,-1,133,211,212,-1,133,212,131,-1,131,212,213,-1,131,213,129,-1,129,213,214,-1,129,214,127,-1,127,214,215,-1,127,215,125,-1,125,215,216,-1,125,216,123,-1,123,216,217,-1,123,217,121,-1,121,217,218,-1,121,218,119,-1,119,218,219,-1,119,219,2,-1,2,219,220,-1,2,220,24,-1,24,220,221,-1,24,221,76,-1,76,221,222,-1,76,222,74,-1,74,222,223,-1,74,223,72,-1,72,223,224,-1,72,224,70,-1,68,70,225,-1,225,70,224,-1,225,226,68,-1,68,226,227,-1,68,227,105,-1,105,227,228,-1,105,228,103,-1,228,229,103,-1,103,229,230,-1,103,230,3,-1,3,230,231,-1,3,231,4,-1,4,231,232,-1,4,232,40,-1,40,232,233,-1,40,233,41,-1,41,233,234,-1,41,234,43,-1,43,234,235,-1,43,235,44,-1,44,235,236,-1,44,236,39,-1,39,236,237,-1,39,237,37,-1,37,237,238,-1,37,238,35,-1,35,238,239,-1,35,239,21,-1,21,239,240,-1,21,240,109,-1,109,240,241,-1,109,241,111,-1,242,27,243,-1,243,27,100,-1,243,100,244,-1,244,100,99,-1,244,99,245,-1,245,99,97,-1,245,97,246,-1,246,97,116,-1,246,116,247,-1,247,116,115,-1,247,115,248,-1,248,115,113,-1,248,113,249,-1,249,113,111,-1,249,111,241,-1,28,27,250,-1,250,27,242,-1,28,250,251,-1,28,251,30,-1,30,251,252,-1,30,252,32,-1,32,252,253,-1,32,253,83,-1,83,253,254,-1,83,254,84,-1,84,254,255,-1,84,255,86,-1,255,256,86,-1,86,256,257,-1,86,257,88,-1,88,257,258,-1,88,258,90,-1,90,258,259,-1,90,259,92,-1,92,259,260,-1,92,260,94,-1,94,260,261,-1,94,261,95,-1,95,261,262,-1,95,262,58,-1,58,262,263,-1,58,263,60,-1,60,263,264,-1,60,264,62,-1,62,264,265,-1,62,265,64,-1,66,64,266,-1,266,64,265,-1,66,266,267,-1,66,267,139,-1,139,267,268,-1,139,268,136,-1,136,268,269,-1,136,269,150,-1,150,269,270,-1,150,270,144,-1,144,270,271,-1,144,271,145,-1,145,271,272,-1,145,272,147,-1,147,272,273,-1,147,273,148,-1,148,273,274,-1,148,274,149,-1,149,274,275,-1,149,275,146,-1,146,275,276,-1,146,276,141,-1,141,276,277,-1,141,277,142,-1,142,277,278,-1,142,278,143,-1,143,278,279,-1,143,279,137,-1,137,279,280,-1,137,280,138,-1,138,280,281,-1,138,281,140,-1,140,281,282,-1,140,282,67,-1,67,282,283,-1,67,283,65,-1,63,65,284,-1,284,65,283,-1,63,284,285,-1,63,285,61,-1,61,285,286,-1,61,286,59,-1,59,286,287,-1,59,287,57,-1,57,287,288,-1,57,288,93,-1,93,288,289,-1,93,289,91,-1,91,289,151,-1,91,151,89,-1,128,290,291,-1,128,291,130,-1,130,291,292,-1,130,292,132,-1,132,292,293,-1,132,293,134,-1,134,293,294,-1,134,294,135,-1,135,294,295,-1,135,295,79,-1,79,295,296,-1,79,296,80,-1,80,296,297,-1,80,297,81,-1,81,297,298,-1,81,298,82,-1,82,298,299,-1,82,299,56,-1,56,299,300,-1,56,300,55,-1,55,300,301,-1,55,301,54,-1,54,301,302,-1,54,302,52,-1,52,302,303,-1,52,303,50,-1,50,303,304,-1,50,304,20,-1,20,304,305,-1,20,305,18,-1,18,305,306,-1,18,306,17,-1,17,306,307,-1,17,307,47,-1,47,307,308,-1,47,308,46,-1,46,308,309,-1,46,309,45,-1,45,309,310,-1,45,310,117,-1,117,310,311,-1,117,311,118,-1,118,311,312,-1,118,312,120,-1,120,312,313,-1,120,313,122,-1,122,313,314,-1,122,314,124,-1,124,314,315,-1,124,315,126,-1,126,315,290,-1,126,290,128,-1,
        ]
    }
}
Shape{
    appearance Appearance {
        material  Material 	{
            diffuseColor 0.39215686274509803 0.6 0.39215686274509803
            specularColor 0.19607843137254902 0.30196078431372547 0.19607843137254902
            ambientIntensity 0.5142
            transparency 0.0
            shininess 0.5
        }
    }
    geometry IndexedFaceSet {
        ccw TRUE
        solid FALSE
        coord DEF co Coordinate {
            point [
                2.0886 -0.5779 0.7479, 2.0886 -0.5717 0.7473, 2.0886 -0.5717 0.8139, 2.0886 -0.5567 0.7509, 2.0886 -0.5386 0.777, 2.0886 -0.5642 0.7482, 2.0886 -0.5386 0.7844, 2.0886 -0.5405 0.7923, 2.0886 -0.5442 0.7994, 2.0886 -0.5496 0.8056, 2.0886 -0.5866 0.8104, 2.0886 -0.5986 0.761, 2.0886 -0.5929 0.755, 2.0886 -0.5565 0.8102, 2.0886 -0.5644 0.8131, 2.0886 -0.6025 0.7679, 2.0886 -0.5934 0.8058, 2.0886 -0.6046 0.7757, 2.0886 -0.5791 0.8131, 2.0886 -0.5859 0.7506, 2.0886 -0.5501 0.7553, 2.0886 -0.5445 0.7614, 2.0886 -0.5406 0.7688, 2.0886 -0.6048 0.7841, 2.0886 -0.599 0.7997, 2.0886 -0.6029 0.7923, -2.1004 -1.4075 1.8602, 2.0886 -1.4075 1.8602, 2.0886 -1.4008 1.9112, -2.1004 -1.4008 1.9112, 2.0886 -1.3811 1.9587, -2.1004 -1.3811 1.9587, 2.0886 -1.3498 1.9994, -2.1004 -1.3498 1.9994, 2.0886 -1.3091 2.0307, -2.1004 -1.3091 2.0307, 2.0886 -1.2616 2.0504, -2.1004 -1.2616 2.0504, 2.0886 -1.2106 2.0571, -2.1004 -1.2106 2.0571
            ]
        }
        coordIndex [
            0,1,2,-1,3,4,5,-1,5,4,6,-1,5,6,1,-1,6,7,1,-1,1,7,8,-1,1,8,9,-1,10,11,12,-1,9,13,1,-1,1,13,14,-1,1,14,2,-1,11,10,15,-1,15,10,16,-1,15,16,17,-1,2,18,0,-1,0,18,10,-1,0,10,19,-1,19,10,12,-1,3,20,4,-1,4,20,21,-1,4,21,22,-1,17,16,23,-1,23,16,24,-1,23,24,25,-1,26,27,28,-1,26,28,29,-1,29,28,30,-1,29,30,31,-1,31,30,32,-1,31,32,33,-1,33,32,34,-1,33,34,35,-1,35,34,36,-1,35,36,37,-1,37,36,38,-1,37,38,39,-1,
        ]
    }
}
Shape{
    appearance Appearance {
        material  Material 	{
            diffuseColor 0.7372549019607844 0.7764705882352941 0.8
            specularColor 0.7372549019607844 0.7764705882352941 0.8
            ambientIntensity 0.7674
            transparency 0.0
            shininess 0.5
        }
    }
    geometry IndexedFaceSet {
        ccw TRUE
        solid FALSE
        coord DEF co Coordinate {
            point [
                0.75 -0.0495 1.2205, 0.75 -0.3442 1.2205, 0.7694 -0.3035 1.2205, 0.7893 -0.1969 1.2205, 0.7843 -0.1426 1.2205, 0.7694 -0.0902 1.2205, 0.7843 -0.2511 1.2205
            ]
        }
        coordIndex [
            0,1,2,-1,3,4,5,-1,0,2,5,-1,5,2,6,-1,5,6,3,-1,
        ]
    }
}
Shape{
    appearance Appearance {
        material  Material 	{
            diffuseColor 0.6392156862745098 0.6666666666666666 0.6862745098039216
            specularColor 0.6392156862745098 0.6666666666666666 0.6862745098039216
            ambientIntensity 0.6607
            transparency 0.0
            shininess 0.5
        }
    }
    geometry IndexedFaceSet {
        ccw TRUE
        solid FALSE
        coord DEF co Coordinate {
            point [
                0.75 -0.0495 1.3386, 0.75 -0.0495 1.2205, 0.7694 -0.0902 1.2205, 0.2382 -0.3442 1.3386, 0.2382 -0.3442 1.2205, 0.2187 -0.3035 1.2205, 0.7694 -0.3035 1.811, 0.75 -0.3442 1.3386, 0.7451 -0.3523 1.811, 0.7451 -0.3523 1.3386, 0.7123 -0.3958 1.811, 0.7123 -0.3958 1.3386, 0.672 -0.4325 1.811, 0.672 -0.4325 1.3386, 0.6257 -0.4612 1.811, 0.6257 -0.4612 1.3386, 0.5749 -0.4809 1.811, 0.5749 -0.4809 1.3386, 0.5213 -0.4909 1.811, 0.5213 -0.4909 1.3386, 0.4668 -0.4909 1.811, 0.4668 -0.4909 1.3386, 0.4133 -0.4809 1.811, 0.4133 -0.4809 1.3386, 0.3625 -0.4612 1.811, 0.3625 -0.4612 1.3386, 0.3161 -0.4325 1.811, 0.3161 -0.4325 1.3386, 0.2759 -0.3958 1.811, 0.2759 -0.3958 1.3386, 0.243 -0.3523 1.811, 0.243 -0.3523 1.3386, 0.2187 -0.3035 1.811, 0.2187 -0.0902 1.811, 0.2382 -0.0495 1.3386, 0.243 -0.0414 1.811, 0.243 -0.0414 1.3386, 0.2759 0.0021 1.811, 0.2759 0.0021 1.3386, 0.3161 0.0388 1.811, 0.3161 0.0388 1.3386, 0.3625 0.0675 1.811, 0.3625 0.0675 1.3386, 0.4133 0.0871 1.811, 0.4133 0.0871 1.3386, 0.4668 0.0972 1.811, 0.4668 0.0972 1.3386, 0.5213 0.0972 1.811, 0.5213 0.0972 1.3386, 0.5749 0.0871 1.811, 0.5749 0.0871 1.3386, 0.6257 0.0675 1.811, 0.6257 0.0675 1.3386, 0.672 0.0388 1.811, 0.672 0.0388 1.3386, 0.7123 0.0021 1.811, 0.7123 0.0021 1.3386, 0.7451 -0.0414 1.811, 0.7451 -0.0414 1.3386, 0.7694 -0.0902 1.811, 0.2382 -0.0495 1.2205, 0.2187 -0.0902 1.2205, 0.2038 -0.1426 1.2205, 0.2038 -0.1426 1.811, 0.1988 -0.1969 1.2205, 0.1988 -0.1969 1.811, 0.2038 -0.2511 1.2205, 0.2038 -0.2511 1.811, 0.75 -0.3442 1.2205, 0.7694 -0.3035 1.2205, 0.7843 -0.2511 1.2205, 0.7843 -0.2511 1.811, 0.7893 -0.1969 1.2205, 0.7893 -0.1969 1.811, 0.7843 -0.1426 1.2205, 0.7843 -0.1426 1.811
            ]
        }
        coordIndex [
            0,1,2,-1,3,4,5,-1,6,7,8,-1,8,7,9,-1,8,9,10,-1,10,9,11,-1,10,11,12,-1,12,11,13,-1,12,13,14,-1,14,13,15,-1,14,15,16,-1,16,15,17,-1,16,17,18,-1,18,17,19,-1,18,19,20,-1,20,19,21,-1,20,21,22,-1,22,21,23,-1,22,23,24,-1,24,23,25,-1,24,25,26,-1,26,25,27,-1,26,27,28,-1,28,27,29,-1,28,29,30,-1,30,29,31,-1,30,31,32,-1,33,34,35,-1,35,34,36,-1,35,36,37,-1,37,36,38,-1,37,38,39,-1,39,38,40,-1,39,40,41,-1,41,40,42,-1,41,42,43,-1,43,42,44,-1,43,44,45,-1,45,44,46,-1,45,46,47,-1,47,46,48,-1,47,48,49,-1,49,48,50,-1,49,50,51,-1,51,50,52,-1,51,52,53,-1,53,52,54,-1,53,54,55,-1,55,54,56,-1,55,56,57,-1,57,56,58,-1,57,58,59,-1,60,34,61,-1,61,34,33,-1,61,33,62,-1,62,33,63,-1,62,63,64,-1,64,63,65,-1,64,65,66,-1,66,65,67,-1,66,67,5,-1,5,67,32,-1,5,32,3,-1,3,32,31,-1,68,7,69,-1,69,7,6,-1,69,6,70,-1,70,6,71,-1,70,71,72,-1,72,71,73,-1,72,73,74,-1,74,73,75,-1,74,75,2,-1,2,75,59,-1,2,59,0,-1,0,59,58,-1,
        ]
    }
}
Shape{
    appearance Appearance {
        material  Material 	{
            diffuseColor 0.7372549019607844 0.7764705882352941 0.8
            specularColor 0.7372549019607844 0.7764705882352941 0.8
            ambientIntensity 0.7674
            transparency 0.0
            shininess 0.5
        }
    }
    geometry IndexedFaceSet {
        ccw TRUE
        solid FALSE
        coord DEF co Coordinate {
            point [
                0.2382 -0.3442 1.2205, 0.2382 -0.0495 1.2205, 0.2187 -0.3035 1.2205, 0.2187 -0.0902 1.2205, 0.2038 -0.1426 1.2205, 0.1988 -0.1969 1.2205, 0.2038 -0.2511 1.2205, 0.75 -0.7874 0.6299, 0.75 0.3937 0.6299, 0.2382 -0.7874 0.6299, 0.2382 0.3937 0.6299, 0.1004 0.3937 1.811, 0.1004 0.3937 0.2756, 0.1004 -0.7874 1.811, 0.1004 -0.7874 0.2756, 0.8878 0.3937 0.2756, 0.8878 0.3937 1.811, 0.8878 -0.7874 0.2756, 0.8878 -0.7874 1.811, 0.75 0.3937 1.3386, 0.2382 0.3937 1.3386, 0.2382 -0.7874 1.3386, 0.75 -0.7874 1.3386, 0.75 -0.0495 1.3386, 0.75 -0.0495 1.2205, 0.75 -0.3442 1.2205, 0.75 -0.3442 1.3386, 0.7451 -0.0414 1.3386, 0.2382 -0.0495 1.3386, 0.243 -0.0414 1.3386, 0.2759 0.0021 1.3386, 0.7123 0.0021 1.3386, 0.672 0.0388 1.3386, 0.6257 0.0675 1.3386, 0.5749 0.0871 1.3386, 0.5213 0.0972 1.3386, 0.4668 0.0972 1.3386, 0.4133 0.0871 1.3386, 0.3625 0.0675 1.3386, 0.3161 0.0388 1.3386, 0.7451 -0.3523 1.3386, 0.7123 -0.3958 1.3386, 0.2382 -0.3442 1.3386, 0.243 -0.3523 1.3386, 0.5749 -0.4809 1.3386, 0.6257 -0.4612 1.3386, 0.672 -0.4325 1.3386, 0.2759 -0.3958 1.3386, 0.3161 -0.4325 1.3386, 0.3625 -0.4612 1.3386, 0.4133 -0.4809 1.3386, 0.4668 -0.4909 1.3386, 0.5213 -0.4909 1.3386, 0.5749 0.0871 1.811, 0.6257 0.0675 1.811, 0.672 0.0388 1.811, 0.7123 0.0021 1.811, 0.7451 -0.0414 1.811, 0.7694 -0.0902 1.811, 0.2187 -0.0902 1.811, 0.243 -0.0414 1.811, 0.243 -0.3523 1.811, 0.2187 -0.3035 1.811, 0.2038 -0.2511 1.811, 0.1988 -0.1969 1.811, 0.2038 -0.1426 1.811, 0.2759 0.0021 1.811, 0.3161 0.0388 1.811, 0.3625 0.0675 1.811, 0.4133 0.0871 1.811, 0.4668 0.0972 1.811, 0.5213 0.0972 1.811, 0.7843 -0.1426 1.811, 0.7893 -0.1969 1.811, 0.4133 -0.4809 1.811, 0.3625 -0.4612 1.811, 0.7843 -0.2511 1.811, 0.7694 -0.3035 1.811, 0.7451 -0.3523 1.811, 0.6257 -0.4612 1.811, 0.5749 -0.4809 1.811, 0.5213 -0.4909 1.811, 0.4668 -0.4909 1.811, 0.3161 -0.4325 1.811, 0.2759 -0.3958 1.811, 0.7123 -0.3958 1.811, 0.672 -0.4325 1.811, -0.2306 -0.0902 1.2205, -0.25 -0.0495 1.2205, -0.25 -0.3442 1.2205, -0.2306 -0.3035 1.2205, -0.2157 -0.2511 1.2205, -0.2157 -0.1426 1.2205, -0.2107 -0.1969 1.2205
            ]
        }
        coordIndex [
            0,1,2,-1,2,1,3,-1,3,4,2,-1,2,4,5,-1,2,5,6,-1,7,8,9,-1,9,8,10,-1,11,12,13,-1,13,12,14,-1,15,16,17,-1,17,16,18,-1,15,17,12,-1,12,17,14,-1,15,8,19,-1,8,15,10,-1,10,15,12,-1,10,12,20,-1,20,12,11,-1,20,11,19,-1,19,11,16,-1,19,16,15,-1,14,9,21,-1,9,14,7,-1,7,14,17,-1,7,17,22,-1,22,17,18,-1,22,18,21,-1,21,18,13,-1,21,13,14,-1,23,19,24,-1,24,19,8,-1,24,8,25,-1,25,8,7,-1,25,7,26,-1,26,7,22,-1,19,23,27,-1,28,20,29,-1,29,20,30,-1,27,31,19,-1,19,31,32,-1,19,32,33,-1,33,34,19,-1,19,34,35,-1,19,35,20,-1,20,35,36,-1,20,36,37,-1,37,38,20,-1,20,38,39,-1,20,39,30,-1,26,22,40,-1,40,22,41,-1,21,42,43,-1,44,45,22,-1,22,45,46,-1,22,46,41,-1,43,47,21,-1,21,47,48,-1,21,48,49,-1,49,50,21,-1,21,50,51,-1,21,51,22,-1,22,51,52,-1,22,52,44,-1,42,21,0,-1,0,21,9,-1,0,9,1,-1,1,9,10,-1,1,10,28,-1,28,10,20,-1,53,54,16,-1,16,54,55,-1,55,56,16,-1,16,56,57,-1,16,57,58,-1,11,59,60,-1,13,61,62,-1,62,63,13,-1,13,63,64,-1,13,64,11,-1,11,64,65,-1,11,65,59,-1,60,66,11,-1,11,66,67,-1,11,67,68,-1,68,69,11,-1,11,69,70,-1,11,70,16,-1,16,70,71,-1,16,71,53,-1,58,72,16,-1,16,72,73,-1,16,73,18,-1,74,75,13,-1,73,76,18,-1,18,76,77,-1,18,77,78,-1,79,80,18,-1,18,80,81,-1,18,81,13,-1,13,81,82,-1,13,82,74,-1,75,83,13,-1,13,83,84,-1,13,84,61,-1,78,85,18,-1,18,85,86,-1,18,86,79,-1,87,88,89,-1,89,90,87,-1,87,90,91,-1,87,91,92,-1,92,91,93,-1,
        ]
    }
}
Shape{
    appearance Appearance {
        material  Material 	{
            diffuseColor 0.6392156862745098 0.6666666666666666 0.6862745098039216
            specularColor 0.6392156862745098 0.6666666666666666 0.6862745098039216
            ambientIntensity 0.6607
            transparency 0.0
            shininess 0.5
        }
    }
    geometry IndexedFaceSet {
        ccw TRUE
        solid FALSE
        coord DEF co Coordinate {
            point [
                -0.25 -0.0495 1.3386, -0.25 -0.0495 1.2205, -0.2306 -0.0902 1.2205, -0.7618 -0.3442 1.3386, -0.7618 -0.3442 1.2205, -0.7813 -0.3035 1.2205, -0.2306 -0.3035 1.811, -0.25 -0.3442 1.3386, -0.2549 -0.3523 1.811, -0.2549 -0.3523 1.3386, -0.2877 -0.3958 1.811, -0.2877 -0.3958 1.3386, -0.328 -0.4325 1.811, -0.328 -0.4325 1.3386, -0.3743 -0.4612 1.811, -0.3743 -0.4612 1.3386, -0.4251 -0.4809 1.811, -0.4251 -0.4809 1.3386, -0.4787 -0.4909 1.811, -0.4787 -0.4909 1.3386, -0.5332 -0.4909 1.811, -0.5332 -0.4909 1.3386, -0.5867 -0.4809 1.811, -0.5867 -0.4809 1.3386, -0.6375 -0.4612 1.811, -0.6375 -0.4612 1.3386, -0.6839 -0.4325 1.811, -0.6839 -0.4325 1.3386, -0.7241 -0.3958 1.811, -0.7241 -0.3958 1.3386, -0.757 -0.3523 1.811, -0.757 -0.3523 1.3386, -0.7813 -0.3035 1.811, -0.7813 -0.0902 1.811, -0.7618 -0.0495 1.3386, -0.757 -0.0414 1.811, -0.757 -0.0414 1.3386, -0.7241 0.0021 1.811, -0.7241 0.0021 1.3386, -0.6839 0.0388 1.811, -0.6839 0.0388 1.3386, -0.6375 0.0675 1.811, -0.6375 0.0675 1.3386, -0.5867 0.0871 1.811, -0.5867 0.0871 1.3386, -0.5332 0.0972 1.811, -0.5332 0.0972 1.3386, -0.4787 0.0972 1.811, -0.4787 0.0972 1.3386, -0.4251 0.0871 1.811, -0.4251 0.0871 1.3386, -0.3743 0.0675 1.811, -0.3743 0.0675 1.3386, -0.328 0.0388 1.811, -0.328 0.0388 1.3386, -0.2877 0.0021 1.811, -0.2877 0.0021 1.3386, -0.2549 -0.0414 1.811, -0.2549 -0.0414 1.3386, -0.2306 -0.0902 1.811, -0.7618 -0.0495 1.2205, -0.7813 -0.0902 1.2205, -0.7962 -0.1426 1.2205, -0.7962 -0.1426 1.811, -0.8012 -0.1969 1.2205, -0.8012 -0.1969 1.811, -0.7962 -0.2511 1.2205, -0.7962 -0.2511 1.811, -0.25 -0.3442 1.2205, -0.2306 -0.3035 1.2205, -0.2157 -0.2511 1.2205, -0.2157 -0.2511 1.811, -0.2107 -0.1969 1.2205, -0.2107 -0.1969 1.811, -0.2157 -0.1426 1.2205, -0.2157 -0.1426 1.811
            ]
        }
        coordIndex [
            0,1,2,-1,3,4,5,-1,6,7,8,-1,8,7,9,-1,8,9,10,-1,10,9,11,-1,10,11,12,-1,12,11,13,-1,12,13,14,-1,14,13,15,-1,14,15,16,-1,16,15,17,-1,16,17,18,-1,18,17,19,-1,18,19,20,-1,20,19,21,-1,20,21,22,-1,22,21,23,-1,22,23,24,-1,24,23,25,-1,24,25,26,-1,26,25,27,-1,26,27,28,-1,28,27,29,-1,28,29,30,-1,30,29,31,-1,30,31,32,-1,33,34,35,-1,35,34,36,-1,35,36,37,-1,37,36,38,-1,37,38,39,-1,39,38,40,-1,39,40,41,-1,41,40,42,-1,41,42,43,-1,43,42,44,-1,43,44,45,-1,45,44,46,-1,45,46,47,-1,47,46,48,-1,47,48,49,-1,49,48,50,-1,49,50,51,-1,51,50,52,-1,51,52,53,-1,53,52,54,-1,53,54,55,-1,55,54,56,-1,55,56,57,-1,57,56,58,-1,57,58,59,-1,60,34,61,-1,61,34,33,-1,61,33,62,-1,62,33,63,-1,62,63,64,-1,64,63,65,-1,64,65,66,-1,66,65,67,-1,66,67,5,-1,5,67,32,-1,5,32,3,-1,3,32,31,-1,68,7,69,-1,69,7,6,-1,69,6,70,-1,70,6,71,-1,70,71,72,-1,72,71,73,-1,72,73,74,-1,74,73,75,-1,74,75,2,-1,2,75,59,-1,2,59,0,-1,0,59,58,-1,
        ]
    }
}
Shape{
    appearance Appearance {
        material  Material 	{
            diffuseColor 0.7372549019607844 0.7764705882352941 0.8
            specularColor 0.7372549019607844 0.7764705882352941 0.8
            ambientIntensity 0.7674
            transparency 0.0
            shininess 0.5
        }
    }
    geometry IndexedFaceSet {
        ccw TRUE
        solid FALSE
        coord DEF co Coordinate {
            point [
                -0.7618 -0.3442 1.2205, -0.7618 -0.0495 1.2205, -0.7813 -0.3035 1.2205, -0.7813 -0.0902 1.2205, -0.7962 -0.2511 1.2205, -0.7962 -0.1426 1.2205, -0.8012 -0.1969 1.2205, -0.25 -0.7874 0.6299, -0.25 0.3937 0.6299, -0.7618 -0.7874 0.6299, -0.7618 0.3937 0.6299, -0.8996 0.3937 1.811, -0.8996 0.3937 0.2756, -0.8996 -0.7874 1.811, -0.8996 -0.7874 0.2756, -0.1122 0.3937 0.2756, -0.1122 0.3937 1.811, -0.1122 -0.7874 0.2756, -0.1122 -0.7874 1.811, -0.25 0.3937 1.3386, -0.7618 0.3937 1.3386, -0.7618 -0.7874 1.3386, -0.25 -0.7874 1.3386, -0.25 -0.0495 1.3386, -0.25 -0.0495 1.2205, -0.25 -0.3442 1.2205, -0.25 -0.3442 1.3386, -0.2877 0.0021 1.3386, -0.2549 -0.0414 1.3386, -0.4251 0.0871 1.3386, -0.4787 0.0972 1.3386, -0.7618 -0.0495 1.3386, -0.757 -0.0414 1.3386, -0.7241 0.0021 1.3386, -0.5332 0.0972 1.3386, -0.5867 0.0871 1.3386, -0.328 0.0388 1.3386, -0.3743 0.0675 1.3386, -0.6375 0.0675 1.3386, -0.6839 0.0388 1.3386, -0.2549 -0.3523 1.3386, -0.2877 -0.3958 1.3386, -0.7618 -0.3442 1.3386, -0.757 -0.3523 1.3386, -0.4251 -0.4809 1.3386, -0.3743 -0.4612 1.3386, -0.328 -0.4325 1.3386, -0.7241 -0.3958 1.3386, -0.6839 -0.4325 1.3386, -0.6375 -0.4612 1.3386, -0.5867 -0.4809 1.3386, -0.5332 -0.4909 1.3386, -0.4787 -0.4909 1.3386, -0.2107 -0.1969 1.811, -0.2157 -0.2511 1.811, -0.2306 -0.3035 1.811, -0.2549 -0.3523 1.811, -0.757 -0.3523 1.811, -0.7813 -0.3035 1.811, -0.4251 0.0871 1.811, -0.3743 0.0675 1.811, -0.2877 -0.3958 1.811, -0.328 -0.4325 1.811, -0.3743 -0.4612 1.811, -0.328 0.0388 1.811, -0.2877 0.0021 1.811, -0.2549 -0.0414 1.811, -0.2306 -0.0902 1.811, -0.2157 -0.1426 1.811, -0.7962 -0.2511 1.811, -0.8012 -0.1969 1.811, -0.7962 -0.1426 1.811, -0.7813 -0.0902 1.811, -0.757 -0.0414 1.811, -0.5867 -0.4809 1.811, -0.6375 -0.4612 1.811, -0.7241 0.0021 1.811, -0.6839 0.0388 1.811, -0.6375 0.0675 1.811, -0.5867 0.0871 1.811, -0.5332 0.0972 1.811, -0.4787 0.0972 1.811, -0.4251 -0.4809 1.811, -0.4787 -0.4909 1.811, -0.5332 -0.4909 1.811, -0.6839 -0.4325 1.811, -0.7241 -0.3958 1.811, -1.2107 -0.1969 1.2205, -1.2157 -0.1426 1.2205, -1.2157 -0.2511 1.2205, -1.2306 -0.0902 1.2205, -1.2306 -0.3035 1.2205, -1.25 -0.0495 1.2205, -1.25 -0.3442 1.2205
            ]
        }
        coordIndex [
            0,1,2,-1,2,1,3,-1,2,3,4,-1,4,3,5,-1,4,5,6,-1,7,8,9,-1,9,8,10,-1,11,12,13,-1,13,12,14,-1,15,16,17,-1,17,16,18,-1,15,17,12,-1,12,17,14,-1,15,8,19,-1,8,15,10,-1,10,15,12,-1,10,12,20,-1,20,12,11,-1,20,11,19,-1,19,11,16,-1,19,16,15,-1,14,9,21,-1,9,14,7,-1,7,14,17,-1,7,17,22,-1,22,17,18,-1,22,18,21,-1,21,18,13,-1,21,13,14,-1,23,19,24,-1,24,19,8,-1,24,8,25,-1,25,8,7,-1,25,7,26,-1,26,7,22,-1,27,19,28,-1,28,19,23,-1,29,30,19,-1,31,20,32,-1,32,20,33,-1,19,30,20,-1,20,30,34,-1,20,34,35,-1,27,36,19,-1,19,36,37,-1,19,37,29,-1,35,38,20,-1,20,38,39,-1,20,39,33,-1,26,22,40,-1,40,22,41,-1,21,42,43,-1,44,45,22,-1,22,45,46,-1,22,46,41,-1,43,47,21,-1,21,47,48,-1,21,48,49,-1,49,50,21,-1,21,50,51,-1,21,51,22,-1,22,51,52,-1,22,52,44,-1,42,21,0,-1,0,21,9,-1,0,9,1,-1,1,9,10,-1,1,10,31,-1,31,10,20,-1,53,18,16,-1,53,54,18,-1,18,54,55,-1,18,55,56,-1,13,57,58,-1,59,60,16,-1,56,61,18,-1,18,61,62,-1,18,62,63,-1,60,64,16,-1,16,64,65,-1,16,65,66,-1,66,67,16,-1,16,67,68,-1,16,68,53,-1,58,69,13,-1,13,69,70,-1,13,70,11,-1,70,71,11,-1,11,71,72,-1,11,72,73,-1,74,75,13,-1,73,76,11,-1,11,76,77,-1,11,77,78,-1,78,79,11,-1,11,79,80,-1,11,80,16,-1,16,80,81,-1,16,81,59,-1,63,82,18,-1,18,82,83,-1,18,83,13,-1,13,83,84,-1,13,84,74,-1,75,85,13,-1,13,85,86,-1,13,86,57,-1,87,88,89,-1,89,88,90,-1,89,90,91,-1,91,90,92,-1,91,92,93,-1,
        ]
    }
}
Shape{
    appearance Appearance {
        material  Material 	{
            diffuseColor 0.6392156862745098 0.6666666666666666 0.6862745098039216
            specularColor 0.6392156862745098 0.6666666666666666 0.6862745098039216
            ambientIntensity 0.6607
            transparency 0.0
            shininess 0.5
        }
    }
    geometry IndexedFaceSet {
        ccw TRUE
        solid FALSE
        coord DEF co Coordinate {
            point [
                -1.25 -0.0495 1.3386, -1.25 -0.0495 1.2205, -1.2306 -0.0902 1.2205, -1.7618 -0.3442 1.3386, -1.7618 -0.3442 1.2205, -1.7813 -0.3035 1.2205, -1.2306 -0.3035 1.811, -1.25 -0.3442 1.3386, -1.2549 -0.3523 1.811, -1.2549 -0.3523 1.3386, -1.2877 -0.3958 1.811, -1.2877 -0.3958 1.3386, -1.328 -0.4325 1.811, -1.328 -0.4325 1.3386, -1.3743 -0.4612 1.811, -1.3743 -0.4612 1.3386, -1.4251 -0.4809 1.811, -1.4251 -0.4809 1.3386, -1.4787 -0.4909 1.811, -1.4787 -0.4909 1.3386, -1.5332 -0.4909 1.811, -1.5332 -0.4909 1.3386, -1.5867 -0.4809 1.811, -1.5867 -0.4809 1.3386, -1.6375 -0.4612 1.811, -1.6375 -0.4612 1.3386, -1.6839 -0.4325 1.811, -1.6839 -0.4325 1.3386, -1.7241 -0.3958 1.811, -1.7241 -0.3958 1.3386, -1.757 -0.3523 1.811, -1.757 -0.3523 1.3386, -1.7813 -0.3035 1.811, -1.7813 -0.0902 1.811, -1.7618 -0.0495 1.3386, -1.757 -0.0414 1.811, -1.757 -0.0414 1.3386, -1.7241 0.0021 1.811, -1.7241 0.0021 1.3386, -1.6839 0.0388 1.811, -1.6839 0.0388 1.3386, -1.6375 0.0675 1.811, -1.6375 0.0675 1.3386, -1.5867 0.0871 1.811, -1.5867 0.0871 1.3386, -1.5332 0.0972 1.811, -1.5332 0.0972 1.3386, -1.4787 0.0972 1.811, -1.4787 0.0972 1.3386, -1.4251 0.0871 1.811, -1.4251 0.0871 1.3386, -1.3743 0.0675 1.811, -1.3743 0.0675 1.3386, -1.328 0.0388 1.811, -1.328 0.0388 1.3386, -1.2877 0.0021 1.811, -1.2877 0.0021 1.3386, -1.2549 -0.0414 1.811, -1.2549 -0.0414 1.3386, -1.2306 -0.0902 1.811, -1.7618 -0.0495 1.2205, -1.7813 -0.0902 1.2205, -1.7962 -0.1426 1.2205, -1.7962 -0.1426 1.811, -1.8012 -0.1969 1.2205, -1.8012 -0.1969 1.811, -1.7962 -0.2511 1.2205, -1.7962 -0.2511 1.811, -1.25 -0.3442 1.2205, -1.2306 -0.3035 1.2205, -1.2157 -0.2511 1.2205, -1.2157 -0.2511 1.811, -1.2107 -0.1969 1.2205, -1.2107 -0.1969 1.811, -1.2157 -0.1426 1.2205, -1.2157 -0.1426 1.811
            ]
        }
        coordIndex [
            0,1,2,-1,3,4,5,-1,6,7,8,-1,8,7,9,-1,8,9,10,-1,10,9,11,-1,10,11,12,-1,12,11,13,-1,12,13,14,-1,14,13,15,-1,14,15,16,-1,16,15,17,-1,16,17,18,-1,18,17,19,-1,18,19,20,-1,20,19,21,-1,20,21,22,-1,22,21,23,-1,22,23,24,-1,24,23,25,-1,24,25,26,-1,26,25,27,-1,26,27,28,-1,28,27,29,-1,28,29,30,-1,30,29,31,-1,30,31,32,-1,33,34,35,-1,35,34,36,-1,35,36,37,-1,37,36,38,-1,37,38,39,-1,39,38,40,-1,39,40,41,-1,41,40,42,-1,41,42,43,-1,43,42,44,-1,43,44,45,-1,45,44,46,-1,45,46,47,-1,47,46,48,-1,47,48,49,-1,49,48,50,-1,49,50,51,-1,51,50,52,-1,51,52,53,-1,53,52,54,-1,53,54,55,-1,55,54,56,-1,55,56,57,-1,57,56,58,-1,57,58,59,-1,60,34,61,-1,61,34,33,-1,61,33,62,-1,62,33,63,-1,62,63,64,-1,64,63,65,-1,64,65,66,-1,66,65,67,-1,66,67,5,-1,5,67,32,-1,5,32,3,-1,3,32,31,-1,68,7,69,-1,69,7,6,-1,69,6,70,-1,70,6,71,-1,70,71,72,-1,72,71,73,-1,72,73,74,-1,74,73,75,-1,74,75,2,-1,2,75,59,-1,2,59,0,-1,0,59,58,-1,
        ]
    }
}
Shape{
    appearance Appearance {
        material  Material 	{
            diffuseColor 0.7372549019607844 0.7764705882352941 0.8
            specularColor 0.7372549019607844 0.7764705882352941 0.8
            ambientIntensity 0.7674
            transparency 0.0
            shininess 0.5
        }
    }
    geometry IndexedFaceSet {
        ccw TRUE
        solid FALSE
        coord DEF co Coordinate {
            point [
                -1.7618 -0.3442 1.2205, -1.7618 -0.0495 1.2205, -1.7813 -0.0902 1.2205, -1.7962 -0.1426 1.2205, -1.8012 -0.1969 1.2205, -1.7962 -0.2511 1.2205, -1.7813 -0.3035 1.2205, -1.25 -0.7874 0.6299, -1.25 0.3937 0.6299, -1.7618 -0.7874 0.6299, -1.7618 0.3937 0.6299, -1.8996 0.3937 1.811, -1.8996 0.3937 0.2756, -1.8996 -0.7874 1.811, -1.8996 -0.7874 0.2756, -1.1122 0.3937 0.2756, -1.1122 0.3937 1.811, -1.1122 -0.7874 0.2756, -1.1122 -0.7874 1.811, -1.25 0.3937 1.3386, -1.7618 0.3937 1.3386, -1.7618 -0.7874 1.3386, -1.25 -0.7874 1.3386, -1.25 -0.0495 1.3386, -1.25 -0.0495 1.2205, -1.25 -0.3442 1.2205, -1.25 -0.3442 1.3386, -1.757 -0.0414 1.3386, -1.7618 -0.0495 1.3386, -1.2549 -0.0414 1.3386, -1.5867 0.0871 1.3386, -1.6375 0.0675 1.3386, -1.2877 0.0021 1.3386, -1.328 0.0388 1.3386, -1.3743 0.0675 1.3386, -1.4251 0.0871 1.3386, -1.4787 0.0972 1.3386, -1.5332 0.0972 1.3386, -1.6839 0.0388 1.3386, -1.7241 0.0021 1.3386, -1.7618 -0.3442 1.3386, -1.757 -0.3523 1.3386, -1.7241 -0.3958 1.3386, -1.6839 -0.4325 1.3386, -1.328 -0.4325 1.3386, -1.2877 -0.3958 1.3386, -1.2549 -0.3523 1.3386, -1.4787 -0.4909 1.3386, -1.5332 -0.4909 1.3386, -1.4251 -0.4809 1.3386, -1.3743 -0.4612 1.3386, -1.6375 -0.4612 1.3386, -1.5867 -0.4809 1.3386, -1.757 -0.3523 1.811, -1.7813 -0.3035 1.811, -1.7813 -0.0902 1.811, -1.757 -0.0414 1.811, -1.2306 -0.3035 1.811, -1.2549 -0.3523 1.811, -1.4251 0.0871 1.811, -1.3743 0.0675 1.811, -1.2549 -0.0414 1.811, -1.2306 -0.0902 1.811, -1.7962 -0.2511 1.811, -1.8012 -0.1969 1.811, -1.7962 -0.1426 1.811, -1.328 0.0388 1.811, -1.2877 0.0021 1.811, -1.2157 -0.1426 1.811, -1.2107 -0.1969 1.811, -1.2157 -0.2511 1.811, -1.2877 -0.3958 1.811, -1.328 -0.4325 1.811, -1.3743 -0.4612 1.811, -1.5867 -0.4809 1.811, -1.6375 -0.4612 1.811, -1.7241 0.0021 1.811, -1.6839 0.0388 1.811, -1.6375 0.0675 1.811, -1.4251 -0.4809 1.811, -1.4787 -0.4909 1.811, -1.5332 -0.4909 1.811, -1.6839 -0.4325 1.811, -1.7241 -0.3958 1.811, -1.5867 0.0871 1.811, -1.5332 0.0972 1.811, -1.4787 0.0972 1.811, 0.4193 -0.1319 3.0512, 0.3996 -0.1516 3.0512, 0.4193 -0.1319 2.6772, 0.3996 -0.1516 2.6772, 0.3996 -0.3012 3.0512, 0.4193 -0.3209 3.0512, 0.3996 -0.3012 2.6772, 0.4193 -0.3209 2.6772, 0.5886 -0.1516 3.0512, 0.5689 -0.1319 3.0512, 0.5886 -0.1516 2.6772, 0.5689 -0.1319 2.6772, 0.5689 -0.3209 3.0512, 0.5886 -0.3012 3.0512, 0.5689 -0.3209 2.6772, 0.5886 -0.3012 2.6772
            ]
        }
        coordIndex [
            0,1,2,-1,2,3,4,-1,4,5,2,-1,2,5,6,-1,2,6,0,-1,7,8,9,-1,9,8,10,-1,11,12,13,-1,13,12,14,-1,15,16,17,-1,17,16,18,-1,15,17,12,-1,12,17,14,-1,15,8,19,-1,8,15,10,-1,10,15,12,-1,10,12,20,-1,20,12,11,-1,20,11,19,-1,19,11,16,-1,19,16,15,-1,14,9,21,-1,9,14,7,-1,7,14,17,-1,7,17,22,-1,22,17,18,-1,22,18,21,-1,21,18,13,-1,21,13,14,-1,23,19,24,-1,24,19,8,-1,24,8,25,-1,25,8,7,-1,25,7,26,-1,26,7,22,-1,27,28,20,-1,19,23,29,-1,30,31,20,-1,29,32,19,-1,19,32,33,-1,19,33,34,-1,34,35,19,-1,19,35,36,-1,19,36,20,-1,20,36,37,-1,20,37,30,-1,31,38,20,-1,20,38,39,-1,20,39,27,-1,40,41,21,-1,21,41,42,-1,21,42,43,-1,44,45,22,-1,22,45,46,-1,22,46,26,-1,47,22,48,-1,48,22,21,-1,47,49,22,-1,22,49,50,-1,22,50,44,-1,43,51,21,-1,21,51,52,-1,21,52,48,-1,40,21,0,-1,0,21,9,-1,0,9,1,-1,1,9,10,-1,1,10,28,-1,28,10,20,-1,53,54,13,-1,55,56,11,-1,18,57,58,-1,16,59,60,-1,16,61,62,-1,54,63,13,-1,13,63,64,-1,13,64,11,-1,11,64,65,-1,11,65,55,-1,60,66,16,-1,16,66,67,-1,16,67,61,-1,62,68,16,-1,16,68,69,-1,16,69,18,-1,18,69,70,-1,18,70,57,-1,58,71,18,-1,18,71,72,-1,18,72,73,-1,13,74,75,-1,56,76,11,-1,11,76,77,-1,11,77,78,-1,73,79,18,-1,18,79,80,-1,18,80,13,-1,13,80,81,-1,13,81,74,-1,75,82,13,-1,13,82,83,-1,13,83,53,-1,78,84,11,-1,11,84,85,-1,11,85,16,-1,16,85,86,-1,16,86,59,-1,87,88,89,-1,89,88,90,-1,91,92,93,-1,93,92,94,-1,95,96,97,-1,97,96,98,-1,99,100,101,-1,101,100,102,-1,
        ]
    }
}
Shape{
    appearance Appearance {
        material  Material 	{
            diffuseColor 0.6392156862745098 0.6666666666666666 0.6862745098039216
            specularColor 0.6392156862745098 0.6666666666666666 0.6862745098039216
            ambientIntensity 0.6607
            transparency 0.0
            shininess 0.5
        }
    }
    geometry IndexedFaceSet {
        ccw TRUE
        solid FALSE
        coord DEF co Coordinate {
            point [
                0.4941 -0.5217 1.5354, 0.5339 -0.4392 1.2992, 0.5483 -0.5166 1.5354, 0.5723 -0.4283 1.2992, 0.6007 -0.5017 1.5354, 0.6081 -0.4105 1.2992, 0.6495 -0.4774 1.5354, 0.6399 -0.3864 1.2992, 0.693 -0.4446 1.5354, 0.6669 -0.3569 1.2992, 0.7297 -0.4043 1.5354, 0.6879 -0.3229 1.2992, 0.7584 -0.358 1.5354, 0.7023 -0.2856 1.2992, 0.7781 -0.3072 1.5354, 0.7097 -0.2464 1.2992, 0.7881 -0.2536 1.5354, 0.7097 -0.2064 1.2992, 0.7881 -0.1991 1.5354, 0.7023 -0.1671 1.2992, 0.7781 -0.1456 1.5354, 0.6879 -0.1299 1.2992, 0.7584 -0.0948 1.5354, 0.6669 -0.0959 1.2992, 0.7297 -0.0484 1.5354, 0.6399 -0.0664 1.2992, 0.693 -0.0082 1.5354, 0.6081 -0.0423 1.2992, 0.6495 0.0247 1.5354, 0.5723 -0.0245 1.2992, 0.6007 0.049 1.5354, 0.5339 -0.0135 1.2992, 0.5483 0.0639 1.5354, 0.4941 -0.0098 1.2992, 0.4941 0.0689 1.5354, 0.4543 -0.0135 1.2992, 0.4398 0.0639 1.5354, 0.4158 -0.0245 1.2992, 0.3874 0.049 1.5354, 0.3801 -0.0423 1.2992, 0.3386 0.0247 1.5354, 0.3482 -0.0664 1.2992, 0.2951 -0.0082 1.5354, 0.3213 -0.0959 1.2992, 0.2584 -0.0484 1.5354, 0.3002 -0.1299 1.2992, 0.2298 -0.0948 1.5354, 0.2858 -0.1671 1.2992, 0.2101 -0.1456 1.5354, 0.2785 -0.2064 1.2992, 0.2001 -0.1991 1.5354, 0.2785 -0.2464 1.2992, 0.2001 -0.2536 1.5354, 0.2858 -0.2856 1.2992, 0.2101 -0.3072 1.5354, 0.3002 -0.3229 1.2992, 0.2298 -0.358 1.5354, 0.3213 -0.3569 1.2992, 0.2584 -0.4043 1.5354, 0.3482 -0.3864 1.2992, 0.2951 -0.4446 1.5354, 0.3801 -0.4105 1.2992, 0.3386 -0.4774 1.5354, 0.4158 -0.4283 1.2992, 0.3874 -0.5017 1.5354, 0.4543 -0.4392 1.2992, 0.4398 -0.5166 1.5354, 0.4941 -0.4429 1.2992
            ]
        }
        coordIndex [
            0,1,2,-1,2,1,3,-1,2,3,4,-1,4,3,5,-1,4,5,6,-1,6,5,7,-1,6,7,8,-1,8,7,9,-1,8,9,10,-1,10,9,11,-1,10,11,12,-1,12,11,13,-1,12,13,14,-1,14,13,15,-1,14,15,16,-1,16,15,17,-1,16,17,18,-1,18,17,19,-1,18,19,20,-1,20,19,21,-1,20,21,22,-1,22,21,23,-1,22,23,24,-1,24,23,25,-1,24,25,26,-1,26,25,27,-1,26,27,28,-1,28,27,29,-1,28,29,30,-1,30,29,31,-1,30,31,32,-1,32,31,33,-1,32,33,34,-1,34,33,35,-1,34,35,36,-1,36,35,37,-1,36,37,38,-1,38,37,39,-1,38,39,40,-1,40,39,41,-1,40,41,42,-1,42,41,43,-1,42,43,44,-1,44,43,45,-1,44,45,46,-1,46,45,47,-1,46,47,48,-1,48,47,49,-1,48,49,50,-1,50,49,51,-1,50,51,52,-1,52,51,53,-1,52,53,54,-1,54,53,55,-1,54,55,56,-1,56,55,57,-1,56,57,58,-1,58,57,59,-1,58,59,60,-1,60,59,61,-1,60,61,62,-1,62,61,63,-1,62,63,64,-1,64,63,65,-1,64,65,66,-1,66,65,67,-1,66,67,0,-1,0,67,1,-1,
        ]
    }
}
Shape{
    appearance Appearance {
        material  Material 	{
            diffuseColor 0.7372549019607844 0.7764705882352941 0.8
            specularColor 0.7372549019607844 0.7764705882352941 0.8
            ambientIntensity 0.7674
            transparency 0.0
            shininess 0.5
        }
    }
    geometry IndexedFaceSet {
        ccw TRUE
        solid FALSE
        coord DEF co Coordinate {
            point [
                0.8522 -0.3012 3.05, 0.8505 -0.3012 3.0502, 0.8474 -0.3149 3.0503, 0.5689 -0.5818 3.0505, 0.5689 -0.5828 3.0503, 0.5739 -0.5818 3.0503, 0.4193 -0.5907 3.0485, 0.4112 -0.5953 3.0462, 0.4535 -0.5915 3.0496, 0.4524 -0.6022 3.0462, 0.4723 -0.5919 3.0503, 0.4941 -0.6045 3.0462, 0.5357 -0.6022 3.0462, 0.5254 -0.5918 3.0501, 0.4941 -0.5919 3.0502, 0.5769 -0.5953 3.0462, 0.5689 -0.5907 3.0485, 0.5346 -0.5916 3.0498, 0.5717 -0.5721 3.0512, 0.5689 -0.5727 3.0512, 0.6125 -0.5708 3.0503, 0.6093 -0.5614 3.0512, 0.6498 -0.5556 3.0503, 0.6455 -0.5467 3.0512, 0.6851 -0.5365 3.0503, 0.6799 -0.5281 3.0512, 0.7181 -0.5135 3.0503, 0.712 -0.5057 3.0512, 0.7484 -0.4871 3.0503, 0.7415 -0.48 3.0512, 0.7756 -0.4575 3.0503, 0.7679 -0.4512 3.0512, 0.7993 -0.425 3.0503, 0.7911 -0.4196 3.0512, 0.8194 -0.3902 3.0503, 0.8105 -0.3857 3.0512, 0.8355 -0.3533 3.0503, 0.8262 -0.3499 3.0512, 0.8378 -0.3125 3.0512, 0.8404 -0.3012 3.0512, 0.8736 -0.3012 3.0407, 0.8645 -0.3012 3.0458, 0.8609 -0.3183 3.0462, 0.8633 -0.3012 3.0465, 0.8833 -0.3012 3.0325, 0.8768 -0.3012 3.038, 0.873 -0.3214 3.0387, 0.8915 -0.3012 3.0227, 0.8872 -0.3012 3.0278, 0.883 -0.3239 3.0284, 0.8969 -0.3012 3.0122, 0.8951 -0.3012 3.0157, 0.8902 -0.3257 3.0159, 0.8999 -0.3012 3.0014, 0.8997 -0.3012 3.002, 0.8942 -0.3267 3.002, 0.9006 -0.3012 2.9921, 0.8951 -0.3269 2.9921, 0.8867 -0.3539 2.9921, 0.8807 -0.3702 3.002, 0.8815 -0.3705 2.9921, 0.8625 -0.4119 3.002, 0.8633 -0.4123 2.9921, 0.8623 -0.414 2.9921, 0.8399 -0.4514 3.002, 0.8406 -0.4519 2.9921, 0.7367 -0.5604 2.9921, 0.7484 -0.5523 2.9921, 0.7479 -0.5516 3.002, 0.7827 -0.5223 2.9921, 0.7822 -0.5217 3.002, 0.7862 -0.5185 2.9921, 0.8129 -0.4881 3.002, 0.8136 -0.4887 2.9921, 0.828 -0.469 2.9921, 0.7109 -0.5783 2.9921, 0.7105 -0.5776 3.002, 0.6815 -0.5943 2.9921, 0.6704 -0.5993 3.002, 0.6708 -0.6001 2.9921, 0.6283 -0.6165 3.002, 0.6285 -0.6173 2.9921, 0.4295 -0.6341 2.9921, 0.4485 -0.6373 2.9921, 0.4486 -0.6364 3.002, 0.4941 -0.6398 2.9921, 0.4941 -0.6389 3.002, 0.5396 -0.6373 2.9921, 0.5395 -0.6364 3.002, 0.5586 -0.6341 2.9921, 0.5844 -0.6289 3.002, 0.5846 -0.6297 2.9921, 0.6217 -0.6192 2.9921, 0.4035 -0.6297 2.9921, 0.4037 -0.6289 3.002, 0.3664 -0.6192 2.9921, 0.3599 -0.6165 3.002, 0.3596 -0.6173 2.9921, 0.3177 -0.5993 3.002, 0.3173 -0.6001 2.9921, 0.206 -0.5217 3.002, 0.2398 -0.5523 2.9921, 0.2403 -0.5516 3.002, 0.2514 -0.5604 2.9921, 0.2777 -0.5776 3.002, 0.2772 -0.5783 2.9921, 0.3066 -0.5943 2.9921, 0.1752 -0.4881 3.002, 0.2019 -0.5185 2.9921, 0.2054 -0.5223 2.9921, 0.1483 -0.4514 3.002, 0.1601 -0.469 2.9921, 0.1745 -0.4887 2.9921, 0.1074 -0.3702 3.002, 0.1248 -0.4123 2.9921, 0.1256 -0.4119 3.002, 0.1258 -0.414 2.9921, 0.1476 -0.4519 2.9921, 0.0931 -0.3269 2.9921, 0.1015 -0.3539 2.9921, 0.1066 -0.3705 2.9921, 0.0939 -0.3267 3.002, 0.0885 -0.3012 3.002, 0.0875 -0.3012 2.9921, 0.093 -0.3012 3.0157, 0.0921 -0.3012 3.0142, 0.098 -0.3257 3.0159, 0.0887 -0.3012 3.0036, 0.1052 -0.3239 3.0284, 0.1009 -0.3012 3.0278, 0.0978 -0.3012 3.0242, 0.1152 -0.3214 3.0387, 0.1113 -0.3012 3.038, 0.106 -0.3012 3.0336, 0.1273 -0.3183 3.0462, 0.1236 -0.3012 3.0457, 0.1158 -0.3012 3.0416, 0.1376 -0.3012 3.0504, 0.1376 -0.3012 3.0503, 0.1408 -0.3149 3.0503, 0.1265 -0.3012 3.0472, 0.1504 -0.3125 3.0512, 0.1477 -0.3012 3.0512, 0.4193 -0.5828 3.0503, 0.4143 -0.5818 3.0503, 0.4193 -0.5818 3.0505, 0.1527 -0.3533 3.0503, 0.162 -0.3499 3.0512, 0.1688 -0.3902 3.0503, 0.1776 -0.3857 3.0512, 0.1888 -0.425 3.0503, 0.1971 -0.4196 3.0512, 0.2125 -0.4575 3.0503, 0.2202 -0.4512 3.0512, 0.2397 -0.4871 3.0503, 0.2466 -0.48 3.0512, 0.27 -0.5135 3.0503, 0.2761 -0.5057 3.0512, 0.303 -0.5365 3.0503, 0.3082 -0.5281 3.0512, 0.3384 -0.5556 3.0503, 0.3426 -0.5467 3.0512, 0.3756 -0.5708 3.0503, 0.3788 -0.5614 3.0512, 0.4164 -0.5721 3.0512, 0.4193 -0.5727 3.0512, 0.8768 -0.3687 3.0159, 0.8588 -0.41 3.0159, 0.8363 -0.4491 3.0159, 0.8097 -0.4855 3.0159, 0.7792 -0.5187 3.0159, 0.7453 -0.5483 3.0159, 0.7083 -0.5741 3.0159, 0.6687 -0.5956 3.0159, 0.6269 -0.6125 3.0159, 0.5835 -0.6248 3.0159, 0.5391 -0.6323 3.0159, 0.4941 -0.6348 3.0159, 0.4491 -0.6323 3.0159, 0.4046 -0.6248 3.0159, 0.3612 -0.6125 3.0159, 0.3195 -0.5956 3.0159, 0.2799 -0.5741 3.0159, 0.2429 -0.5483 3.0159, 0.2089 -0.5187 3.0159, 0.1784 -0.4855 3.0159, 0.1518 -0.4491 3.0159, 0.1293 -0.41 3.0159, 0.1113 -0.3687 3.0159, 0.8698 -0.3661 3.0284, 0.8521 -0.4067 3.0284, 0.8301 -0.4451 3.0284, 0.804 -0.4808 3.0284, 0.774 -0.5134 3.0284, 0.7407 -0.5425 3.0284, 0.7044 -0.5677 3.0284, 0.6655 -0.5888 3.0284, 0.6245 -0.6055 3.0284, 0.5819 -0.6176 3.0284, 0.5383 -0.6249 3.0284, 0.4941 -0.6273 3.0284, 0.4499 -0.6249 3.0284, 0.4062 -0.6176 3.0284, 0.3637 -0.6055 3.0284, 0.3227 -0.5888 3.0284, 0.2838 -0.5677 3.0284, 0.2474 -0.5425 3.0284, 0.2141 -0.5134 3.0284, 0.1842 -0.4808 3.0284, 0.158 -0.4451 3.0284, 0.136 -0.4067 3.0284, 0.1183 -0.3661 3.0284, 0.8602 -0.3625 3.0387, 0.843 -0.4021 3.0387, 0.8215 -0.4394 3.0387, 0.796 -0.4742 3.0387, 0.7669 -0.506 3.0387, 0.7344 -0.5344 3.0387, 0.699 -0.559 3.0387, 0.6611 -0.5795 3.0387, 0.6211 -0.5958 3.0387, 0.5796 -0.6075 3.0387, 0.5371 -0.6146 3.0387, 0.4941 -0.617 3.0387, 0.451 -0.6146 3.0387, 0.4085 -0.6075 3.0387, 0.367 -0.5958 3.0387, 0.3271 -0.5795 3.0387, 0.2892 -0.559 3.0387, 0.2538 -0.5344 3.0387, 0.2213 -0.506 3.0387, 0.1921 -0.4742 3.0387, 0.1667 -0.4394 3.0387, 0.1452 -0.4021 3.0387, 0.1279 -0.3625 3.0387, 0.8485 -0.3582 3.0462, 0.8318 -0.3964 3.0462, 0.811 -0.4326 3.0462, 0.7864 -0.4663 3.0462, 0.7581 -0.4971 3.0462, 0.7267 -0.5245 3.0462, 0.6924 -0.5483 3.0462, 0.6557 -0.5682 3.0462, 0.6171 -0.584 3.0462, 0.3711 -0.584 3.0462, 0.3324 -0.5682 3.0462, 0.2957 -0.5483 3.0462, 0.2614 -0.5245 3.0462, 0.23 -0.4971 3.0462, 0.2018 -0.4663 3.0462, 0.1771 -0.4326 3.0462, 0.1563 -0.3964 3.0462, 0.1396 -0.3582 3.0462, 0.5586 0.1813 2.7362, 0.5861 0.1766 2.7362, 0.5856 0.1747 2.7209, 0.6815 0.1416 2.7362, 0.714 0.1236 2.7362, 0.7129 0.1219 2.7209, 0.828 0.0162 2.7362, 0.8441 -0.0064 2.7362, 0.8424 -0.0075 2.7209, 0.8868 -0.0988 2.7362, 0.8971 -0.1344 2.7362, 0.8951 -0.1348 2.7209, 0.9018 -0.2909 2.7362, 0.8971 -0.3184 2.7362, 0.8951 -0.3179 2.7209, 0.862 -0.4139 2.7362, 0.8441 -0.4463 2.7362, 0.8424 -0.4452 2.7209, 0.7367 -0.5603 2.7362, 0.714 -0.5764 2.7362, 0.7129 -0.5747 2.7209, 0.6217 -0.6191 2.7362, 0.5861 -0.6294 2.7362, 0.5856 -0.6274 2.7209, 0.4295 -0.6341 2.7362, 0.4021 -0.6294 2.7362, 0.4025 -0.6274 2.7209, 0.3066 -0.5943 2.7362, 0.2741 -0.5764 2.7362, 0.2752 -0.5747 2.7209, 0.1601 -0.469 2.7362, 0.144 -0.4463 2.7362, 0.1458 -0.4452 2.7209, 0.1013 -0.354 2.7362, 0.091 -0.3184 2.7362, 0.093 -0.3179 2.7209, 0.0864 -0.1618 2.7362, 0.091 -0.1344 2.7362, 0.093 -0.1348 2.7209, 0.1261 -0.0389 2.7362, 0.144 -0.0064 2.7362, 0.1458 -0.0075 2.7209, 0.2514 0.1075 2.7362, 0.2741 0.1236 2.7362, 0.2752 0.1219 2.7209, 0.3664 0.1664 2.7362, 0.4021 0.1766 2.7362, 0.4025 0.1747 2.7209, 0.4544 0.1257 2.6772, 0.4152 0.1191 2.6772, 0.4527 0.1409 2.6792, 0.4118 0.134 2.6792, 0.4511 0.1551 2.6851, 0.4087 0.1479 2.6851, 0.4497 0.1672 2.6945, 0.4059 0.1598 2.6945, 0.4487 0.1765 2.7067, 0.4038 0.1689 2.7067, 0.448 0.1824 2.7209, 0.3403 0.0929 2.6772, 0.3056 0.0736 2.6772, 0.3337 0.1066 2.6792, 0.2974 0.0866 2.6792, 0.3275 0.1195 2.6851, 0.2898 0.0986 2.6851, 0.3222 0.1305 2.6945, 0.2833 0.109 2.6945, 0.3181 0.1389 2.7067, 0.2783 0.1169 2.7067, 0.3156 0.1443 2.7209, 0.217 -0.0055 2.6772, 0.194 -0.0379 2.6772, 0.2051 0.0041 2.6792, 0.1811 -0.0297 2.6792, 0.194 0.0129 2.6851, 0.169 -0.0222 2.6851, 0.1844 0.0206 2.6945, 0.1587 -0.0157 2.6945, 0.1771 0.0264 2.7067, 0.1507 -0.0107 2.7067, 0.1724 0.0301 2.7209, 0.1596 -0.1094 2.6772, 0.1486 -0.1475 2.6772, 0.1452 -0.1043 2.6792, 0.1337 -0.1441 2.6792, 0.1318 -0.0996 2.6851, 0.1198 -0.141 2.6851, 0.1202 -0.0956 2.6945, 0.1079 -0.1382 2.6945, 0.1114 -0.0925 2.7067, 0.0988 -0.1362 2.7067, 0.1058 -0.0905 2.7209, 0.142 -0.2661 2.6772, 0.1486 -0.3052 2.6772, 0.1268 -0.2678 2.6792, 0.1337 -0.3086 2.6792, 0.1126 -0.2694 2.6851, 0.1198 -0.3118 2.6851, 0.1005 -0.2707 2.6945, 0.1079 -0.3145 2.6945, 0.0911 -0.2718 2.7067, 0.0988 -0.3166 2.7067, 0.0853 -0.2724 2.7209, 0.1748 -0.3801 2.6772, 0.194 -0.4149 2.6772, 0.1611 -0.3868 2.6792, 0.1811 -0.423 2.6792, 0.1482 -0.3929 2.6851, 0.169 -0.4306 2.6851, 0.1372 -0.3982 2.6945, 0.1587 -0.4371 2.6945, 0.1288 -0.4023 2.7067, 0.1507 -0.4421 2.7067, 0.1234 -0.4049 2.7209, 0.2731 -0.5034 2.6772, 0.3056 -0.5264 2.6772, 0.2636 -0.5154 2.6792, 0.2974 -0.5393 2.6792, 0.2547 -0.5265 2.6851, 0.2898 -0.5514 2.6851, 0.2471 -0.5361 2.6945, 0.2833 -0.5618 2.6945, 0.2413 -0.5434 2.7067, 0.2783 -0.5697 2.7067, 0.2376 -0.548 2.7209, 0.377 -0.5608 2.6772, 0.4152 -0.5718 2.6772, 0.372 -0.5753 2.6792, 0.4118 -0.5867 2.6792, 0.3673 -0.5887 2.6851, 0.4087 -0.6006 2.6851, 0.3633 -0.6002 2.6945, 0.4059 -0.6125 2.6945, 0.3602 -0.6091 2.7067, 0.4038 -0.6217 2.7067, 0.3582 -0.6147 2.7209, 0.5337 -0.5785 2.6772, 0.5729 -0.5718 2.6772, 0.5355 -0.5937 2.6792, 0.5763 -0.5867 2.6792, 0.537 -0.6078 2.6851, 0.5795 -0.6006 2.6851, 0.5384 -0.62 2.6945, 0.5822 -0.6125 2.6945, 0.5395 -0.6293 2.7067, 0.5843 -0.6217 2.7067, 0.5401 -0.6352 2.7209, 0.6478 -0.5456 2.6772, 0.6826 -0.5264 2.6772, 0.6544 -0.5594 2.6792, 0.6907 -0.5393 2.6792, 0.6606 -0.5722 2.6851, 0.6983 -0.5514 2.6851, 0.6659 -0.5832 2.6945, 0.7048 -0.5618 2.6945, 0.67 -0.5917 2.7067, 0.7098 -0.5697 2.7067, 0.6726 -0.597 2.7209, 0.7711 -0.4473 2.6772, 0.7941 -0.4149 2.6772, 0.783 -0.4568 2.6792, 0.807 -0.423 2.6792, 0.7942 -0.4657 2.6851, 0.8191 -0.4306 2.6851, 0.8037 -0.4733 2.6945, 0.8294 -0.4371 2.6945, 0.8111 -0.4792 2.7067, 0.8374 -0.4421 2.7067, 0.8157 -0.4829 2.7209, 0.8285 -0.3434 2.6772, 0.8395 -0.3052 2.6772, 0.8429 -0.3485 2.6792, 0.8544 -0.3086 2.6792, 0.8564 -0.3532 2.6851, 0.8683 -0.3118 2.6851, 0.8679 -0.3572 2.6945, 0.8802 -0.3145 2.6945, 0.8768 -0.3603 2.7067, 0.8894 -0.3166 2.7067, 0.8824 -0.3623 2.7209, 0.8462 -0.1867 2.6772, 0.8395 -0.1475 2.6772, 0.8614 -0.185 2.6792, 0.8544 -0.1441 2.6792, 0.8755 -0.1834 2.6851, 0.8683 -0.141 2.6851, 0.8877 -0.182 2.6945, 0.8802 -0.1382 2.6945, 0.897 -0.181 2.7067, 0.8894 -0.1362 2.7067, 0.9029 -0.1803 2.7209, 0.8133 -0.0726 2.6772, 0.7941 -0.0379 2.6772, 0.8271 -0.066 2.6792, 0.807 -0.0297 2.6792, 0.8399 -0.0598 2.6851, 0.8191 -0.0222 2.6851, 0.8509 -0.0545 2.6945, 0.8294 -0.0157 2.6945, 0.8594 -0.0505 2.7067, 0.8374 -0.0107 2.7067, 0.8647 -0.0479 2.7209, 0.715 0.0506 2.6772, 0.6826 0.0736 2.6772, 0.7245 0.0626 2.6792, 0.6907 0.0866 2.6792, 0.7334 0.0737 2.6851, 0.6983 0.0986 2.6851, 0.741 0.0833 2.6945, 0.7048 0.109 2.6945, 0.7469 0.0906 2.7067, 0.7098 0.1169 2.7067, 0.7506 0.0952 2.7209, 0.6111 0.1081 2.6772, 0.5729 0.1191 2.6772, 0.6161 0.1225 2.6792, 0.5763 0.134 2.6792, 0.6209 0.1359 2.6851, 0.5795 0.1479 2.6851, 0.6249 0.1475 2.6945, 0.5822 0.1598 2.6945, 0.628 0.1563 2.7067, 0.5843 0.1689 2.7067, 0.6299 0.1619 2.7209, 0.4941 0.1279 2.6772, 0.4941 0.1432 2.6792, 0.4941 0.1575 2.6851, 0.4941 0.1697 2.6945, 0.4941 0.1791 2.7067, 0.4941 0.185 2.7209, 0.4941 0.187 2.7362, 0.4478 0.1844 2.7362, 0.4295 0.1813 2.7362, 0.3575 0.1638 2.7362, 0.3582 0.1619 2.7209, 0.3602 0.1563 2.7067, 0.3633 0.1475 2.6945, 0.3673 0.1359 2.6851, 0.372 0.1225 2.6792, 0.377 0.1081 2.6772, 0.3147 0.1461 2.7362, 0.3066 0.1416 2.7362, 0.2363 0.0968 2.7362, 0.2376 0.0952 2.7209, 0.2413 0.0906 2.7067, 0.2471 0.0833 2.6945, 0.2547 0.0737 2.6851, 0.2636 0.0626 2.6792, 0.2731 0.0506 2.6772, 0.2435 0.0242 2.6772, 0.2327 0.035 2.6792, 0.2226 0.045 2.6851, 0.214 0.0537 2.6945, 0.2074 0.0603 2.7067, 0.2032 0.0645 2.7209, 0.2018 0.0659 2.7362, 0.1709 0.0314 2.7362, 0.1601 0.0162 2.7362, 0.1216 -0.047 2.7362, 0.1234 -0.0479 2.7209, 0.1288 -0.0505 2.7067, 0.1372 -0.0545 2.6945, 0.1482 -0.0598 2.6851, 0.1611 -0.066 2.6792, 0.1748 -0.0726 2.6772, 0.1039 -0.0898 2.7362, 0.1013 -0.0988 2.7362, 0.0833 -0.1801 2.7362, 0.0853 -0.1803 2.7209, 0.0911 -0.181 2.7067, 0.1005 -0.182 2.6945, 0.1126 -0.1834 2.6851, 0.1268 -0.185 2.6792, 0.142 -0.1867 2.6772, 0.1397 -0.2264 2.6772, 0.1245 -0.2264 2.6792, 0.1102 -0.2264 2.6851, 0.098 -0.2264 2.6945, 0.0886 -0.2264 2.7067, 0.0827 -0.2264 2.7209, 0.0807 -0.2264 2.7362, 0.0833 -0.2727 2.7362, 0.0864 -0.2909 2.7362, 0.1039 -0.3629 2.7362, 0.1058 -0.3623 2.7209, 0.1114 -0.3603 2.7067, 0.1202 -0.3572 2.6945, 0.1318 -0.3532 2.6851, 0.1452 -0.3485 2.6792, 0.1596 -0.3434 2.6772, 0.1216 -0.4057 2.7362, 0.1261 -0.4139 2.7362, 0.1709 -0.4841 2.7362, 0.1724 -0.4829 2.7209, 0.1771 -0.4792 2.7067, 0.1844 -0.4733 2.6945, 0.194 -0.4657 2.6851, 0.2051 -0.4568 2.6792, 0.217 -0.4473 2.6772, 0.2435 -0.4769 2.6772, 0.2327 -0.4877 2.6792, 0.2226 -0.4978 2.6851, 0.214 -0.5065 2.6945, 0.2074 -0.5131 2.7067, 0.2032 -0.5173 2.7209, 0.2018 -0.5187 2.7362, 0.2363 -0.5496 2.7362, 0.2514 -0.5603 2.7362, 0.3147 -0.5988 2.7362, 0.3156 -0.597 2.7209, 0.3181 -0.5917 2.7067, 0.3222 -0.5832 2.6945, 0.3275 -0.5722 2.6851, 0.3337 -0.5594 2.6792, 0.3403 -0.5456 2.6772, 0.3575 -0.6166 2.7362, 0.3664 -0.6191 2.7362, 0.4478 -0.6372 2.7362, 0.448 -0.6352 2.7209, 0.4487 -0.6293 2.7067, 0.4497 -0.62 2.6945, 0.4511 -0.6078 2.6851, 0.4527 -0.5937 2.6792, 0.4544 -0.5785 2.6772, 0.4941 -0.5807 2.6772, 0.4941 -0.596 2.6792, 0.4941 -0.6102 2.6851, 0.4941 -0.6225 2.6945, 0.4941 -0.6319 2.7067, 0.4941 -0.6378 2.7209, 0.4941 -0.6398 2.7362, 0.5404 -0.6372 2.7362, 0.5586 -0.6341 2.7362, 0.6306 -0.6166 2.7362, 0.6299 -0.6147 2.7209, 0.628 -0.6091 2.7067, 0.6249 -0.6002 2.6945, 0.6209 -0.5887 2.6851, 0.6161 -0.5753 2.6792, 0.6111 -0.5608 2.6772, 0.6734 -0.5988 2.7362, 0.6815 -0.5943 2.7362, 0.7518 -0.5496 2.7362, 0.7506 -0.548 2.7209, 0.7469 -0.5434 2.7067, 0.741 -0.5361 2.6945, 0.7334 -0.5265 2.6851, 0.7245 -0.5154 2.6792, 0.715 -0.5034 2.6772, 0.7446 -0.4769 2.6772, 0.7554 -0.4877 2.6792, 0.7655 -0.4978 2.6851, 0.7741 -0.5065 2.6945, 0.7808 -0.5131 2.7067, 0.785 -0.5173 2.7209, 0.7864 -0.5187 2.7362, 0.8173 -0.4841 2.7362, 0.828 -0.469 2.7362, 0.8665 -0.4057 2.7362, 0.8647 -0.4049 2.7209, 0.8594 -0.4023 2.7067, 0.8509 -0.3982 2.6945, 0.8399 -0.3929 2.6851, 0.8271 -0.3868 2.6792, 0.8133 -0.3801 2.6772, 0.8843 -0.3629 2.7362, 0.8868 -0.354 2.7362, 0.9049 -0.2727 2.7362, 0.9029 -0.2724 2.7209, 0.897 -0.2718 2.7067, 0.8877 -0.2707 2.6945, 0.8755 -0.2694 2.6851, 0.8614 -0.2678 2.6792, 0.8462 -0.2661 2.6772, 0.8484 -0.2264 2.6772, 0.8637 -0.2264 2.6792, 0.8779 -0.2264 2.6851, 0.8902 -0.2264 2.6945, 0.8995 -0.2264 2.7067, 0.9054 -0.2264 2.7209, 0.9075 -0.2264 2.7362, 0.9049 -0.1801 2.7362, 0.9018 -0.1618 2.7362, 0.8843 -0.0898 2.7362, 0.8824 -0.0905 2.7209, 0.8768 -0.0925 2.7067, 0.8679 -0.0956 2.6945, 0.8564 -0.0996 2.6851, 0.8429 -0.1043 2.6792, 0.8285 -0.1094 2.6772, 0.8665 -0.047 2.7362, 0.862 -0.0389 2.7362, 0.8173 0.0314 2.7362, 0.8157 0.0301 2.7209, 0.8111 0.0264 2.7067, 0.8037 0.0206 2.6945, 0.7942 0.0129 2.6851, 0.783 0.0041 2.6792, 0.7711 -0.0055 2.6772, 0.7446 0.0242 2.6772, 0.7554 0.035 2.6792, 0.7655 0.045 2.6851, 0.7741 0.0537 2.6945, 0.7808 0.0603 2.7067, 0.785 0.0645 2.7209, 0.7864 0.0659 2.7362, 0.7518 0.0968 2.7362, 0.7367 0.1075 2.7362, 0.6734 0.1461 2.7362, 0.6726 0.1443 2.7209, 0.67 0.1389 2.7067, 0.6659 0.1305 2.6945, 0.6606 0.1195 2.6851, 0.6544 0.1066 2.6792, 0.6478 0.0929 2.6772, 0.6306 0.1638 2.7362, 0.6217 0.1664 2.7362, 0.5404 0.1844 2.7362, 0.5401 0.1824 2.7209, 0.5395 0.1765 2.7067, 0.5384 0.1672 2.6945, 0.537 0.1551 2.6851, 0.5355 0.1409 2.6792, 0.5337 0.1257 2.6772, 0.1359 -0.1516 3.05, 0.1376 -0.1516 3.0502, 0.1408 -0.1378 3.0503, 0.4193 0.129 3.0505, 0.4193 0.1301 3.0503, 0.4143 0.129 3.0503, 0.5689 0.1379 3.0485, 0.5769 0.1426 3.0462, 0.5346 0.1387 3.0496, 0.5357 0.1495 3.0462, 0.5158 0.1392 3.0503, 0.4941 0.1518 3.0462, 0.4524 0.1495 3.0462, 0.4628 0.1391 3.0501, 0.4941 0.1391 3.0502, 0.4112 0.1426 3.0462, 0.4193 0.1379 3.0485, 0.4535 0.1388 3.0498, 0.4164 0.1193 3.0512, 0.4193 0.12 3.0512, 0.3756 0.118 3.0503, 0.3788 0.1087 3.0512, 0.3384 0.1029 3.0503, 0.3426 0.0939 3.0512, 0.303 0.0837 3.0503, 0.3082 0.0753 3.0512, 0.27 0.0608 3.0503, 0.2761 0.053 3.0512, 0.2397 0.0343 3.0503, 0.2466 0.0272 3.0512, 0.2125 0.0047 3.0503, 0.2202 -0.0016 3.0512, 0.1888 -0.0277 3.0503, 0.1971 -0.0331 3.0512, 0.1688 -0.0626 3.0503, 0.1776 -0.067 3.0512, 0.1527 -0.0994 3.0503, 0.162 -0.1029 3.0512, 0.1504 -0.1402 3.0512, 0.1477 -0.1516 3.0512, 0.1145 -0.1516 3.0407, 0.1236 -0.1516 3.0458, 0.1273 -0.1344 3.0462, 0.1248 -0.1516 3.0465, 0.1048 -0.1516 3.0325, 0.1113 -0.1516 3.038, 0.1152 -0.1314 3.0387, 0.0967 -0.1516 3.0227, 0.101 -0.1516 3.0278, 0.1052 -0.1289 3.0284, 0.0912 -0.1516 3.0122, 0.0931 -0.1516 3.0157, 0.098 -0.1271 3.0159, 0.0882 -0.1516 3.0014, 0.0884 -0.1516 3.002, 0.0939 -0.1261 3.002, 0.0875 -0.1516 2.9921, 0.0931 -0.1259 2.9921, 0.1015 -0.0988 2.9921, 0.1074 -0.0826 3.002, 0.1066 -0.0823 2.9921, 0.1256 -0.0408 3.002, 0.1248 -0.0405 2.9921, 0.1258 -0.0388 2.9921, 0.1483 -0.0014 3.002, 0.1476 -0.0009 2.9921, 0.2514 0.1076 2.9921, 0.2398 0.0995 2.9921, 0.2403 0.0989 3.002, 0.2054 0.0695 2.9921, 0.206 0.0689 3.002, 0.2019 0.0658 2.9921, 0.1752 0.0354 3.002, 0.1745 0.0359 2.9921, 0.1601 0.0162 2.9921, 0.2772 0.1256 2.9921, 0.2777 0.1249 3.002, 0.3066 0.1415 2.9921, 0.3177 0.1466 3.002, 0.3173 0.1473 2.9921, 0.3599 0.1637 3.002, 0.3596 0.1645 2.9921, 0.5586 0.1813 2.9921, 0.5396 0.1845 2.9921, 0.5395 0.1837 3.002, 0.4941 0.187 2.9921, 0.4941 0.1862 3.002, 0.4485 0.1845 2.9921, 0.4486 0.1837 3.002, 0.4295 0.1813 2.9921, 0.4037 0.1761 3.002, 0.4035 0.177 2.9921, 0.3664 0.1665 2.9921, 0.5846 0.177 2.9921, 0.5844 0.1761 3.002, 0.6217 0.1665 2.9921, 0.6283 0.1637 3.002, 0.6285 0.1645 2.9921, 0.6704 0.1466 3.002, 0.6708 0.1473 2.9921, 0.7822 0.0689 3.002, 0.7484 0.0995 2.9921, 0.7479 0.0989 3.002, 0.7367 0.1076 2.9921, 0.7105 0.1249 3.002, 0.7109 0.1256 2.9921, 0.6815 0.1415 2.9921, 0.8129 0.0354 3.002, 0.7862 0.0658 2.9921, 0.7827 0.0695 2.9921, 0.8399 -0.0014 3.002, 0.828 0.0162 2.9921, 0.8136 0.0359 2.9921, 0.8807 -0.0826 3.002, 0.8633 -0.0405 2.9921, 0.8625 -0.0408 3.002, 0.8623 -0.0388 2.9921, 0.8406 -0.0009 2.9921, 0.8951 -0.1259 2.9921, 0.8867 -0.0988 2.9921, 0.8815 -0.0823 2.9921, 0.8942 -0.1261 3.002, 0.8996 -0.1516 3.002, 0.9006 -0.1516 2.9921, 0.8952 -0.1516 3.0157, 0.8961 -0.1516 3.0142, 0.8902 -0.1271 3.0159, 0.8995 -0.1516 3.0036, 0.883 -0.1289 3.0284, 0.8872 -0.1516 3.0278, 0.8903 -0.1516 3.0242, 0.873 -0.1314 3.0387, 0.8768 -0.1516 3.038, 0.8822 -0.1516 3.0336, 0.8609 -0.1344 3.0462, 0.8645 -0.1516 3.0457, 0.8723 -0.1516 3.0416, 0.8505 -0.1516 3.0504, 0.8505 -0.1516 3.0503, 0.8474 -0.1378 3.0503, 0.8617 -0.1516 3.0472, 0.8378 -0.1402 3.0512, 0.8404 -0.1516 3.0512, 0.5689 0.1301 3.0503, 0.5739 0.129 3.0503, 0.5689 0.129 3.0505, 0.8355 -0.0994 3.0503, 0.8262 -0.1029 3.0512, 0.8194 -0.0626 3.0503, 0.8105 -0.067 3.0512, 0.7993 -0.0277 3.0503, 0.7911 -0.0331 3.0512, 0.7756 0.0047 3.0503, 0.7679 -0.0016 3.0512, 0.7484 0.0343 3.0503, 0.7415 0.0272 3.0512, 0.7181 0.0608 3.0503, 0.712 0.053 3.0512, 0.6851 0.0837 3.0503, 0.6799 0.0753 3.0512, 0.6498 0.1029 3.0503, 0.6455 0.0939 3.0512, 0.6125 0.118 3.0503, 0.6093 0.1087 3.0512, 0.5717 0.1193 3.0512, 0.5689 0.12 3.0512, 0.1113 -0.084 3.0159, 0.1293 -0.0427 3.0159, 0.1518 -0.0036 3.0159, 0.1784 0.0327 3.0159, 0.2089 0.0659 3.0159, 0.2429 0.0956 3.0159, 0.2799 0.1213 3.0159, 0.3195 0.1428 3.0159, 0.3612 0.1598 3.0159, 0.4046 0.1721 3.0159, 0.4491 0.1795 3.0159, 0.4941 0.182 3.0159, 0.5391 0.1795 3.0159, 0.5835 0.1721 3.0159, 0.6269 0.1598 3.0159, 0.6687 0.1428 3.0159, 0.7083 0.1213 3.0159, 0.7453 0.0956 3.0159, 0.7792 0.0659 3.0159, 0.8097 0.0327 3.0159, 0.8363 -0.0036 3.0159, 0.8588 -0.0427 3.0159, 0.8768 -0.084 3.0159, 0.1183 -0.0866 3.0284, 0.136 -0.0461 3.0284, 0.158 -0.0077 3.0284, 0.1842 0.028 3.0284, 0.2141 0.0606 3.0284, 0.2474 0.0897 3.0284, 0.2838 0.115 3.0284, 0.3227 0.136 3.0284, 0.3637 0.1527 3.0284, 0.4062 0.1648 3.0284, 0.4499 0.1721 3.0284, 0.4941 0.1745 3.0284, 0.5383 0.1721 3.0284, 0.5819 0.1648 3.0284, 0.6245 0.1527 3.0284, 0.6655 0.136 3.0284, 0.7044 0.115 3.0284, 0.7407 0.0897 3.0284, 0.774 0.0606 3.0284, 0.804 0.028 3.0284, 0.8301 -0.0077 3.0284, 0.8521 -0.0461 3.0284, 0.8698 -0.0866 3.0284, 0.1279 -0.0902 3.0387, 0.1452 -0.0507 3.0387, 0.1667 -0.0133 3.0387, 0.1921 0.0215 3.0387, 0.2213 0.0532 3.0387, 0.2538 0.0816 3.0387, 0.2892 0.1062 3.0387, 0.3271 0.1268 3.0387, 0.367 0.143 3.0387, 0.4085 0.1548 3.0387, 0.451 0.1619 3.0387, 0.4941 0.1642 3.0387, 0.5371 0.1619 3.0387, 0.5796 0.1548 3.0387, 0.6211 0.143 3.0387, 0.6611 0.1268 3.0387, 0.699 0.1062 3.0387, 0.7344 0.0816 3.0387, 0.7669 0.0532 3.0387, 0.796 0.0215 3.0387, 0.8215 -0.0133 3.0387, 0.843 -0.0507 3.0387, 0.8602 -0.0902 3.0387, 0.1396 -0.0946 3.0462, 0.1563 -0.0563 3.0462, 0.1771 -0.0201 3.0462, 0.2018 0.0135 3.0462, 0.23 0.0443 3.0462, 0.2614 0.0717 3.0462, 0.2957 0.0956 3.0462, 0.3324 0.1155 3.0462, 0.3711 0.1312 3.0462, 0.6171 0.1312 3.0462, 0.6557 0.1155 3.0462, 0.6924 0.0956 3.0462, 0.7267 0.0717 3.0462, 0.7581 0.0443 3.0462, 0.7864 0.0135 3.0462, 0.811 -0.0201 3.0462, 0.8318 -0.0563 3.0462, 0.8485 -0.0946 3.0462, 0.9006 -0.3012 2.815, 0.9024 -0.2911 2.815, 0.6887 -0.3012 2.815, 0.9075 -0.2264 2.815, 0.6887 -0.1516 2.815, 0.9024 -0.1617 2.815, 0.9006 -0.1516 2.815, 0.0875 -0.1516 2.815, 0.0858 -0.1617 2.815, 0.2995 -0.1516 2.815, 0.0807 -0.2264 2.815, 0.2995 -0.3012 2.815, 0.0858 -0.2911 2.815, 0.0875 -0.3012 2.815, 0.4193 -0.3209 2.6772, 0.5689 -0.3209 2.6772, 0.3996 -0.3012 2.6772, 0.5886 -0.3012 2.6772, 0.3996 -0.1516 2.6772, 0.5886 -0.1516 2.6772, 0.4193 -0.1319 2.6772, 0.5689 -0.1319 2.6772, 0.3996 -0.3012 3.0512, 0.4193 -0.3209 3.0512, 0.4193 -0.5818 3.0505, 0.5689 -0.5818 3.0505, 0.5689 -0.3209 3.0512, 0.5886 -0.3012 3.0512, 0.5886 -0.1516 3.0512, 0.5689 -0.1319 3.0512, 0.5689 0.129 3.0505, 0.4193 0.129 3.0505, 0.4193 -0.1319 3.0512, 0.3996 -0.1516 3.0512, 0.7584 -0.358 2.6772, 0.7297 -0.4043 2.6772, 0.693 -0.4446 2.6772, 0.2298 -0.0948 2.6772, 0.2584 -0.0484 2.6772, 0.2951 -0.0082 2.6772, 0.6495 -0.4774 2.6772, 0.6007 -0.5017 2.6772, 0.5483 -0.5166 2.6772, 0.7584 -0.0948 2.6772, 0.7297 -0.0484 2.6772, 0.6495 0.0247 2.6772, 0.693 -0.0082 2.6772, 0.3386 0.0247 2.6772, 0.3874 0.049 2.6772, 0.4398 0.0639 2.6772, 0.2001 -0.2536 2.6772, 0.2001 -0.1991 2.6772, 0.2101 -0.1456 2.6772, 0.3386 -0.4774 2.6772, 0.2951 -0.4446 2.6772, 0.2584 -0.4043 2.6772, 0.7781 -0.3072 2.6772, 0.7881 -0.1991 2.6772, 0.7881 -0.2536 2.6772, 0.7781 -0.1456 2.6772, 0.2298 -0.358 2.6772, 0.2101 -0.3072 2.6772, 0.3874 -0.5017 2.6772, 0.4941 -0.5217 2.6772, 0.4398 -0.5166 2.6772, 0.6007 0.049 2.6772, 0.4941 0.0689 2.6772, 0.5483 0.0639 2.6772, 0.4941 -0.0098 1.2992, 0.5339 -0.0135 1.2992, 0.4941 -0.2264 1.2992, 0.3801 -0.0423 1.2992, 0.4158 -0.0245 1.2992, 0.4543 -0.0135 1.2992, 0.3002 -0.1299 1.2992, 0.3213 -0.0959 1.2992, 0.3482 -0.0664 1.2992, 0.2785 -0.2464 1.2992, 0.2785 -0.2064 1.2992, 0.2858 -0.1671 1.2992, 0.3213 -0.3569 1.2992, 0.3002 -0.3229 1.2992, 0.2858 -0.2856 1.2992, 0.4158 -0.4283 1.2992, 0.3801 -0.4105 1.2992, 0.3482 -0.3864 1.2992, 0.5339 -0.4392 1.2992, 0.4941 -0.4429 1.2992, 0.4543 -0.4392 1.2992, 0.6399 -0.3864 1.2992, 0.6081 -0.4105 1.2992, 0.5723 -0.4283 1.2992, 0.7023 -0.2856 1.2992, 0.6879 -0.3229 1.2992, 0.6669 -0.3569 1.2992, 0.7023 -0.1671 1.2992, 0.7097 -0.2064 1.2992, 0.7097 -0.2464 1.2992, 0.6399 -0.0664 1.2992, 0.6669 -0.0959 1.2992, 0.6879 -0.1299 1.2992, 0.5723 -0.0245 1.2992, 0.6081 -0.0423 1.2992
            ]
        }
        coordIndex [
            0,1,2,-1,3,4,5,-1,6,7,8,-1,8,7,9,-1,8,9,10,-1,10,9,11,-1,12,13,11,-1,11,13,14,-1,11,14,10,-1,15,16,12,-1,12,16,17,-1,12,17,13,-1,18,19,3,-1,3,5,18,-1,18,5,20,-1,18,20,21,-1,21,20,22,-1,21,22,23,-1,23,22,24,-1,23,24,25,-1,25,24,26,-1,25,26,27,-1,27,26,28,-1,27,28,29,-1,29,28,30,-1,29,30,31,-1,31,30,32,-1,31,32,33,-1,33,32,34,-1,33,34,35,-1,35,34,36,-1,35,36,37,-1,37,36,2,-1,37,2,38,-1,38,2,1,-1,38,1,39,-1,40,41,42,-1,42,41,43,-1,42,43,0,-1,44,45,46,-1,46,45,40,-1,47,48,49,-1,49,48,44,-1,50,51,52,-1,52,51,47,-1,53,54,55,-1,55,54,50,-1,56,53,57,-1,57,53,55,-1,57,55,58,-1,58,55,59,-1,58,59,60,-1,60,59,61,-1,60,61,62,-1,62,61,63,-1,63,61,64,-1,63,64,65,-1,66,67,68,-1,68,67,69,-1,68,69,70,-1,70,69,71,-1,70,71,72,-1,72,71,73,-1,72,73,64,-1,64,73,74,-1,64,74,65,-1,66,68,75,-1,75,68,76,-1,75,76,77,-1,77,76,78,-1,77,78,79,-1,79,78,80,-1,79,80,81,-1,82,83,84,-1,84,83,85,-1,84,85,86,-1,86,85,87,-1,86,87,88,-1,88,87,89,-1,88,89,90,-1,90,89,91,-1,90,91,80,-1,80,91,92,-1,80,92,81,-1,82,84,93,-1,93,84,94,-1,93,94,95,-1,95,94,96,-1,95,96,97,-1,97,96,98,-1,97,98,99,-1,100,101,102,-1,102,101,103,-1,102,103,104,-1,104,103,105,-1,104,105,98,-1,98,105,106,-1,98,106,99,-1,107,108,100,-1,100,108,109,-1,100,109,101,-1,110,111,107,-1,107,111,112,-1,107,112,108,-1,113,114,115,-1,115,114,116,-1,115,116,110,-1,110,116,117,-1,110,117,111,-1,118,119,113,-1,113,119,120,-1,113,120,114,-1,113,121,118,-1,118,121,122,-1,118,122,123,-1,124,125,126,-1,126,125,127,-1,128,129,130,-1,131,132,133,-1,134,135,136,-1,137,138,139,-1,139,138,140,-1,141,142,137,-1,6,143,144,-1,144,143,145,-1,137,139,141,-1,141,139,146,-1,141,146,147,-1,147,146,148,-1,147,148,149,-1,149,148,150,-1,149,150,151,-1,151,150,152,-1,151,152,153,-1,153,152,154,-1,153,154,155,-1,155,154,156,-1,155,156,157,-1,157,156,158,-1,157,158,159,-1,159,158,160,-1,159,160,161,-1,161,160,162,-1,161,162,163,-1,163,162,144,-1,163,144,164,-1,164,144,145,-1,164,145,165,-1,50,52,55,-1,55,52,166,-1,55,166,59,-1,59,166,167,-1,59,167,61,-1,61,167,168,-1,61,168,64,-1,64,168,169,-1,64,169,72,-1,72,169,170,-1,72,170,70,-1,70,170,171,-1,70,171,68,-1,68,171,172,-1,68,172,76,-1,76,172,173,-1,76,173,78,-1,78,173,174,-1,78,174,80,-1,80,174,175,-1,80,175,90,-1,90,175,176,-1,90,176,88,-1,88,176,177,-1,88,177,86,-1,86,177,178,-1,86,178,84,-1,84,178,179,-1,84,179,94,-1,94,179,180,-1,94,180,96,-1,96,180,181,-1,96,181,98,-1,98,181,182,-1,98,182,104,-1,104,182,183,-1,104,183,102,-1,102,183,184,-1,102,184,100,-1,100,184,185,-1,100,185,107,-1,107,185,186,-1,107,186,110,-1,110,186,187,-1,110,187,115,-1,115,187,188,-1,115,188,113,-1,113,188,126,-1,113,126,121,-1,121,126,127,-1,121,127,122,-1,47,49,52,-1,52,49,189,-1,52,189,166,-1,166,189,190,-1,166,190,167,-1,167,190,191,-1,167,191,168,-1,168,191,192,-1,168,192,169,-1,169,192,193,-1,169,193,170,-1,170,193,194,-1,170,194,171,-1,171,194,195,-1,171,195,172,-1,172,195,196,-1,172,196,173,-1,173,196,197,-1,173,197,174,-1,174,197,198,-1,174,198,175,-1,175,198,199,-1,175,199,176,-1,176,199,200,-1,176,200,177,-1,177,200,201,-1,177,201,178,-1,178,201,202,-1,178,202,179,-1,179,202,203,-1,179,203,180,-1,180,203,204,-1,180,204,181,-1,181,204,205,-1,181,205,182,-1,182,205,206,-1,182,206,183,-1,183,206,207,-1,183,207,184,-1,184,207,208,-1,184,208,185,-1,185,208,209,-1,185,209,186,-1,186,209,210,-1,186,210,187,-1,187,210,211,-1,187,211,188,-1,188,211,128,-1,188,128,126,-1,126,128,130,-1,126,130,124,-1,44,46,49,-1,49,46,212,-1,49,212,189,-1,189,212,213,-1,189,213,190,-1,190,213,214,-1,190,214,191,-1,191,214,215,-1,191,215,192,-1,192,215,216,-1,192,216,193,-1,193,216,217,-1,193,217,194,-1,194,217,218,-1,194,218,195,-1,195,218,219,-1,195,219,196,-1,196,219,220,-1,196,220,197,-1,197,220,221,-1,197,221,198,-1,198,221,222,-1,198,222,199,-1,199,222,223,-1,199,223,200,-1,200,223,224,-1,200,224,201,-1,201,224,225,-1,201,225,202,-1,202,225,226,-1,202,226,203,-1,203,226,227,-1,203,227,204,-1,204,227,228,-1,204,228,205,-1,205,228,229,-1,205,229,206,-1,206,229,230,-1,206,230,207,-1,207,230,231,-1,207,231,208,-1,208,231,232,-1,208,232,209,-1,209,232,233,-1,209,233,210,-1,210,233,234,-1,210,234,211,-1,211,234,131,-1,211,131,128,-1,128,131,133,-1,128,133,129,-1,40,42,46,-1,46,42,235,-1,46,235,212,-1,212,235,236,-1,212,236,213,-1,213,236,237,-1,213,237,214,-1,214,237,238,-1,214,238,215,-1,215,238,239,-1,215,239,216,-1,216,239,240,-1,216,240,217,-1,217,240,241,-1,217,241,218,-1,218,241,242,-1,218,242,219,-1,219,242,243,-1,219,243,220,-1,220,243,15,-1,220,15,221,-1,221,15,12,-1,221,12,222,-1,222,12,11,-1,222,11,223,-1,223,11,9,-1,223,9,224,-1,224,9,7,-1,224,7,225,-1,225,7,244,-1,225,244,226,-1,226,244,245,-1,226,245,227,-1,227,245,246,-1,227,246,228,-1,228,246,247,-1,228,247,229,-1,229,247,248,-1,229,248,230,-1,230,248,249,-1,230,249,231,-1,231,249,250,-1,231,250,232,-1,232,250,251,-1,232,251,233,-1,233,251,252,-1,233,252,234,-1,234,252,134,-1,234,134,131,-1,131,134,136,-1,131,136,132,-1,6,144,7,-1,7,144,162,-1,7,162,244,-1,244,162,160,-1,244,160,245,-1,245,160,158,-1,245,158,246,-1,246,158,156,-1,246,156,247,-1,247,156,154,-1,247,154,248,-1,248,154,152,-1,248,152,249,-1,249,152,150,-1,249,150,250,-1,250,150,148,-1,250,148,251,-1,251,148,146,-1,251,146,252,-1,252,146,139,-1,252,139,134,-1,134,139,140,-1,134,140,135,-1,0,2,42,-1,42,2,36,-1,42,36,235,-1,235,36,34,-1,235,34,236,-1,236,34,32,-1,236,32,237,-1,237,32,30,-1,237,30,238,-1,238,30,28,-1,238,28,239,-1,239,28,26,-1,239,26,240,-1,240,26,24,-1,240,24,241,-1,241,24,22,-1,241,22,242,-1,242,22,20,-1,242,20,243,-1,243,20,5,-1,243,5,15,-1,15,5,4,-1,15,4,16,-1,253,254,255,-1,256,257,258,-1,259,260,261,-1,262,263,264,-1,265,266,267,-1,268,269,270,-1,271,272,273,-1,274,275,276,-1,277,278,279,-1,280,281,282,-1,283,284,285,-1,286,287,288,-1,289,290,291,-1,292,293,294,-1,295,296,297,-1,298,299,300,-1,301,302,303,-1,303,302,304,-1,303,304,305,-1,305,304,306,-1,305,306,307,-1,307,306,308,-1,307,308,309,-1,309,308,310,-1,309,310,311,-1,311,310,300,-1,312,313,314,-1,314,313,315,-1,314,315,316,-1,316,315,317,-1,316,317,318,-1,318,317,319,-1,318,319,320,-1,320,319,321,-1,320,321,322,-1,322,321,297,-1,323,324,325,-1,325,324,326,-1,325,326,327,-1,327,326,328,-1,327,328,329,-1,329,328,330,-1,329,330,331,-1,331,330,332,-1,331,332,333,-1,333,332,294,-1,334,335,336,-1,336,335,337,-1,336,337,338,-1,338,337,339,-1,338,339,340,-1,340,339,341,-1,340,341,342,-1,342,341,343,-1,342,343,344,-1,344,343,291,-1,345,346,347,-1,347,346,348,-1,347,348,349,-1,349,348,350,-1,349,350,351,-1,351,350,352,-1,351,352,353,-1,353,352,354,-1,353,354,355,-1,355,354,288,-1,356,357,358,-1,358,357,359,-1,358,359,360,-1,360,359,361,-1,360,361,362,-1,362,361,363,-1,362,363,364,-1,364,363,365,-1,364,365,366,-1,366,365,285,-1,367,368,369,-1,369,368,370,-1,369,370,371,-1,371,370,372,-1,371,372,373,-1,373,372,374,-1,373,374,375,-1,375,374,376,-1,375,376,377,-1,377,376,282,-1,378,379,380,-1,380,379,381,-1,380,381,382,-1,382,381,383,-1,382,383,384,-1,384,383,385,-1,384,385,386,-1,386,385,387,-1,386,387,388,-1,388,387,279,-1,389,390,391,-1,391,390,392,-1,391,392,393,-1,393,392,394,-1,393,394,395,-1,395,394,396,-1,395,396,397,-1,397,396,398,-1,397,398,399,-1,399,398,276,-1,400,401,402,-1,402,401,403,-1,402,403,404,-1,404,403,405,-1,404,405,406,-1,406,405,407,-1,406,407,408,-1,408,407,409,-1,408,409,410,-1,410,409,273,-1,411,412,413,-1,413,412,414,-1,413,414,415,-1,415,414,416,-1,415,416,417,-1,417,416,418,-1,417,418,419,-1,419,418,420,-1,419,420,421,-1,421,420,270,-1,422,423,424,-1,424,423,425,-1,424,425,426,-1,426,425,427,-1,426,427,428,-1,428,427,429,-1,428,429,430,-1,430,429,431,-1,430,431,432,-1,432,431,267,-1,433,434,435,-1,435,434,436,-1,435,436,437,-1,437,436,438,-1,437,438,439,-1,439,438,440,-1,439,440,441,-1,441,440,442,-1,441,442,443,-1,443,442,264,-1,444,445,446,-1,446,445,447,-1,446,447,448,-1,448,447,449,-1,448,449,450,-1,450,449,451,-1,450,451,452,-1,452,451,453,-1,452,453,454,-1,454,453,261,-1,455,456,457,-1,457,456,458,-1,457,458,459,-1,459,458,460,-1,459,460,461,-1,461,460,462,-1,461,462,463,-1,463,462,464,-1,463,464,465,-1,465,464,258,-1,466,467,468,-1,468,467,469,-1,468,469,470,-1,470,469,471,-1,470,471,472,-1,472,471,473,-1,472,473,474,-1,474,473,475,-1,474,475,476,-1,476,475,255,-1,477,301,478,-1,478,301,303,-1,478,303,479,-1,479,303,305,-1,479,305,480,-1,480,305,307,-1,480,307,481,-1,481,307,309,-1,481,309,482,-1,482,309,311,-1,482,311,483,-1,483,311,484,-1,300,299,311,-1,311,299,485,-1,311,485,484,-1,486,298,487,-1,487,298,300,-1,487,300,488,-1,488,300,310,-1,488,310,489,-1,489,310,308,-1,489,308,490,-1,490,308,306,-1,490,306,491,-1,491,306,304,-1,491,304,492,-1,492,304,302,-1,492,312,491,-1,491,312,314,-1,491,314,490,-1,490,314,316,-1,490,316,489,-1,489,316,318,-1,489,318,488,-1,488,318,320,-1,488,320,487,-1,487,320,322,-1,487,322,486,-1,486,322,493,-1,297,296,322,-1,322,296,494,-1,322,494,493,-1,495,295,496,-1,496,295,297,-1,496,297,497,-1,497,297,321,-1,497,321,498,-1,498,321,319,-1,498,319,499,-1,499,319,317,-1,499,317,500,-1,500,317,315,-1,500,315,501,-1,501,315,313,-1,501,502,500,-1,500,502,503,-1,500,503,499,-1,499,503,504,-1,499,504,498,-1,498,504,505,-1,498,505,497,-1,497,505,506,-1,497,506,496,-1,496,506,507,-1,496,507,495,-1,495,507,508,-1,502,323,503,-1,503,323,325,-1,503,325,504,-1,504,325,327,-1,504,327,505,-1,505,327,329,-1,505,329,506,-1,506,329,331,-1,506,331,507,-1,507,331,333,-1,507,333,508,-1,508,333,509,-1,294,293,333,-1,333,293,510,-1,333,510,509,-1,511,292,512,-1,512,292,294,-1,512,294,513,-1,513,294,332,-1,513,332,514,-1,514,332,330,-1,514,330,515,-1,515,330,328,-1,515,328,516,-1,516,328,326,-1,516,326,517,-1,517,326,324,-1,517,334,516,-1,516,334,336,-1,516,336,515,-1,515,336,338,-1,515,338,514,-1,514,338,340,-1,514,340,513,-1,513,340,342,-1,513,342,512,-1,512,342,344,-1,512,344,511,-1,511,344,518,-1,291,290,344,-1,344,290,519,-1,344,519,518,-1,520,289,521,-1,521,289,291,-1,521,291,522,-1,522,291,343,-1,522,343,523,-1,523,343,341,-1,523,341,524,-1,524,341,339,-1,524,339,525,-1,525,339,337,-1,525,337,526,-1,526,337,335,-1,526,527,525,-1,525,527,528,-1,525,528,524,-1,524,528,529,-1,524,529,523,-1,523,529,530,-1,523,530,522,-1,522,530,531,-1,522,531,521,-1,521,531,532,-1,521,532,520,-1,520,532,533,-1,527,345,528,-1,528,345,347,-1,528,347,529,-1,529,347,349,-1,529,349,530,-1,530,349,351,-1,530,351,531,-1,531,351,353,-1,531,353,532,-1,532,353,355,-1,532,355,533,-1,533,355,534,-1,288,287,355,-1,355,287,535,-1,355,535,534,-1,536,286,537,-1,537,286,288,-1,537,288,538,-1,538,288,354,-1,538,354,539,-1,539,354,352,-1,539,352,540,-1,540,352,350,-1,540,350,541,-1,541,350,348,-1,541,348,542,-1,542,348,346,-1,542,356,541,-1,541,356,358,-1,541,358,540,-1,540,358,360,-1,540,360,539,-1,539,360,362,-1,539,362,538,-1,538,362,364,-1,538,364,537,-1,537,364,366,-1,537,366,536,-1,536,366,543,-1,285,284,366,-1,366,284,544,-1,366,544,543,-1,545,283,546,-1,546,283,285,-1,546,285,547,-1,547,285,365,-1,547,365,548,-1,548,365,363,-1,548,363,549,-1,549,363,361,-1,549,361,550,-1,550,361,359,-1,550,359,551,-1,551,359,357,-1,551,552,550,-1,550,552,553,-1,550,553,549,-1,549,553,554,-1,549,554,548,-1,548,554,555,-1,548,555,547,-1,547,555,556,-1,547,556,546,-1,546,556,557,-1,546,557,545,-1,545,557,558,-1,552,367,553,-1,553,367,369,-1,553,369,554,-1,554,369,371,-1,554,371,555,-1,555,371,373,-1,555,373,556,-1,556,373,375,-1,556,375,557,-1,557,375,377,-1,557,377,558,-1,558,377,559,-1,282,281,377,-1,377,281,560,-1,377,560,559,-1,561,280,562,-1,562,280,282,-1,562,282,563,-1,563,282,376,-1,563,376,564,-1,564,376,374,-1,564,374,565,-1,565,374,372,-1,565,372,566,-1,566,372,370,-1,566,370,567,-1,567,370,368,-1,567,378,566,-1,566,378,380,-1,566,380,565,-1,565,380,382,-1,565,382,564,-1,564,382,384,-1,564,384,563,-1,563,384,386,-1,563,386,562,-1,562,386,388,-1,562,388,561,-1,561,388,568,-1,279,278,388,-1,388,278,569,-1,388,569,568,-1,570,277,571,-1,571,277,279,-1,571,279,572,-1,572,279,387,-1,572,387,573,-1,573,387,385,-1,573,385,574,-1,574,385,383,-1,574,383,575,-1,575,383,381,-1,575,381,576,-1,576,381,379,-1,576,577,575,-1,575,577,578,-1,575,578,574,-1,574,578,579,-1,574,579,573,-1,573,579,580,-1,573,580,572,-1,572,580,581,-1,572,581,571,-1,571,581,582,-1,571,582,570,-1,570,582,583,-1,577,389,578,-1,578,389,391,-1,578,391,579,-1,579,391,393,-1,579,393,580,-1,580,393,395,-1,580,395,581,-1,581,395,397,-1,581,397,582,-1,582,397,399,-1,582,399,583,-1,583,399,584,-1,276,275,399,-1,399,275,585,-1,399,585,584,-1,586,274,587,-1,587,274,276,-1,587,276,588,-1,588,276,398,-1,588,398,589,-1,589,398,396,-1,589,396,590,-1,590,396,394,-1,590,394,591,-1,591,394,392,-1,591,392,592,-1,592,392,390,-1,592,400,591,-1,591,400,402,-1,591,402,590,-1,590,402,404,-1,590,404,589,-1,589,404,406,-1,589,406,588,-1,588,406,408,-1,588,408,587,-1,587,408,410,-1,587,410,586,-1,586,410,593,-1,273,272,410,-1,410,272,594,-1,410,594,593,-1,595,271,596,-1,596,271,273,-1,596,273,597,-1,597,273,409,-1,597,409,598,-1,598,409,407,-1,598,407,599,-1,599,407,405,-1,599,405,600,-1,600,405,403,-1,600,403,601,-1,601,403,401,-1,601,602,600,-1,600,602,603,-1,600,603,599,-1,599,603,604,-1,599,604,598,-1,598,604,605,-1,598,605,597,-1,597,605,606,-1,597,606,596,-1,596,606,607,-1,596,607,595,-1,595,607,608,-1,602,411,603,-1,603,411,413,-1,603,413,604,-1,604,413,415,-1,604,415,605,-1,605,415,417,-1,605,417,606,-1,606,417,419,-1,606,419,607,-1,607,419,421,-1,607,421,608,-1,608,421,609,-1,270,269,421,-1,421,269,610,-1,421,610,609,-1,611,268,612,-1,612,268,270,-1,612,270,613,-1,613,270,420,-1,613,420,614,-1,614,420,418,-1,614,418,615,-1,615,418,416,-1,615,416,616,-1,616,416,414,-1,616,414,617,-1,617,414,412,-1,617,422,616,-1,616,422,424,-1,616,424,615,-1,615,424,426,-1,615,426,614,-1,614,426,428,-1,614,428,613,-1,613,428,430,-1,613,430,612,-1,612,430,432,-1,612,432,611,-1,611,432,618,-1,267,266,432,-1,432,266,619,-1,432,619,618,-1,620,265,621,-1,621,265,267,-1,621,267,622,-1,622,267,431,-1,622,431,623,-1,623,431,429,-1,623,429,624,-1,624,429,427,-1,624,427,625,-1,625,427,425,-1,625,425,626,-1,626,425,423,-1,626,627,625,-1,625,627,628,-1,625,628,624,-1,624,628,629,-1,624,629,623,-1,623,629,630,-1,623,630,622,-1,622,630,631,-1,622,631,621,-1,621,631,632,-1,621,632,620,-1,620,632,633,-1,627,433,628,-1,628,433,435,-1,628,435,629,-1,629,435,437,-1,629,437,630,-1,630,437,439,-1,630,439,631,-1,631,439,441,-1,631,441,632,-1,632,441,443,-1,632,443,633,-1,633,443,634,-1,264,263,443,-1,443,263,635,-1,443,635,634,-1,636,262,637,-1,637,262,264,-1,637,264,638,-1,638,264,442,-1,638,442,639,-1,639,442,440,-1,639,440,640,-1,640,440,438,-1,640,438,641,-1,641,438,436,-1,641,436,642,-1,642,436,434,-1,642,444,641,-1,641,444,446,-1,641,446,640,-1,640,446,448,-1,640,448,639,-1,639,448,450,-1,639,450,638,-1,638,450,452,-1,638,452,637,-1,637,452,454,-1,637,454,636,-1,636,454,643,-1,261,260,454,-1,454,260,644,-1,454,644,643,-1,645,259,646,-1,646,259,261,-1,646,261,647,-1,647,261,453,-1,647,453,648,-1,648,453,451,-1,648,451,649,-1,649,451,449,-1,649,449,650,-1,650,449,447,-1,650,447,651,-1,651,447,445,-1,651,652,650,-1,650,652,653,-1,650,653,649,-1,649,653,654,-1,649,654,648,-1,648,654,655,-1,648,655,647,-1,647,655,656,-1,647,656,646,-1,646,656,657,-1,646,657,645,-1,645,657,658,-1,652,455,653,-1,653,455,457,-1,653,457,654,-1,654,457,459,-1,654,459,655,-1,655,459,461,-1,655,461,656,-1,656,461,463,-1,656,463,657,-1,657,463,465,-1,657,465,658,-1,658,465,659,-1,258,257,465,-1,465,257,660,-1,465,660,659,-1,661,256,662,-1,662,256,258,-1,662,258,663,-1,663,258,464,-1,663,464,664,-1,664,464,462,-1,664,462,665,-1,665,462,460,-1,665,460,666,-1,666,460,458,-1,666,458,667,-1,667,458,456,-1,667,466,666,-1,666,466,468,-1,666,468,665,-1,665,468,470,-1,665,470,664,-1,664,470,472,-1,664,472,663,-1,663,472,474,-1,663,474,662,-1,662,474,476,-1,662,476,661,-1,661,476,668,-1,255,254,476,-1,476,254,669,-1,476,669,668,-1,670,253,671,-1,671,253,255,-1,671,255,672,-1,672,255,475,-1,672,475,673,-1,673,475,473,-1,673,473,674,-1,674,473,471,-1,674,471,675,-1,675,471,469,-1,675,469,676,-1,676,469,467,-1,676,477,675,-1,675,477,478,-1,675,478,674,-1,674,478,479,-1,674,479,673,-1,673,479,480,-1,673,480,672,-1,672,480,481,-1,672,481,671,-1,671,481,482,-1,671,482,670,-1,670,482,483,-1,677,678,679,-1,680,681,682,-1,683,684,685,-1,685,684,686,-1,685,686,687,-1,687,686,688,-1,689,690,688,-1,688,690,691,-1,688,691,687,-1,692,693,689,-1,689,693,694,-1,689,694,690,-1,695,696,680,-1,680,682,695,-1,695,682,697,-1,695,697,698,-1,698,697,699,-1,698,699,700,-1,700,699,701,-1,700,701,702,-1,702,701,703,-1,702,703,704,-1,704,703,705,-1,704,705,706,-1,706,705,707,-1,706,707,708,-1,708,707,709,-1,708,709,710,-1,710,709,711,-1,710,711,712,-1,712,711,713,-1,712,713,714,-1,714,713,679,-1,714,679,715,-1,715,679,678,-1,715,678,716,-1,717,718,719,-1,719,718,720,-1,719,720,677,-1,721,722,723,-1,723,722,717,-1,724,725,726,-1,726,725,721,-1,727,728,729,-1,729,728,724,-1,730,731,732,-1,732,731,727,-1,733,730,734,-1,734,730,732,-1,734,732,735,-1,735,732,736,-1,735,736,737,-1,737,736,738,-1,737,738,739,-1,739,738,740,-1,740,738,741,-1,740,741,742,-1,743,744,745,-1,745,744,746,-1,745,746,747,-1,747,746,748,-1,747,748,749,-1,749,748,750,-1,749,750,741,-1,741,750,751,-1,741,751,742,-1,743,745,752,-1,752,745,753,-1,752,753,754,-1,754,753,755,-1,754,755,756,-1,756,755,757,-1,756,757,758,-1,759,760,761,-1,761,760,762,-1,761,762,763,-1,763,762,764,-1,763,764,765,-1,765,764,766,-1,765,766,767,-1,767,766,768,-1,767,768,757,-1,757,768,769,-1,757,769,758,-1,759,761,770,-1,770,761,771,-1,770,771,772,-1,772,771,773,-1,772,773,774,-1,774,773,775,-1,774,775,776,-1,777,778,779,-1,779,778,780,-1,779,780,781,-1,781,780,782,-1,781,782,775,-1,775,782,783,-1,775,783,776,-1,784,785,777,-1,777,785,786,-1,777,786,778,-1,787,788,784,-1,784,788,789,-1,784,789,785,-1,790,791,792,-1,792,791,793,-1,792,793,787,-1,787,793,794,-1,787,794,788,-1,795,796,790,-1,790,796,797,-1,790,797,791,-1,790,798,795,-1,795,798,799,-1,795,799,800,-1,801,802,803,-1,803,802,804,-1,805,806,807,-1,808,809,810,-1,811,812,813,-1,814,815,816,-1,816,815,817,-1,818,819,814,-1,683,820,821,-1,821,820,822,-1,814,816,818,-1,818,816,823,-1,818,823,824,-1,824,823,825,-1,824,825,826,-1,826,825,827,-1,826,827,828,-1,828,827,829,-1,828,829,830,-1,830,829,831,-1,830,831,832,-1,832,831,833,-1,832,833,834,-1,834,833,835,-1,834,835,836,-1,836,835,837,-1,836,837,838,-1,838,837,839,-1,838,839,840,-1,840,839,821,-1,840,821,841,-1,841,821,822,-1,841,822,842,-1,727,729,732,-1,732,729,843,-1,732,843,736,-1,736,843,844,-1,736,844,738,-1,738,844,845,-1,738,845,741,-1,741,845,846,-1,741,846,749,-1,749,846,847,-1,749,847,747,-1,747,847,848,-1,747,848,745,-1,745,848,849,-1,745,849,753,-1,753,849,850,-1,753,850,755,-1,755,850,851,-1,755,851,757,-1,757,851,852,-1,757,852,767,-1,767,852,853,-1,767,853,765,-1,765,853,854,-1,765,854,763,-1,763,854,855,-1,763,855,761,-1,761,855,856,-1,761,856,771,-1,771,856,857,-1,771,857,773,-1,773,857,858,-1,773,858,775,-1,775,858,859,-1,775,859,781,-1,781,859,860,-1,781,860,779,-1,779,860,861,-1,779,861,777,-1,777,861,862,-1,777,862,784,-1,784,862,863,-1,784,863,787,-1,787,863,864,-1,787,864,792,-1,792,864,865,-1,792,865,790,-1,790,865,803,-1,790,803,798,-1,798,803,804,-1,798,804,799,-1,724,726,729,-1,729,726,866,-1,729,866,843,-1,843,866,867,-1,843,867,844,-1,844,867,868,-1,844,868,845,-1,845,868,869,-1,845,869,846,-1,846,869,870,-1,846,870,847,-1,847,870,871,-1,847,871,848,-1,848,871,872,-1,848,872,849,-1,849,872,873,-1,849,873,850,-1,850,873,874,-1,850,874,851,-1,851,874,875,-1,851,875,852,-1,852,875,876,-1,852,876,853,-1,853,876,877,-1,853,877,854,-1,854,877,878,-1,854,878,855,-1,855,878,879,-1,855,879,856,-1,856,879,880,-1,856,880,857,-1,857,880,881,-1,857,881,858,-1,858,881,882,-1,858,882,859,-1,859,882,883,-1,859,883,860,-1,860,883,884,-1,860,884,861,-1,861,884,885,-1,861,885,862,-1,862,885,886,-1,862,886,863,-1,863,886,887,-1,863,887,864,-1,864,887,888,-1,864,888,865,-1,865,888,805,-1,865,805,803,-1,803,805,807,-1,803,807,801,-1,721,723,726,-1,726,723,889,-1,726,889,866,-1,866,889,890,-1,866,890,867,-1,867,890,891,-1,867,891,868,-1,868,891,892,-1,868,892,869,-1,869,892,893,-1,869,893,870,-1,870,893,894,-1,870,894,871,-1,871,894,895,-1,871,895,872,-1,872,895,896,-1,872,896,873,-1,873,896,897,-1,873,897,874,-1,874,897,898,-1,874,898,875,-1,875,898,899,-1,875,899,876,-1,876,899,900,-1,876,900,877,-1,877,900,901,-1,877,901,878,-1,878,901,902,-1,878,902,879,-1,879,902,903,-1,879,903,880,-1,880,903,904,-1,880,904,881,-1,881,904,905,-1,881,905,882,-1,882,905,906,-1,882,906,883,-1,883,906,907,-1,883,907,884,-1,884,907,908,-1,884,908,885,-1,885,908,909,-1,885,909,886,-1,886,909,910,-1,886,910,887,-1,887,910,911,-1,887,911,888,-1,888,911,808,-1,888,808,805,-1,805,808,810,-1,805,810,806,-1,717,719,723,-1,723,719,912,-1,723,912,889,-1,889,912,913,-1,889,913,890,-1,890,913,914,-1,890,914,891,-1,891,914,915,-1,891,915,892,-1,892,915,916,-1,892,916,893,-1,893,916,917,-1,893,917,894,-1,894,917,918,-1,894,918,895,-1,895,918,919,-1,895,919,896,-1,896,919,920,-1,896,920,897,-1,897,920,692,-1,897,692,898,-1,898,692,689,-1,898,689,899,-1,899,689,688,-1,899,688,900,-1,900,688,686,-1,900,686,901,-1,901,686,684,-1,901,684,902,-1,902,684,921,-1,902,921,903,-1,903,921,922,-1,903,922,904,-1,904,922,923,-1,904,923,905,-1,905,923,924,-1,905,924,906,-1,906,924,925,-1,906,925,907,-1,907,925,926,-1,907,926,908,-1,908,926,927,-1,908,927,909,-1,909,927,928,-1,909,928,910,-1,910,928,929,-1,910,929,911,-1,911,929,811,-1,911,811,808,-1,808,811,813,-1,808,813,809,-1,683,821,684,-1,684,821,839,-1,684,839,921,-1,921,839,837,-1,921,837,922,-1,922,837,835,-1,922,835,923,-1,923,835,833,-1,923,833,924,-1,924,833,831,-1,924,831,925,-1,925,831,829,-1,925,829,926,-1,926,829,827,-1,926,827,927,-1,927,827,825,-1,927,825,928,-1,928,825,823,-1,928,823,929,-1,929,823,816,-1,929,816,811,-1,811,816,817,-1,811,817,812,-1,677,679,719,-1,719,679,713,-1,719,713,912,-1,912,713,711,-1,912,711,913,-1,913,711,709,-1,913,709,914,-1,914,709,707,-1,914,707,915,-1,915,707,705,-1,915,705,916,-1,916,705,703,-1,916,703,917,-1,917,703,701,-1,917,701,918,-1,918,701,699,-1,918,699,919,-1,919,699,697,-1,919,697,920,-1,920,697,682,-1,920,682,692,-1,692,682,681,-1,692,681,693,-1,930,931,932,-1,932,931,933,-1,932,933,934,-1,934,933,935,-1,934,935,936,-1,937,938,939,-1,939,938,940,-1,939,940,941,-1,941,940,942,-1,941,942,943,-1,944,945,946,-1,946,945,947,-1,946,947,948,-1,948,947,949,-1,948,949,950,-1,950,949,951,-1,137,142,941,-1,941,142,952,-1,941,952,946,-1,122,941,123,-1,123,941,943,-1,124,130,941,-1,941,130,129,-1,941,129,133,-1,133,132,941,-1,941,132,136,-1,941,136,135,-1,135,140,941,-1,941,140,138,-1,941,138,137,-1,122,127,941,-1,941,127,125,-1,941,125,124,-1,944,953,165,-1,165,954,944,-1,944,954,143,-1,944,143,6,-1,6,8,944,-1,944,8,10,-1,10,14,944,-1,944,14,13,-1,944,13,945,-1,945,13,17,-1,945,17,16,-1,945,16,4,-1,4,955,945,-1,945,955,19,-1,945,19,956,-1,1,930,39,-1,39,930,932,-1,39,932,957,-1,957,932,947,-1,50,54,1,-1,44,48,1,-1,54,53,1,-1,1,53,56,-1,1,56,930,-1,48,47,1,-1,1,47,51,-1,1,51,50,-1,41,1,43,-1,43,1,0,-1,41,40,1,-1,1,40,45,-1,1,45,44,-1,958,949,934,-1,817,815,934,-1,815,814,934,-1,934,814,819,-1,934,819,958,-1,936,800,934,-1,934,800,799,-1,934,799,804,-1,804,802,934,-1,934,802,801,-1,934,801,807,-1,807,806,934,-1,934,806,810,-1,934,810,809,-1,809,813,934,-1,934,813,812,-1,934,812,817,-1,951,959,842,-1,842,960,951,-1,951,960,820,-1,951,820,683,-1,683,685,951,-1,951,685,687,-1,687,691,951,-1,951,691,690,-1,951,690,950,-1,950,690,694,-1,950,694,693,-1,950,693,681,-1,681,961,950,-1,950,961,696,-1,950,696,962,-1,678,937,716,-1,716,937,939,-1,716,939,963,-1,963,939,948,-1,727,731,678,-1,721,725,678,-1,731,730,678,-1,678,730,733,-1,678,733,937,-1,725,724,678,-1,678,724,728,-1,678,728,727,-1,718,678,720,-1,720,678,677,-1,718,717,678,-1,678,717,722,-1,678,722,721,-1,964,412,965,-1,965,412,411,-1,965,411,966,-1,967,324,968,-1,968,324,323,-1,968,323,969,-1,970,400,971,-1,971,400,592,-1,971,592,972,-1,973,974,445,-1,975,455,976,-1,976,455,652,-1,976,652,974,-1,974,652,651,-1,974,651,445,-1,977,312,978,-1,978,312,492,-1,978,492,979,-1,323,502,969,-1,969,502,501,-1,969,501,977,-1,977,501,313,-1,977,313,312,-1,980,527,981,-1,981,527,526,-1,981,526,982,-1,983,367,984,-1,984,367,552,-1,984,552,985,-1,411,602,966,-1,966,602,601,-1,966,601,970,-1,970,601,401,-1,970,401,400,-1,986,422,964,-1,964,422,617,-1,964,617,412,-1,987,627,988,-1,988,627,626,-1,988,626,986,-1,986,626,423,-1,986,423,422,-1,445,444,973,-1,973,444,642,-1,973,642,989,-1,989,642,434,-1,989,434,987,-1,987,434,433,-1,987,433,627,-1,526,335,982,-1,982,335,334,-1,982,334,967,-1,967,334,517,-1,967,517,324,-1,990,542,991,-1,991,542,346,-1,991,346,980,-1,980,346,345,-1,980,345,527,-1,992,567,983,-1,983,567,368,-1,983,368,367,-1,993,576,994,-1,994,576,379,-1,994,379,992,-1,992,379,378,-1,992,378,567,-1,995,667,975,-1,975,667,456,-1,975,456,455,-1,996,676,997,-1,997,676,467,-1,997,467,995,-1,995,467,466,-1,995,466,667,-1,492,302,979,-1,979,302,301,-1,979,301,996,-1,996,301,477,-1,996,477,676,-1,552,551,985,-1,985,551,357,-1,985,357,990,-1,990,357,356,-1,990,356,542,-1,592,390,972,-1,972,390,389,-1,972,389,993,-1,993,389,577,-1,993,577,576,-1,56,619,930,-1,930,619,266,-1,930,266,931,-1,266,265,931,-1,931,265,620,-1,931,620,933,-1,620,633,933,-1,933,633,634,-1,933,634,935,-1,795,800,936,-1,796,795,262,-1,262,795,936,-1,262,936,263,-1,263,936,935,-1,263,935,635,-1,635,935,634,-1,733,519,937,-1,937,519,290,-1,937,290,938,-1,290,289,938,-1,938,289,520,-1,938,520,940,-1,520,533,940,-1,940,533,534,-1,940,534,942,-1,118,123,943,-1,119,118,286,-1,286,118,943,-1,286,943,287,-1,287,943,942,-1,287,942,535,-1,535,942,534,-1,733,734,519,-1,519,734,735,-1,519,735,518,-1,518,735,737,-1,518,737,511,-1,511,737,739,-1,511,739,292,-1,292,739,740,-1,292,740,293,-1,293,740,742,-1,293,742,510,-1,510,742,751,-1,510,751,509,-1,509,751,750,-1,509,750,508,-1,544,114,543,-1,543,114,120,-1,119,286,120,-1,120,286,536,-1,120,536,543,-1,559,109,558,-1,558,109,108,-1,558,108,545,-1,545,108,112,-1,545,112,283,-1,283,112,111,-1,283,111,284,-1,284,111,117,-1,284,117,544,-1,544,117,116,-1,544,116,114,-1,608,69,595,-1,595,69,67,-1,595,67,271,-1,271,67,66,-1,271,66,272,-1,272,66,75,-1,272,75,594,-1,594,75,77,-1,594,77,593,-1,593,77,79,-1,593,79,586,-1,586,79,81,-1,586,81,274,-1,274,81,92,-1,274,92,275,-1,275,92,91,-1,275,91,585,-1,585,91,89,-1,585,89,584,-1,584,89,87,-1,584,87,583,-1,583,87,85,-1,583,85,570,-1,570,85,83,-1,570,83,277,-1,277,83,82,-1,277,82,278,-1,278,82,93,-1,278,93,569,-1,569,93,95,-1,569,95,568,-1,568,95,97,-1,568,97,561,-1,561,97,99,-1,561,99,280,-1,280,99,106,-1,280,106,281,-1,281,106,105,-1,281,105,560,-1,560,105,103,-1,560,103,559,-1,559,103,101,-1,559,101,109,-1,56,57,619,-1,619,57,58,-1,619,58,618,-1,618,58,60,-1,618,60,611,-1,611,60,62,-1,611,62,268,-1,268,62,63,-1,268,63,269,-1,269,63,65,-1,269,65,610,-1,610,65,74,-1,610,74,609,-1,609,74,73,-1,609,73,608,-1,608,73,71,-1,608,71,69,-1,644,791,643,-1,643,791,797,-1,796,262,797,-1,797,262,636,-1,797,636,643,-1,659,786,658,-1,658,786,785,-1,658,785,645,-1,645,785,789,-1,645,789,259,-1,259,789,788,-1,259,788,260,-1,260,788,794,-1,260,794,644,-1,644,794,793,-1,644,793,791,-1,750,748,508,-1,508,748,746,-1,508,746,495,-1,495,746,744,-1,495,744,295,-1,295,744,743,-1,295,743,296,-1,296,743,752,-1,296,752,494,-1,494,752,754,-1,494,754,493,-1,493,754,756,-1,493,756,486,-1,486,756,758,-1,486,758,298,-1,298,758,769,-1,298,769,299,-1,299,769,768,-1,299,768,485,-1,485,768,766,-1,485,766,484,-1,484,766,764,-1,484,764,483,-1,483,764,762,-1,483,762,670,-1,670,762,760,-1,670,760,253,-1,253,760,759,-1,253,759,254,-1,254,759,770,-1,254,770,669,-1,669,770,772,-1,669,772,668,-1,668,772,774,-1,668,774,661,-1,661,774,776,-1,661,776,256,-1,256,776,783,-1,256,783,257,-1,257,783,782,-1,257,782,660,-1,660,782,780,-1,660,780,659,-1,659,780,778,-1,659,778,786,-1,998,999,1000,-1,1001,1002,1000,-1,1000,1002,1003,-1,1000,1003,998,-1,1004,1005,1000,-1,1000,1005,1006,-1,1000,1006,1001,-1,1007,1008,1000,-1,1000,1008,1009,-1,1000,1009,1004,-1,1010,1011,1000,-1,1000,1011,1012,-1,1000,1012,1007,-1,1013,1014,1000,-1,1000,1014,1015,-1,1000,1015,1010,-1,1016,1017,1000,-1,1000,1017,1018,-1,1000,1018,1013,-1,1019,1020,1000,-1,1000,1020,1021,-1,1000,1021,1016,-1,1022,1023,1000,-1,1000,1023,1024,-1,1000,1024,1019,-1,1025,1026,1000,-1,1000,1026,1027,-1,1000,1027,1022,-1,1028,1029,1000,-1,1000,1029,1030,-1,1000,1030,1025,-1,999,1031,1000,-1,1000,1031,1032,-1,1000,1032,1028,-1,
        ]
    }
}
Shape{
    appearance Appearance {
        material  Material 	{
            diffuseColor 0.6392156862745098 0.6666666666666666 0.6862745098039216
            specularColor 0.6392156862745098 0.6666666666666666 0.6862745098039216
            ambientIntensity 0.6607
            transparency 0.0
            shininess 0.5
        }
    }
    geometry IndexedFaceSet {
        ccw TRUE
        solid FALSE
        coord DEF co Coordinate {
            point [
                0.4941 0.0689 1.5354, 0.5483 0.0639 2.6772, 0.5483 0.0639 1.5354, 0.6007 0.049 2.6772, 0.6007 0.049 1.5354, 0.6495 0.0247 2.6772, 0.6495 0.0247 1.5354, 0.693 -0.0082 2.6772, 0.693 -0.0082 1.5354, 0.7297 -0.0484 2.6772, 0.7297 -0.0484 1.5354, 0.7584 -0.0948 2.6772, 0.7584 -0.0948 1.5354, 0.7781 -0.1456 2.6772, 0.7781 -0.1456 1.5354, 0.7881 -0.1991 2.6772, 0.7881 -0.1991 1.5354, 0.7881 -0.2536 2.6772, 0.7881 -0.2536 1.5354, 0.7781 -0.3072 2.6772, 0.7781 -0.3072 1.5354, 0.7584 -0.358 2.6772, 0.7584 -0.358 1.5354, 0.7297 -0.4043 2.6772, 0.7297 -0.4043 1.5354, 0.693 -0.4446 2.6772, 0.693 -0.4446 1.5354, 0.6495 -0.4774 2.6772, 0.6495 -0.4774 1.5354, 0.6007 -0.5017 2.6772, 0.6007 -0.5017 1.5354, 0.5483 -0.5166 2.6772, 0.5483 -0.5166 1.5354, 0.4941 -0.5217 2.6772, 0.4941 -0.5217 1.5354, 0.4398 -0.5166 2.6772, 0.4398 -0.5166 1.5354, 0.3874 -0.5017 2.6772, 0.3874 -0.5017 1.5354, 0.3386 -0.4774 2.6772, 0.3386 -0.4774 1.5354, 0.2951 -0.4446 2.6772, 0.2951 -0.4446 1.5354, 0.2584 -0.4043 2.6772, 0.2584 -0.4043 1.5354, 0.2298 -0.358 2.6772, 0.2298 -0.358 1.5354, 0.2101 -0.3072 2.6772, 0.2101 -0.3072 1.5354, 0.2001 -0.2536 2.6772, 0.2001 -0.2536 1.5354, 0.2001 -0.1991 2.6772, 0.2001 -0.1991 1.5354, 0.2101 -0.1456 2.6772, 0.2101 -0.1456 1.5354, 0.2298 -0.0948 2.6772, 0.2298 -0.0948 1.5354, 0.2584 -0.0484 2.6772, 0.2584 -0.0484 1.5354, 0.2951 -0.0082 2.6772, 0.2951 -0.0082 1.5354, 0.3386 0.0247 2.6772, 0.3386 0.0247 1.5354, 0.3874 0.049 2.6772, 0.3874 0.049 1.5354, 0.4398 0.0639 2.6772, 0.4398 0.0639 1.5354, 0.4941 0.0689 2.6772
            ]
        }
        coordIndex [
            0,1,2,-1,2,1,3,-1,2,3,4,-1,4,3,5,-1,4,5,6,-1,6,5,7,-1,6,7,8,-1,8,7,9,-1,8,9,10,-1,10,9,11,-1,10,11,12,-1,12,11,13,-1,12,13,14,-1,14,13,15,-1,14,15,16,-1,16,15,17,-1,16,17,18,-1,18,17,19,-1,18,19,20,-1,20,19,21,-1,20,21,22,-1,22,21,23,-1,22,23,24,-1,24,23,25,-1,24,25,26,-1,26,25,27,-1,26,27,28,-1,28,27,29,-1,28,29,30,-1,30,29,31,-1,30,31,32,-1,32,31,33,-1,32,33,34,-1,34,33,35,-1,34,35,36,-1,36,35,37,-1,36,37,38,-1,38,37,39,-1,38,39,40,-1,40,39,41,-1,40,41,42,-1,42,41,43,-1,42,43,44,-1,44,43,45,-1,44,45,46,-1,46,45,47,-1,46,47,48,-1,48,47,49,-1,48,49,50,-1,50,49,51,-1,50,51,52,-1,52,51,53,-1,52,53,54,-1,54,53,55,-1,54,55,56,-1,56,55,57,-1,56,57,58,-1,58,57,59,-1,58,59,60,-1,60,59,61,-1,60,61,62,-1,62,61,63,-1,62,63,64,-1,64,63,65,-1,64,65,66,-1,66,65,67,-1,66,67,0,-1,0,67,1,-1,
        ]
    }
}
Shape{
    appearance Appearance {
        material  Material 	{
            diffuseColor 0.7372549019607844 0.7764705882352941 0.8
            specularColor 0.7372549019607844 0.7764705882352941 0.8
            ambientIntensity 0.7674
            transparency 0.0
            shininess 0.5
        }
    }
    geometry IndexedFaceSet {
        ccw TRUE
        solid FALSE
        coord DEF co Coordinate {
            point [
                0.4193 0.12 3.0512, 0.4164 0.1193 3.0512, 0.4193 -0.1319 3.0512, 0.3788 0.1087 3.0512, 0.1776 -0.067 3.0512, 0.162 -0.1029 3.0512, 0.3996 -0.1516 3.0512, 0.1504 -0.1402 3.0512, 0.1477 -0.1516 3.0512, 0.3426 0.0939 3.0512, 0.3082 0.0753 3.0512, 0.2761 0.053 3.0512, 0.2466 0.0272 3.0512, 0.2202 -0.0016 3.0512, 0.1971 -0.0331 3.0512, 0.2995 -0.3012 2.815, 0.3996 -0.3012 2.6772, 0.2995 -0.1516 2.815, 0.3996 -0.1516 2.6772, 0.6887 -0.1516 2.815, 0.5886 -0.1516 2.6772, 0.6887 -0.3012 2.815, 0.5886 -0.3012 2.6772, 0.5689 -0.5727 3.0512, 0.5717 -0.5721 3.0512, 0.5689 -0.3209 3.0512, 0.6093 -0.5614 3.0512, 0.8105 -0.3857 3.0512, 0.8262 -0.3499 3.0512, 0.5886 -0.3012 3.0512, 0.8378 -0.3125 3.0512, 0.8404 -0.3012 3.0512, 0.6455 -0.5467 3.0512, 0.6799 -0.5281 3.0512, 0.712 -0.5057 3.0512, 0.7415 -0.48 3.0512, 0.7679 -0.4512 3.0512, 0.7911 -0.4196 3.0512, 0.5717 0.1193 3.0512, 0.5689 0.12 3.0512, 0.5689 -0.1319 3.0512, 0.5886 -0.1516 3.0512, 0.8404 -0.1516 3.0512, 0.8378 -0.1402 3.0512, 0.8262 -0.1029 3.0512, 0.8105 -0.067 3.0512, 0.7911 -0.0331 3.0512, 0.7679 -0.0016 3.0512, 0.7415 0.0272 3.0512, 0.712 0.053 3.0512, 0.6799 0.0753 3.0512, 0.6455 0.0939 3.0512, 0.6093 0.1087 3.0512, 0.1477 -0.3012 3.0512, 0.1504 -0.3125 3.0512, 0.3996 -0.3012 3.0512, 0.162 -0.3499 3.0512, 0.1776 -0.3857 3.0512, 0.2466 -0.48 3.0512, 0.4193 -0.3209 3.0512, 0.2202 -0.4512 3.0512, 0.1971 -0.4196 3.0512, 0.2761 -0.5057 3.0512, 0.3082 -0.5281 3.0512, 0.3426 -0.5467 3.0512, 0.3788 -0.5614 3.0512, 0.4164 -0.5721 3.0512, 0.4193 -0.5727 3.0512, -0.5807 -0.1319 3.0512, -0.6004 -0.1516 3.0512, -0.5807 -0.1319 2.6772, -0.6004 -0.1516 2.6772, -0.6004 -0.3012 3.0512, -0.5807 -0.3209 3.0512, -0.6004 -0.3012 2.6772, -0.5807 -0.3209 2.6772, -0.4114 -0.1516 3.0512, -0.4311 -0.1319 3.0512, -0.4114 -0.1516 2.6772, -0.4311 -0.1319 2.6772, -0.4311 -0.3209 3.0512, -0.4114 -0.3012 3.0512, -0.4311 -0.3209 2.6772, -0.4114 -0.3012 2.6772
            ]
        }
        coordIndex [
            0,1,2,-1,2,1,3,-1,4,5,6,-1,6,5,7,-1,6,7,8,-1,3,9,2,-1,2,9,10,-1,2,10,11,-1,11,12,2,-1,2,12,13,-1,2,13,6,-1,6,13,14,-1,6,14,4,-1,15,16,17,-1,17,16,18,-1,19,20,21,-1,21,20,22,-1,23,24,25,-1,25,24,26,-1,27,28,29,-1,29,28,30,-1,29,30,31,-1,26,32,25,-1,25,32,33,-1,25,33,34,-1,34,35,25,-1,25,35,36,-1,25,36,29,-1,29,36,37,-1,29,37,27,-1,38,39,40,-1,41,42,43,-1,43,44,41,-1,41,44,45,-1,41,45,46,-1,46,47,41,-1,41,47,48,-1,41,48,40,-1,40,48,49,-1,40,49,50,-1,50,51,40,-1,40,51,52,-1,40,52,38,-1,53,54,55,-1,55,54,56,-1,55,56,57,-1,58,59,60,-1,60,59,55,-1,60,55,61,-1,61,55,57,-1,58,62,59,-1,59,62,63,-1,59,63,64,-1,64,65,59,-1,59,65,66,-1,59,66,67,-1,68,69,70,-1,70,69,71,-1,72,73,74,-1,74,73,75,-1,76,77,78,-1,78,77,79,-1,80,81,82,-1,82,81,83,-1,
        ]
    }
}
Shape{
    appearance Appearance {
        material  Material 	{
            diffuseColor 0.6392156862745098 0.6666666666666666 0.6862745098039216
            specularColor 0.6392156862745098 0.6666666666666666 0.6862745098039216
            ambientIntensity 0.6607
            transparency 0.0
            shininess 0.5
        }
    }
    geometry IndexedFaceSet {
        ccw TRUE
        solid FALSE
        coord DEF co Coordinate {
            point [
                -0.5059 -0.5217 1.5354, -0.4661 -0.4392 1.2992, -0.4517 -0.5166 1.5354, -0.4277 -0.4283 1.2992, -0.3993 -0.5017 1.5354, -0.3919 -0.4105 1.2992, -0.3505 -0.4774 1.5354, -0.3601 -0.3864 1.2992, -0.307 -0.4446 1.5354, -0.3331 -0.3569 1.2992, -0.2703 -0.4043 1.5354, -0.3121 -0.3229 1.2992, -0.2416 -0.358 1.5354, -0.2977 -0.2856 1.2992, -0.2219 -0.3072 1.5354, -0.2903 -0.2464 1.2992, -0.2119 -0.2536 1.5354, -0.2903 -0.2064 1.2992, -0.2119 -0.1991 1.5354, -0.2977 -0.1671 1.2992, -0.2219 -0.1456 1.5354, -0.3121 -0.1299 1.2992, -0.2416 -0.0948 1.5354, -0.3331 -0.0959 1.2992, -0.2703 -0.0484 1.5354, -0.3601 -0.0664 1.2992, -0.307 -0.0082 1.5354, -0.3919 -0.0423 1.2992, -0.3505 0.0247 1.5354, -0.4277 -0.0245 1.2992, -0.3993 0.049 1.5354, -0.4661 -0.0135 1.2992, -0.4517 0.0639 1.5354, -0.5059 -0.0098 1.2992, -0.5059 0.0689 1.5354, -0.5457 -0.0135 1.2992, -0.5602 0.0639 1.5354, -0.5842 -0.0245 1.2992, -0.6126 0.049 1.5354, -0.6199 -0.0423 1.2992, -0.6614 0.0247 1.5354, -0.6518 -0.0664 1.2992, -0.7049 -0.0082 1.5354, -0.6787 -0.0959 1.2992, -0.7416 -0.0484 1.5354, -0.6998 -0.1299 1.2992, -0.7702 -0.0948 1.5354, -0.7142 -0.1671 1.2992, -0.7899 -0.1456 1.5354, -0.7215 -0.2064 1.2992, -0.7999 -0.1991 1.5354, -0.7215 -0.2464 1.2992, -0.7999 -0.2536 1.5354, -0.7142 -0.2856 1.2992, -0.7899 -0.3072 1.5354, -0.6998 -0.3229 1.2992, -0.7702 -0.358 1.5354, -0.6787 -0.3569 1.2992, -0.7416 -0.4043 1.5354, -0.6518 -0.3864 1.2992, -0.7049 -0.4446 1.5354, -0.6199 -0.4105 1.2992, -0.6614 -0.4774 1.5354, -0.5842 -0.4283 1.2992, -0.6126 -0.5017 1.5354, -0.5457 -0.4392 1.2992, -0.5602 -0.5166 1.5354, -0.5059 -0.4429 1.2992
            ]
        }
        coordIndex [
            0,1,2,-1,2,1,3,-1,2,3,4,-1,4,3,5,-1,4,5,6,-1,6,5,7,-1,6,7,8,-1,8,7,9,-1,8,9,10,-1,10,9,11,-1,10,11,12,-1,12,11,13,-1,12,13,14,-1,14,13,15,-1,14,15,16,-1,16,15,17,-1,16,17,18,-1,18,17,19,-1,18,19,20,-1,20,19,21,-1,20,21,22,-1,22,21,23,-1,22,23,24,-1,24,23,25,-1,24,25,26,-1,26,25,27,-1,26,27,28,-1,28,27,29,-1,28,29,30,-1,30,29,31,-1,30,31,32,-1,32,31,33,-1,32,33,34,-1,34,33,35,-1,34,35,36,-1,36,35,37,-1,36,37,38,-1,38,37,39,-1,38,39,40,-1,40,39,41,-1,40,41,42,-1,42,41,43,-1,42,43,44,-1,44,43,45,-1,44,45,46,-1,46,45,47,-1,46,47,48,-1,48,47,49,-1,48,49,50,-1,50,49,51,-1,50,51,52,-1,52,51,53,-1,52,53,54,-1,54,53,55,-1,54,55,56,-1,56,55,57,-1,56,57,58,-1,58,57,59,-1,58,59,60,-1,60,59,61,-1,60,61,62,-1,62,61,63,-1,62,63,64,-1,64,63,65,-1,64,65,66,-1,66,65,67,-1,66,67,0,-1,0,67,1,-1,
        ]
    }
}
Shape{
    appearance Appearance {
        material  Material 	{
            diffuseColor 0.7372549019607844 0.7764705882352941 0.8
            specularColor 0.7372549019607844 0.7764705882352941 0.8
            ambientIntensity 0.7674
            transparency 0.0
            shininess 0.5
        }
    }
    geometry IndexedFaceSet {
        ccw TRUE
        solid FALSE
        coord DEF co Coordinate {
            point [
                -0.1478 -0.3012 3.05, -0.1495 -0.3012 3.0502, -0.1526 -0.3149 3.0503, -0.4311 -0.5818 3.0505, -0.4311 -0.5828 3.0503, -0.4261 -0.5818 3.0503, -0.5807 -0.5907 3.0485, -0.5888 -0.5953 3.0462, -0.5465 -0.5915 3.0496, -0.5476 -0.6022 3.0462, -0.5277 -0.5919 3.0503, -0.5059 -0.6045 3.0462, -0.4643 -0.6022 3.0462, -0.4746 -0.5918 3.0501, -0.5059 -0.5919 3.0502, -0.4231 -0.5953 3.0462, -0.4311 -0.5907 3.0485, -0.4654 -0.5916 3.0498, -0.4283 -0.5721 3.0512, -0.4311 -0.5727 3.0512, -0.3875 -0.5708 3.0503, -0.3907 -0.5614 3.0512, -0.3502 -0.5556 3.0503, -0.3545 -0.5467 3.0512, -0.3149 -0.5365 3.0503, -0.3201 -0.5281 3.0512, -0.2819 -0.5135 3.0503, -0.288 -0.5057 3.0512, -0.2516 -0.4871 3.0503, -0.2585 -0.48 3.0512, -0.2244 -0.4575 3.0503, -0.2321 -0.4512 3.0512, -0.2007 -0.425 3.0503, -0.2089 -0.4196 3.0512, -0.1806 -0.3902 3.0503, -0.1895 -0.3857 3.0512, -0.1645 -0.3533 3.0503, -0.1738 -0.3499 3.0512, -0.1622 -0.3125 3.0512, -0.1596 -0.3012 3.0512, -0.1264 -0.3012 3.0407, -0.1355 -0.3012 3.0458, -0.1391 -0.3183 3.0462, -0.1367 -0.3012 3.0465, -0.1167 -0.3012 3.0325, -0.1232 -0.3012 3.038, -0.127 -0.3214 3.0387, -0.1085 -0.3012 3.0227, -0.1128 -0.3012 3.0278, -0.117 -0.3239 3.0284, -0.1031 -0.3012 3.0122, -0.1049 -0.3012 3.0157, -0.1098 -0.3257 3.0159, -0.1001 -0.3012 3.0014, -0.1003 -0.3012 3.002, -0.1058 -0.3267 3.002, -0.0994 -0.3012 2.9921, -0.1049 -0.3269 2.9921, -0.1133 -0.3539 2.9921, -0.1193 -0.3702 3.002, -0.1185 -0.3705 2.9921, -0.1375 -0.4119 3.002, -0.1367 -0.4123 2.9921, -0.1377 -0.414 2.9921, -0.1601 -0.4514 3.002, -0.1594 -0.4519 2.9921, -0.2633 -0.5604 2.9921, -0.2516 -0.5523 2.9921, -0.2521 -0.5516 3.002, -0.2173 -0.5223 2.9921, -0.2178 -0.5217 3.002, -0.2138 -0.5185 2.9921, -0.1871 -0.4881 3.002, -0.1864 -0.4887 2.9921, -0.172 -0.469 2.9921, -0.2891 -0.5783 2.9921, -0.2895 -0.5776 3.002, -0.3185 -0.5943 2.9921, -0.3296 -0.5993 3.002, -0.3292 -0.6001 2.9921, -0.3717 -0.6165 3.002, -0.3715 -0.6173 2.9921, -0.5705 -0.6341 2.9921, -0.5515 -0.6373 2.9921, -0.5514 -0.6364 3.002, -0.5059 -0.6398 2.9921, -0.5059 -0.6389 3.002, -0.4604 -0.6373 2.9921, -0.4605 -0.6364 3.002, -0.4414 -0.6341 2.9921, -0.4156 -0.6289 3.002, -0.4154 -0.6297 2.9921, -0.3783 -0.6192 2.9921, -0.5965 -0.6297 2.9921, -0.5963 -0.6289 3.002, -0.6336 -0.6192 2.9921, -0.6401 -0.6165 3.002, -0.6404 -0.6173 2.9921, -0.6823 -0.5993 3.002, -0.6827 -0.6001 2.9921, -0.794 -0.5217 3.002, -0.7602 -0.5523 2.9921, -0.7597 -0.5516 3.002, -0.7486 -0.5604 2.9921, -0.7223 -0.5776 3.002, -0.7228 -0.5783 2.9921, -0.6934 -0.5943 2.9921, -0.8248 -0.4881 3.002, -0.7981 -0.5185 2.9921, -0.7946 -0.5223 2.9921, -0.8517 -0.4514 3.002, -0.8399 -0.469 2.9921, -0.8255 -0.4887 2.9921, -0.8926 -0.3702 3.002, -0.8752 -0.4123 2.9921, -0.8744 -0.4119 3.002, -0.8742 -0.414 2.9921, -0.8524 -0.4519 2.9921, -0.9069 -0.3269 2.9921, -0.8985 -0.3539 2.9921, -0.8934 -0.3705 2.9921, -0.9061 -0.3267 3.002, -0.9115 -0.3012 3.002, -0.9125 -0.3012 2.9921, -0.907 -0.3012 3.0157, -0.9079 -0.3012 3.0142, -0.902 -0.3257 3.0159, -0.9113 -0.3012 3.0036, -0.8948 -0.3239 3.0284, -0.8991 -0.3012 3.0278, -0.9022 -0.3012 3.0242, -0.8848 -0.3214 3.0387, -0.8887 -0.3012 3.038, -0.894 -0.3012 3.0336, -0.8727 -0.3183 3.0462, -0.8764 -0.3012 3.0457, -0.8842 -0.3012 3.0416, -0.8624 -0.3012 3.0504, -0.8624 -0.3012 3.0503, -0.8592 -0.3149 3.0503, -0.8735 -0.3012 3.0472, -0.8496 -0.3125 3.0512, -0.8523 -0.3012 3.0512, -0.5807 -0.5828 3.0503, -0.5857 -0.5818 3.0503, -0.5807 -0.5818 3.0505, -0.8473 -0.3533 3.0503, -0.838 -0.3499 3.0512, -0.8312 -0.3902 3.0503, -0.8224 -0.3857 3.0512, -0.8112 -0.425 3.0503, -0.8029 -0.4196 3.0512, -0.7875 -0.4575 3.0503, -0.7798 -0.4512 3.0512, -0.7603 -0.4871 3.0503, -0.7534 -0.48 3.0512, -0.73 -0.5135 3.0503, -0.7239 -0.5057 3.0512, -0.697 -0.5365 3.0503, -0.6918 -0.5281 3.0512, -0.6616 -0.5556 3.0503, -0.6574 -0.5467 3.0512, -0.6244 -0.5708 3.0503, -0.6212 -0.5614 3.0512, -0.5836 -0.5721 3.0512, -0.5807 -0.5727 3.0512, -0.1232 -0.3687 3.0159, -0.1412 -0.41 3.0159, -0.1637 -0.4491 3.0159, -0.1903 -0.4855 3.0159, -0.2208 -0.5187 3.0159, -0.2547 -0.5483 3.0159, -0.2917 -0.5741 3.0159, -0.3313 -0.5956 3.0159, -0.3731 -0.6125 3.0159, -0.4165 -0.6248 3.0159, -0.4609 -0.6323 3.0159, -0.5059 -0.6348 3.0159, -0.5509 -0.6323 3.0159, -0.5954 -0.6248 3.0159, -0.6388 -0.6125 3.0159, -0.6805 -0.5956 3.0159, -0.7201 -0.5741 3.0159, -0.7571 -0.5483 3.0159, -0.7911 -0.5187 3.0159, -0.8216 -0.4855 3.0159, -0.8482 -0.4491 3.0159, -0.8707 -0.41 3.0159, -0.8887 -0.3687 3.0159, -0.1302 -0.3661 3.0284, -0.1479 -0.4067 3.0284, -0.1699 -0.4451 3.0284, -0.196 -0.4808 3.0284, -0.226 -0.5134 3.0284, -0.2593 -0.5425 3.0284, -0.2956 -0.5677 3.0284, -0.3345 -0.5888 3.0284, -0.3755 -0.6055 3.0284, -0.4181 -0.6176 3.0284, -0.4617 -0.6249 3.0284, -0.5059 -0.6273 3.0284, -0.5501 -0.6249 3.0284, -0.5938 -0.6176 3.0284, -0.6363 -0.6055 3.0284, -0.6773 -0.5888 3.0284, -0.7162 -0.5677 3.0284, -0.7526 -0.5425 3.0284, -0.7859 -0.5134 3.0284, -0.8158 -0.4808 3.0284, -0.842 -0.4451 3.0284, -0.864 -0.4067 3.0284, -0.8817 -0.3661 3.0284, -0.1398 -0.3625 3.0387, -0.157 -0.4021 3.0387, -0.1785 -0.4394 3.0387, -0.204 -0.4742 3.0387, -0.2331 -0.506 3.0387, -0.2656 -0.5344 3.0387, -0.301 -0.559 3.0387, -0.3389 -0.5795 3.0387, -0.3789 -0.5958 3.0387, -0.4204 -0.6075 3.0387, -0.4629 -0.6146 3.0387, -0.5059 -0.617 3.0387, -0.549 -0.6146 3.0387, -0.5915 -0.6075 3.0387, -0.633 -0.5958 3.0387, -0.6729 -0.5795 3.0387, -0.7108 -0.559 3.0387, -0.7462 -0.5344 3.0387, -0.7787 -0.506 3.0387, -0.8079 -0.4742 3.0387, -0.8333 -0.4394 3.0387, -0.8548 -0.4021 3.0387, -0.8721 -0.3625 3.0387, -0.1515 -0.3582 3.0462, -0.1682 -0.3964 3.0462, -0.189 -0.4326 3.0462, -0.2136 -0.4663 3.0462, -0.2419 -0.4971 3.0462, -0.2733 -0.5245 3.0462, -0.3076 -0.5483 3.0462, -0.3443 -0.5682 3.0462, -0.3829 -0.584 3.0462, -0.6289 -0.584 3.0462, -0.6676 -0.5682 3.0462, -0.7043 -0.5483 3.0462, -0.7386 -0.5245 3.0462, -0.77 -0.4971 3.0462, -0.7982 -0.4663 3.0462, -0.8229 -0.4326 3.0462, -0.8437 -0.3964 3.0462, -0.8604 -0.3582 3.0462, -0.4414 0.1813 2.7362, -0.4139 0.1766 2.7362, -0.4144 0.1747 2.7209, -0.3185 0.1416 2.7362, -0.286 0.1236 2.7362, -0.2871 0.1219 2.7209, -0.172 0.0162 2.7362, -0.1559 -0.0064 2.7362, -0.1576 -0.0075 2.7209, -0.1132 -0.0988 2.7362, -0.1029 -0.1344 2.7362, -0.1049 -0.1348 2.7209, -0.0982 -0.2909 2.7362, -0.1029 -0.3184 2.7362, -0.1049 -0.3179 2.7209, -0.138 -0.4139 2.7362, -0.1559 -0.4463 2.7362, -0.1576 -0.4452 2.7209, -0.2633 -0.5603 2.7362, -0.286 -0.5764 2.7362, -0.2871 -0.5747 2.7209, -0.3783 -0.6191 2.7362, -0.4139 -0.6294 2.7362, -0.4144 -0.6274 2.7209, -0.5705 -0.6341 2.7362, -0.5979 -0.6294 2.7362, -0.5975 -0.6274 2.7209, -0.6934 -0.5943 2.7362, -0.7259 -0.5764 2.7362, -0.7248 -0.5747 2.7209, -0.8399 -0.469 2.7362, -0.856 -0.4463 2.7362, -0.8542 -0.4452 2.7209, -0.8987 -0.354 2.7362, -0.909 -0.3184 2.7362, -0.907 -0.3179 2.7209, -0.9136 -0.1618 2.7362, -0.909 -0.1344 2.7362, -0.907 -0.1348 2.7209, -0.8739 -0.0389 2.7362, -0.856 -0.0064 2.7362, -0.8542 -0.0075 2.7209, -0.7486 0.1075 2.7362, -0.7259 0.1236 2.7362, -0.7248 0.1219 2.7209, -0.6336 0.1664 2.7362, -0.5979 0.1766 2.7362, -0.5975 0.1747 2.7209, -0.5456 0.1257 2.6772, -0.5848 0.1191 2.6772, -0.5473 0.1409 2.6792, -0.5882 0.134 2.6792, -0.5489 0.1551 2.6851, -0.5913 0.1479 2.6851, -0.5503 0.1672 2.6945, -0.5941 0.1598 2.6945, -0.5513 0.1765 2.7067, -0.5962 0.1689 2.7067, -0.552 0.1824 2.7209, -0.6597 0.0929 2.6772, -0.6944 0.0736 2.6772, -0.6663 0.1066 2.6792, -0.7026 0.0866 2.6792, -0.6725 0.1195 2.6851, -0.7102 0.0986 2.6851, -0.6778 0.1305 2.6945, -0.7167 0.109 2.6945, -0.6819 0.1389 2.7067, -0.7217 0.1169 2.7067, -0.6844 0.1443 2.7209, -0.783 -0.0055 2.6772, -0.806 -0.0379 2.6772, -0.7949 0.0041 2.6792, -0.8189 -0.0297 2.6792, -0.806 0.0129 2.6851, -0.831 -0.0222 2.6851, -0.8156 0.0206 2.6945, -0.8413 -0.0157 2.6945, -0.8229 0.0264 2.7067, -0.8493 -0.0107 2.7067, -0.8276 0.0301 2.7209, -0.8404 -0.1094 2.6772, -0.8514 -0.1475 2.6772, -0.8548 -0.1043 2.6792, -0.8663 -0.1441 2.6792, -0.8682 -0.0996 2.6851, -0.8802 -0.141 2.6851, -0.8798 -0.0956 2.6945, -0.8921 -0.1382 2.6945, -0.8886 -0.0925 2.7067, -0.9012 -0.1362 2.7067, -0.8942 -0.0905 2.7209, -0.858 -0.2661 2.6772, -0.8514 -0.3052 2.6772, -0.8732 -0.2678 2.6792, -0.8663 -0.3086 2.6792, -0.8874 -0.2694 2.6851, -0.8802 -0.3118 2.6851, -0.8995 -0.2707 2.6945, -0.8921 -0.3145 2.6945, -0.9089 -0.2718 2.7067, -0.9012 -0.3166 2.7067, -0.9147 -0.2724 2.7209, -0.8252 -0.3801 2.6772, -0.806 -0.4149 2.6772, -0.8389 -0.3868 2.6792, -0.8189 -0.423 2.6792, -0.8518 -0.3929 2.6851, -0.831 -0.4306 2.6851, -0.8628 -0.3982 2.6945, -0.8413 -0.4371 2.6945, -0.8712 -0.4023 2.7067, -0.8493 -0.4421 2.7067, -0.8766 -0.4049 2.7209, -0.7269 -0.5034 2.6772, -0.6944 -0.5264 2.6772, -0.7364 -0.5154 2.6792, -0.7026 -0.5393 2.6792, -0.7453 -0.5265 2.6851, -0.7102 -0.5514 2.6851, -0.7529 -0.5361 2.6945, -0.7167 -0.5618 2.6945, -0.7587 -0.5434 2.7067, -0.7217 -0.5697 2.7067, -0.7624 -0.548 2.7209, -0.623 -0.5608 2.6772, -0.5848 -0.5718 2.6772, -0.628 -0.5753 2.6792, -0.5882 -0.5867 2.6792, -0.6327 -0.5887 2.6851, -0.5913 -0.6006 2.6851, -0.6367 -0.6002 2.6945, -0.5941 -0.6125 2.6945, -0.6398 -0.6091 2.7067, -0.5962 -0.6217 2.7067, -0.6418 -0.6147 2.7209, -0.4663 -0.5785 2.6772, -0.4271 -0.5718 2.6772, -0.4645 -0.5937 2.6792, -0.4237 -0.5867 2.6792, -0.463 -0.6078 2.6851, -0.4205 -0.6006 2.6851, -0.4616 -0.62 2.6945, -0.4178 -0.6125 2.6945, -0.4605 -0.6293 2.7067, -0.4157 -0.6217 2.7067, -0.4599 -0.6352 2.7209, -0.3522 -0.5456 2.6772, -0.3174 -0.5264 2.6772, -0.3456 -0.5594 2.6792, -0.3093 -0.5393 2.6792, -0.3394 -0.5722 2.6851, -0.3017 -0.5514 2.6851, -0.3341 -0.5832 2.6945, -0.2952 -0.5618 2.6945, -0.33 -0.5917 2.7067, -0.2902 -0.5697 2.7067, -0.3274 -0.597 2.7209, -0.2289 -0.4473 2.6772, -0.2059 -0.4149 2.6772, -0.217 -0.4568 2.6792, -0.193 -0.423 2.6792, -0.2058 -0.4657 2.6851, -0.1809 -0.4306 2.6851, -0.1963 -0.4733 2.6945, -0.1706 -0.4371 2.6945, -0.1889 -0.4792 2.7067, -0.1626 -0.4421 2.7067, -0.1843 -0.4829 2.7209, -0.1715 -0.3434 2.6772, -0.1605 -0.3052 2.6772, -0.1571 -0.3485 2.6792, -0.1456 -0.3086 2.6792, -0.1436 -0.3532 2.6851, -0.1317 -0.3118 2.6851, -0.1321 -0.3572 2.6945, -0.1198 -0.3145 2.6945, -0.1232 -0.3603 2.7067, -0.1106 -0.3166 2.7067, -0.1176 -0.3623 2.7209, -0.1538 -0.1867 2.6772, -0.1605 -0.1475 2.6772, -0.1386 -0.185 2.6792, -0.1456 -0.1441 2.6792, -0.1245 -0.1834 2.6851, -0.1317 -0.141 2.6851, -0.1123 -0.182 2.6945, -0.1198 -0.1382 2.6945, -0.103 -0.181 2.7067, -0.1106 -0.1362 2.7067, -0.0971 -0.1803 2.7209, -0.1867 -0.0726 2.6772, -0.2059 -0.0379 2.6772, -0.1729 -0.066 2.6792, -0.193 -0.0297 2.6792, -0.1601 -0.0598 2.6851, -0.1809 -0.0222 2.6851, -0.1491 -0.0545 2.6945, -0.1706 -0.0157 2.6945, -0.1406 -0.0505 2.7067, -0.1626 -0.0107 2.7067, -0.1353 -0.0479 2.7209, -0.285 0.0506 2.6772, -0.3174 0.0736 2.6772, -0.2755 0.0626 2.6792, -0.3093 0.0866 2.6792, -0.2666 0.0737 2.6851, -0.3017 0.0986 2.6851, -0.259 0.0833 2.6945, -0.2952 0.109 2.6945, -0.2531 0.0906 2.7067, -0.2902 0.1169 2.7067, -0.2494 0.0952 2.7209, -0.3889 0.1081 2.6772, -0.4271 0.1191 2.6772, -0.3839 0.1225 2.6792, -0.4237 0.134 2.6792, -0.3791 0.1359 2.6851, -0.4205 0.1479 2.6851, -0.3751 0.1475 2.6945, -0.4178 0.1598 2.6945, -0.372 0.1563 2.7067, -0.4157 0.1689 2.7067, -0.3701 0.1619 2.7209, -0.5059 0.1279 2.6772, -0.5059 0.1432 2.6792, -0.5059 0.1575 2.6851, -0.5059 0.1697 2.6945, -0.5059 0.1791 2.7067, -0.5059 0.185 2.7209, -0.5059 0.187 2.7362, -0.5522 0.1844 2.7362, -0.5705 0.1813 2.7362, -0.6425 0.1638 2.7362, -0.6418 0.1619 2.7209, -0.6398 0.1563 2.7067, -0.6367 0.1475 2.6945, -0.6327 0.1359 2.6851, -0.628 0.1225 2.6792, -0.623 0.1081 2.6772, -0.6853 0.1461 2.7362, -0.6934 0.1416 2.7362, -0.7637 0.0968 2.7362, -0.7624 0.0952 2.7209, -0.7587 0.0906 2.7067, -0.7529 0.0833 2.6945, -0.7453 0.0737 2.6851, -0.7364 0.0626 2.6792, -0.7269 0.0506 2.6772, -0.7565 0.0242 2.6772, -0.7673 0.035 2.6792, -0.7774 0.045 2.6851, -0.786 0.0537 2.6945, -0.7926 0.0603 2.7067, -0.7968 0.0645 2.7209, -0.7982 0.0659 2.7362, -0.8291 0.0314 2.7362, -0.8399 0.0162 2.7362, -0.8784 -0.047 2.7362, -0.8766 -0.0479 2.7209, -0.8712 -0.0505 2.7067, -0.8628 -0.0545 2.6945, -0.8518 -0.0598 2.6851, -0.8389 -0.066 2.6792, -0.8252 -0.0726 2.6772, -0.8961 -0.0898 2.7362, -0.8987 -0.0988 2.7362, -0.9167 -0.1801 2.7362, -0.9147 -0.1803 2.7209, -0.9089 -0.181 2.7067, -0.8995 -0.182 2.6945, -0.8874 -0.1834 2.6851, -0.8732 -0.185 2.6792, -0.858 -0.1867 2.6772, -0.8603 -0.2264 2.6772, -0.8755 -0.2264 2.6792, -0.8898 -0.2264 2.6851, -0.902 -0.2264 2.6945, -0.9114 -0.2264 2.7067, -0.9173 -0.2264 2.7209, -0.9193 -0.2264 2.7362, -0.9167 -0.2727 2.7362, -0.9136 -0.2909 2.7362, -0.8961 -0.3629 2.7362, -0.8942 -0.3623 2.7209, -0.8886 -0.3603 2.7067, -0.8798 -0.3572 2.6945, -0.8682 -0.3532 2.6851, -0.8548 -0.3485 2.6792, -0.8404 -0.3434 2.6772, -0.8784 -0.4057 2.7362, -0.8739 -0.4139 2.7362, -0.8291 -0.4841 2.7362, -0.8276 -0.4829 2.7209, -0.8229 -0.4792 2.7067, -0.8156 -0.4733 2.6945, -0.806 -0.4657 2.6851, -0.7949 -0.4568 2.6792, -0.783 -0.4473 2.6772, -0.7565 -0.4769 2.6772, -0.7673 -0.4877 2.6792, -0.7774 -0.4978 2.6851, -0.786 -0.5065 2.6945, -0.7926 -0.5131 2.7067, -0.7968 -0.5173 2.7209, -0.7982 -0.5187 2.7362, -0.7637 -0.5496 2.7362, -0.7486 -0.5603 2.7362, -0.6853 -0.5988 2.7362, -0.6844 -0.597 2.7209, -0.6819 -0.5917 2.7067, -0.6778 -0.5832 2.6945, -0.6725 -0.5722 2.6851, -0.6663 -0.5594 2.6792, -0.6597 -0.5456 2.6772, -0.6425 -0.6166 2.7362, -0.6336 -0.6191 2.7362, -0.5522 -0.6372 2.7362, -0.552 -0.6352 2.7209, -0.5513 -0.6293 2.7067, -0.5503 -0.62 2.6945, -0.5489 -0.6078 2.6851, -0.5473 -0.5937 2.6792, -0.5456 -0.5785 2.6772, -0.5059 -0.5807 2.6772, -0.5059 -0.596 2.6792, -0.5059 -0.6102 2.6851, -0.5059 -0.6225 2.6945, -0.5059 -0.6319 2.7067, -0.5059 -0.6378 2.7209, -0.5059 -0.6398 2.7362, -0.4596 -0.6372 2.7362, -0.4414 -0.6341 2.7362, -0.3694 -0.6166 2.7362, -0.3701 -0.6147 2.7209, -0.372 -0.6091 2.7067, -0.3751 -0.6002 2.6945, -0.3791 -0.5887 2.6851, -0.3839 -0.5753 2.6792, -0.3889 -0.5608 2.6772, -0.3266 -0.5988 2.7362, -0.3185 -0.5943 2.7362, -0.2482 -0.5496 2.7362, -0.2494 -0.548 2.7209, -0.2531 -0.5434 2.7067, -0.259 -0.5361 2.6945, -0.2666 -0.5265 2.6851, -0.2755 -0.5154 2.6792, -0.285 -0.5034 2.6772, -0.2554 -0.4769 2.6772, -0.2446 -0.4877 2.6792, -0.2345 -0.4978 2.6851, -0.2259 -0.5065 2.6945, -0.2192 -0.5131 2.7067, -0.215 -0.5173 2.7209, -0.2136 -0.5187 2.7362, -0.1827 -0.4841 2.7362, -0.172 -0.469 2.7362, -0.1335 -0.4057 2.7362, -0.1353 -0.4049 2.7209, -0.1406 -0.4023 2.7067, -0.1491 -0.3982 2.6945, -0.1601 -0.3929 2.6851, -0.1729 -0.3868 2.6792, -0.1867 -0.3801 2.6772, -0.1157 -0.3629 2.7362, -0.1132 -0.354 2.7362, -0.0951 -0.2727 2.7362, -0.0971 -0.2724 2.7209, -0.103 -0.2718 2.7067, -0.1123 -0.2707 2.6945, -0.1245 -0.2694 2.6851, -0.1386 -0.2678 2.6792, -0.1538 -0.2661 2.6772, -0.1516 -0.2264 2.6772, -0.1363 -0.2264 2.6792, -0.1221 -0.2264 2.6851, -0.1098 -0.2264 2.6945, -0.1005 -0.2264 2.7067, -0.0946 -0.2264 2.7209, -0.0925 -0.2264 2.7362, -0.0951 -0.1801 2.7362, -0.0982 -0.1618 2.7362, -0.1157 -0.0898 2.7362, -0.1176 -0.0905 2.7209, -0.1232 -0.0925 2.7067, -0.1321 -0.0956 2.6945, -0.1436 -0.0996 2.6851, -0.1571 -0.1043 2.6792, -0.1715 -0.1094 2.6772, -0.1335 -0.047 2.7362, -0.138 -0.0389 2.7362, -0.1827 0.0314 2.7362, -0.1843 0.0301 2.7209, -0.1889 0.0264 2.7067, -0.1963 0.0206 2.6945, -0.2058 0.0129 2.6851, -0.217 0.0041 2.6792, -0.2289 -0.0055 2.6772, -0.2554 0.0242 2.6772, -0.2446 0.035 2.6792, -0.2345 0.045 2.6851, -0.2259 0.0537 2.6945, -0.2192 0.0603 2.7067, -0.215 0.0645 2.7209, -0.2136 0.0659 2.7362, -0.2482 0.0968 2.7362, -0.2633 0.1075 2.7362, -0.3266 0.1461 2.7362, -0.3274 0.1443 2.7209, -0.33 0.1389 2.7067, -0.3341 0.1305 2.6945, -0.3394 0.1195 2.6851, -0.3456 0.1066 2.6792, -0.3522 0.0929 2.6772, -0.3694 0.1638 2.7362, -0.3783 0.1664 2.7362, -0.4596 0.1844 2.7362, -0.4599 0.1824 2.7209, -0.4605 0.1765 2.7067, -0.4616 0.1672 2.6945, -0.463 0.1551 2.6851, -0.4645 0.1409 2.6792, -0.4663 0.1257 2.6772, -0.8641 -0.1516 3.05, -0.8624 -0.1516 3.0502, -0.8592 -0.1378 3.0503, -0.5807 0.129 3.0505, -0.5807 0.1301 3.0503, -0.5857 0.129 3.0503, -0.4311 0.1379 3.0485, -0.4231 0.1426 3.0462, -0.4654 0.1387 3.0496, -0.4643 0.1495 3.0462, -0.4842 0.1392 3.0503, -0.5059 0.1518 3.0462, -0.5476 0.1495 3.0462, -0.5372 0.1391 3.0501, -0.5059 0.1391 3.0502, -0.5888 0.1426 3.0462, -0.5807 0.1379 3.0485, -0.5465 0.1388 3.0498, -0.5836 0.1193 3.0512, -0.5807 0.12 3.0512, -0.6244 0.118 3.0503, -0.6212 0.1087 3.0512, -0.6616 0.1029 3.0503, -0.6574 0.0939 3.0512, -0.697 0.0837 3.0503, -0.6918 0.0753 3.0512, -0.73 0.0608 3.0503, -0.7239 0.053 3.0512, -0.7603 0.0343 3.0503, -0.7534 0.0272 3.0512, -0.7875 0.0047 3.0503, -0.7798 -0.0016 3.0512, -0.8112 -0.0277 3.0503, -0.8029 -0.0331 3.0512, -0.8312 -0.0626 3.0503, -0.8224 -0.067 3.0512, -0.8473 -0.0994 3.0503, -0.838 -0.1029 3.0512, -0.8496 -0.1402 3.0512, -0.8523 -0.1516 3.0512, -0.8855 -0.1516 3.0407, -0.8764 -0.1516 3.0458, -0.8727 -0.1344 3.0462, -0.8752 -0.1516 3.0465, -0.8952 -0.1516 3.0325, -0.8887 -0.1516 3.038, -0.8848 -0.1314 3.0387, -0.9033 -0.1516 3.0227, -0.899 -0.1516 3.0278, -0.8948 -0.1289 3.0284, -0.9088 -0.1516 3.0122, -0.9069 -0.1516 3.0157, -0.902 -0.1271 3.0159, -0.9118 -0.1516 3.0014, -0.9116 -0.1516 3.002, -0.9061 -0.1261 3.002, -0.9125 -0.1516 2.9921, -0.9069 -0.1259 2.9921, -0.8985 -0.0988 2.9921, -0.8926 -0.0826 3.002, -0.8934 -0.0823 2.9921, -0.8744 -0.0408 3.002, -0.8752 -0.0405 2.9921, -0.8742 -0.0388 2.9921, -0.8517 -0.0014 3.002, -0.8524 -0.0009 2.9921, -0.7486 0.1076 2.9921, -0.7602 0.0995 2.9921, -0.7597 0.0989 3.002, -0.7946 0.0695 2.9921, -0.794 0.0689 3.002, -0.7981 0.0658 2.9921, -0.8248 0.0354 3.002, -0.8255 0.0359 2.9921, -0.8399 0.0162 2.9921, -0.7228 0.1256 2.9921, -0.7223 0.1249 3.002, -0.6934 0.1415 2.9921, -0.6823 0.1466 3.002, -0.6827 0.1473 2.9921, -0.6401 0.1637 3.002, -0.6404 0.1645 2.9921, -0.4414 0.1813 2.9921, -0.4604 0.1845 2.9921, -0.4605 0.1837 3.002, -0.5059 0.187 2.9921, -0.5059 0.1862 3.002, -0.5515 0.1845 2.9921, -0.5514 0.1837 3.002, -0.5705 0.1813 2.9921, -0.5963 0.1761 3.002, -0.5965 0.177 2.9921, -0.6336 0.1665 2.9921, -0.4154 0.177 2.9921, -0.4156 0.1761 3.002, -0.3783 0.1665 2.9921, -0.3717 0.1637 3.002, -0.3715 0.1645 2.9921, -0.3296 0.1466 3.002, -0.3292 0.1473 2.9921, -0.2178 0.0689 3.002, -0.2516 0.0995 2.9921, -0.2521 0.0989 3.002, -0.2633 0.1076 2.9921, -0.2895 0.1249 3.002, -0.2891 0.1256 2.9921, -0.3185 0.1415 2.9921, -0.1871 0.0354 3.002, -0.2138 0.0658 2.9921, -0.2173 0.0695 2.9921, -0.1601 -0.0014 3.002, -0.172 0.0162 2.9921, -0.1864 0.0359 2.9921, -0.1193 -0.0826 3.002, -0.1367 -0.0405 2.9921, -0.1375 -0.0408 3.002, -0.1377 -0.0388 2.9921, -0.1594 -0.0009 2.9921, -0.1049 -0.1259 2.9921, -0.1133 -0.0988 2.9921, -0.1185 -0.0823 2.9921, -0.1058 -0.1261 3.002, -0.1004 -0.1516 3.002, -0.0994 -0.1516 2.9921, -0.1048 -0.1516 3.0157, -0.1039 -0.1516 3.0142, -0.1098 -0.1271 3.0159, -0.1005 -0.1516 3.0036, -0.117 -0.1289 3.0284, -0.1128 -0.1516 3.0278, -0.1097 -0.1516 3.0242, -0.127 -0.1314 3.0387, -0.1232 -0.1516 3.038, -0.1178 -0.1516 3.0336, -0.1391 -0.1344 3.0462, -0.1355 -0.1516 3.0457, -0.1277 -0.1516 3.0416, -0.1495 -0.1516 3.0504, -0.1495 -0.1516 3.0503, -0.1526 -0.1378 3.0503, -0.1383 -0.1516 3.0472, -0.1622 -0.1402 3.0512, -0.1596 -0.1516 3.0512, -0.4311 0.1301 3.0503, -0.4261 0.129 3.0503, -0.4311 0.129 3.0505, -0.1645 -0.0994 3.0503, -0.1738 -0.1029 3.0512, -0.1806 -0.0626 3.0503, -0.1895 -0.067 3.0512, -0.2007 -0.0277 3.0503, -0.2089 -0.0331 3.0512, -0.2244 0.0047 3.0503, -0.2321 -0.0016 3.0512, -0.2516 0.0343 3.0503, -0.2585 0.0272 3.0512, -0.2819 0.0608 3.0503, -0.288 0.053 3.0512, -0.3149 0.0837 3.0503, -0.3201 0.0753 3.0512, -0.3502 0.1029 3.0503, -0.3545 0.0939 3.0512, -0.3875 0.118 3.0503, -0.3907 0.1087 3.0512, -0.4283 0.1193 3.0512, -0.4311 0.12 3.0512, -0.8887 -0.084 3.0159, -0.8707 -0.0427 3.0159, -0.8482 -0.0036 3.0159, -0.8216 0.0327 3.0159, -0.7911 0.0659 3.0159, -0.7571 0.0956 3.0159, -0.7201 0.1213 3.0159, -0.6805 0.1428 3.0159, -0.6388 0.1598 3.0159, -0.5954 0.1721 3.0159, -0.5509 0.1795 3.0159, -0.5059 0.182 3.0159, -0.4609 0.1795 3.0159, -0.4165 0.1721 3.0159, -0.3731 0.1598 3.0159, -0.3313 0.1428 3.0159, -0.2917 0.1213 3.0159, -0.2547 0.0956 3.0159, -0.2208 0.0659 3.0159, -0.1903 0.0327 3.0159, -0.1637 -0.0036 3.0159, -0.1412 -0.0427 3.0159, -0.1232 -0.084 3.0159, -0.8817 -0.0866 3.0284, -0.864 -0.0461 3.0284, -0.842 -0.0077 3.0284, -0.8158 0.028 3.0284, -0.7859 0.0606 3.0284, -0.7526 0.0897 3.0284, -0.7162 0.115 3.0284, -0.6773 0.136 3.0284, -0.6363 0.1527 3.0284, -0.5938 0.1648 3.0284, -0.5501 0.1721 3.0284, -0.5059 0.1745 3.0284, -0.4617 0.1721 3.0284, -0.4181 0.1648 3.0284, -0.3755 0.1527 3.0284, -0.3345 0.136 3.0284, -0.2956 0.115 3.0284, -0.2593 0.0897 3.0284, -0.226 0.0606 3.0284, -0.196 0.028 3.0284, -0.1699 -0.0077 3.0284, -0.1479 -0.0461 3.0284, -0.1302 -0.0866 3.0284, -0.8721 -0.0902 3.0387, -0.8548 -0.0507 3.0387, -0.8333 -0.0133 3.0387, -0.8079 0.0215 3.0387, -0.7787 0.0532 3.0387, -0.7462 0.0816 3.0387, -0.7108 0.1062 3.0387, -0.6729 0.1268 3.0387, -0.633 0.143 3.0387, -0.5915 0.1548 3.0387, -0.549 0.1619 3.0387, -0.5059 0.1642 3.0387, -0.4629 0.1619 3.0387, -0.4204 0.1548 3.0387, -0.3789 0.143 3.0387, -0.3389 0.1268 3.0387, -0.301 0.1062 3.0387, -0.2656 0.0816 3.0387, -0.2331 0.0532 3.0387, -0.204 0.0215 3.0387, -0.1785 -0.0133 3.0387, -0.157 -0.0507 3.0387, -0.1398 -0.0902 3.0387, -0.8604 -0.0946 3.0462, -0.8437 -0.0563 3.0462, -0.8229 -0.0201 3.0462, -0.7982 0.0135 3.0462, -0.77 0.0443 3.0462, -0.7386 0.0717 3.0462, -0.7043 0.0956 3.0462, -0.6676 0.1155 3.0462, -0.6289 0.1312 3.0462, -0.3829 0.1312 3.0462, -0.3443 0.1155 3.0462, -0.3076 0.0956 3.0462, -0.2733 0.0717 3.0462, -0.2419 0.0443 3.0462, -0.2136 0.0135 3.0462, -0.189 -0.0201 3.0462, -0.1682 -0.0563 3.0462, -0.1515 -0.0946 3.0462, -0.0994 -0.3012 2.815, -0.0976 -0.2911 2.815, -0.3113 -0.3012 2.815, -0.0925 -0.2264 2.815, -0.3113 -0.1516 2.815, -0.0976 -0.1617 2.815, -0.0994 -0.1516 2.815, -0.9125 -0.1516 2.815, -0.9142 -0.1617 2.815, -0.7005 -0.1516 2.815, -0.9193 -0.2264 2.815, -0.7005 -0.3012 2.815, -0.9142 -0.2911 2.815, -0.9125 -0.3012 2.815, -0.5807 -0.3209 2.6772, -0.4311 -0.3209 2.6772, -0.6004 -0.3012 2.6772, -0.4114 -0.3012 2.6772, -0.6004 -0.1516 2.6772, -0.4114 -0.1516 2.6772, -0.5807 -0.1319 2.6772, -0.4311 -0.1319 2.6772, -0.6004 -0.3012 3.0512, -0.5807 -0.3209 3.0512, -0.5807 -0.5818 3.0505, -0.4311 -0.5818 3.0505, -0.4311 -0.3209 3.0512, -0.4114 -0.3012 3.0512, -0.4114 -0.1516 3.0512, -0.4311 -0.1319 3.0512, -0.4311 0.129 3.0505, -0.5807 0.129 3.0505, -0.5807 -0.1319 3.0512, -0.6004 -0.1516 3.0512, -0.7702 -0.0948 2.6772, -0.7416 -0.0484 2.6772, -0.7049 -0.0082 2.6772, -0.7999 -0.2536 2.6772, -0.7999 -0.1991 2.6772, -0.7899 -0.1456 2.6772, -0.7702 -0.358 2.6772, -0.7899 -0.3072 2.6772, -0.7416 -0.4043 2.6772, -0.6614 -0.4774 2.6772, -0.7049 -0.4446 2.6772, -0.6614 0.0247 2.6772, -0.6126 -0.5017 2.6772, -0.6126 0.049 2.6772, -0.5602 0.0639 2.6772, -0.3505 -0.4774 2.6772, -0.3993 -0.5017 2.6772, -0.4517 -0.5166 2.6772, -0.3505 0.0247 2.6772, -0.307 -0.0082 2.6772, -0.2703 -0.0484 2.6772, -0.5059 0.0689 2.6772, -0.4517 0.0639 2.6772, -0.3993 0.049 2.6772, -0.5059 -0.5217 2.6772, -0.5602 -0.5166 2.6772, -0.2416 -0.358 2.6772, -0.2703 -0.4043 2.6772, -0.307 -0.4446 2.6772, -0.2119 -0.1991 2.6772, -0.2119 -0.2536 2.6772, -0.2219 -0.3072 2.6772, -0.2416 -0.0948 2.6772, -0.2219 -0.1456 2.6772, -0.5059 -0.0098 1.2992, -0.4661 -0.0135 1.2992, -0.5059 -0.2264 1.2992, -0.6199 -0.0423 1.2992, -0.5842 -0.0245 1.2992, -0.5457 -0.0135 1.2992, -0.6998 -0.1299 1.2992, -0.6787 -0.0959 1.2992, -0.6518 -0.0664 1.2992, -0.7215 -0.2464 1.2992, -0.7215 -0.2064 1.2992, -0.7142 -0.1671 1.2992, -0.6787 -0.3569 1.2992, -0.6998 -0.3229 1.2992, -0.7142 -0.2856 1.2992, -0.5842 -0.4283 1.2992, -0.6199 -0.4105 1.2992, -0.6518 -0.3864 1.2992, -0.4661 -0.4392 1.2992, -0.5059 -0.4429 1.2992, -0.5457 -0.4392 1.2992, -0.3601 -0.3864 1.2992, -0.3919 -0.4105 1.2992, -0.4277 -0.4283 1.2992, -0.2977 -0.2856 1.2992, -0.3121 -0.3229 1.2992, -0.3331 -0.3569 1.2992, -0.2977 -0.1671 1.2992, -0.2903 -0.2064 1.2992, -0.2903 -0.2464 1.2992, -0.3601 -0.0664 1.2992, -0.3331 -0.0959 1.2992, -0.3121 -0.1299 1.2992, -0.4277 -0.0245 1.2992, -0.3919 -0.0423 1.2992
            ]
        }
        coordIndex [
            0,1,2,-1,3,4,5,-1,6,7,8,-1,8,7,9,-1,8,9,10,-1,10,9,11,-1,12,13,11,-1,11,13,14,-1,11,14,10,-1,15,16,12,-1,12,16,17,-1,12,17,13,-1,18,19,3,-1,3,5,18,-1,18,5,20,-1,18,20,21,-1,21,20,22,-1,21,22,23,-1,23,22,24,-1,23,24,25,-1,25,24,26,-1,25,26,27,-1,27,26,28,-1,27,28,29,-1,29,28,30,-1,29,30,31,-1,31,30,32,-1,31,32,33,-1,33,32,34,-1,33,34,35,-1,35,34,36,-1,35,36,37,-1,37,36,2,-1,37,2,38,-1,38,2,1,-1,38,1,39,-1,40,41,42,-1,42,41,43,-1,42,43,0,-1,44,45,46,-1,46,45,40,-1,47,48,49,-1,49,48,44,-1,50,51,52,-1,52,51,47,-1,53,54,55,-1,55,54,50,-1,56,53,57,-1,57,53,55,-1,57,55,58,-1,58,55,59,-1,58,59,60,-1,60,59,61,-1,60,61,62,-1,62,61,63,-1,63,61,64,-1,63,64,65,-1,66,67,68,-1,68,67,69,-1,68,69,70,-1,70,69,71,-1,70,71,72,-1,72,71,73,-1,72,73,64,-1,64,73,74,-1,64,74,65,-1,66,68,75,-1,75,68,76,-1,75,76,77,-1,77,76,78,-1,77,78,79,-1,79,78,80,-1,79,80,81,-1,82,83,84,-1,84,83,85,-1,84,85,86,-1,86,85,87,-1,86,87,88,-1,88,87,89,-1,88,89,90,-1,90,89,91,-1,90,91,80,-1,80,91,92,-1,80,92,81,-1,82,84,93,-1,93,84,94,-1,93,94,95,-1,95,94,96,-1,95,96,97,-1,97,96,98,-1,97,98,99,-1,100,101,102,-1,102,101,103,-1,102,103,104,-1,104,103,105,-1,104,105,98,-1,98,105,106,-1,98,106,99,-1,107,108,100,-1,100,108,109,-1,100,109,101,-1,110,111,107,-1,107,111,112,-1,107,112,108,-1,113,114,115,-1,115,114,116,-1,115,116,110,-1,110,116,117,-1,110,117,111,-1,118,119,113,-1,113,119,120,-1,113,120,114,-1,113,121,118,-1,118,121,122,-1,118,122,123,-1,124,125,126,-1,126,125,127,-1,128,129,130,-1,131,132,133,-1,134,135,136,-1,137,138,139,-1,139,138,140,-1,141,142,137,-1,6,143,144,-1,144,143,145,-1,137,139,141,-1,141,139,146,-1,141,146,147,-1,147,146,148,-1,147,148,149,-1,149,148,150,-1,149,150,151,-1,151,150,152,-1,151,152,153,-1,153,152,154,-1,153,154,155,-1,155,154,156,-1,155,156,157,-1,157,156,158,-1,157,158,159,-1,159,158,160,-1,159,160,161,-1,161,160,162,-1,161,162,163,-1,163,162,144,-1,163,144,164,-1,164,144,145,-1,164,145,165,-1,50,52,55,-1,55,52,166,-1,55,166,59,-1,59,166,167,-1,59,167,61,-1,61,167,168,-1,61,168,64,-1,64,168,169,-1,64,169,72,-1,72,169,170,-1,72,170,70,-1,70,170,171,-1,70,171,68,-1,68,171,172,-1,68,172,76,-1,76,172,173,-1,76,173,78,-1,78,173,174,-1,78,174,80,-1,80,174,175,-1,80,175,90,-1,90,175,176,-1,90,176,88,-1,88,176,177,-1,88,177,86,-1,86,177,178,-1,86,178,84,-1,84,178,179,-1,84,179,94,-1,94,179,180,-1,94,180,96,-1,96,180,181,-1,96,181,98,-1,98,181,182,-1,98,182,104,-1,104,182,183,-1,104,183,102,-1,102,183,184,-1,102,184,100,-1,100,184,185,-1,100,185,107,-1,107,185,186,-1,107,186,110,-1,110,186,187,-1,110,187,115,-1,115,187,188,-1,115,188,113,-1,113,188,126,-1,113,126,121,-1,121,126,127,-1,121,127,122,-1,47,49,52,-1,52,49,189,-1,52,189,166,-1,166,189,190,-1,166,190,167,-1,167,190,191,-1,167,191,168,-1,168,191,192,-1,168,192,169,-1,169,192,193,-1,169,193,170,-1,170,193,194,-1,170,194,171,-1,171,194,195,-1,171,195,172,-1,172,195,196,-1,172,196,173,-1,173,196,197,-1,173,197,174,-1,174,197,198,-1,174,198,175,-1,175,198,199,-1,175,199,176,-1,176,199,200,-1,176,200,177,-1,177,200,201,-1,177,201,178,-1,178,201,202,-1,178,202,179,-1,179,202,203,-1,179,203,180,-1,180,203,204,-1,180,204,181,-1,181,204,205,-1,181,205,182,-1,182,205,206,-1,182,206,183,-1,183,206,207,-1,183,207,184,-1,184,207,208,-1,184,208,185,-1,185,208,209,-1,185,209,186,-1,186,209,210,-1,186,210,187,-1,187,210,211,-1,187,211,188,-1,188,211,128,-1,188,128,126,-1,126,128,130,-1,126,130,124,-1,44,46,49,-1,49,46,212,-1,49,212,189,-1,189,212,213,-1,189,213,190,-1,190,213,214,-1,190,214,191,-1,191,214,215,-1,191,215,192,-1,192,215,216,-1,192,216,193,-1,193,216,217,-1,193,217,194,-1,194,217,218,-1,194,218,195,-1,195,218,219,-1,195,219,196,-1,196,219,220,-1,196,220,197,-1,197,220,221,-1,197,221,198,-1,198,221,222,-1,198,222,199,-1,199,222,223,-1,199,223,200,-1,200,223,224,-1,200,224,201,-1,201,224,225,-1,201,225,202,-1,202,225,226,-1,202,226,203,-1,203,226,227,-1,203,227,204,-1,204,227,228,-1,204,228,205,-1,205,228,229,-1,205,229,206,-1,206,229,230,-1,206,230,207,-1,207,230,231,-1,207,231,208,-1,208,231,232,-1,208,232,209,-1,209,232,233,-1,209,233,210,-1,210,233,234,-1,210,234,211,-1,211,234,131,-1,211,131,128,-1,128,131,133,-1,128,133,129,-1,40,42,46,-1,46,42,235,-1,46,235,212,-1,212,235,236,-1,212,236,213,-1,213,236,237,-1,213,237,214,-1,214,237,238,-1,214,238,215,-1,215,238,239,-1,215,239,216,-1,216,239,240,-1,216,240,217,-1,217,240,241,-1,217,241,218,-1,218,241,242,-1,218,242,219,-1,219,242,243,-1,219,243,220,-1,220,243,15,-1,220,15,221,-1,221,15,12,-1,221,12,222,-1,222,12,11,-1,222,11,223,-1,223,11,9,-1,223,9,224,-1,224,9,7,-1,224,7,225,-1,225,7,244,-1,225,244,226,-1,226,244,245,-1,226,245,227,-1,227,245,246,-1,227,246,228,-1,228,246,247,-1,228,247,229,-1,229,247,248,-1,229,248,230,-1,230,248,249,-1,230,249,231,-1,231,249,250,-1,231,250,232,-1,232,250,251,-1,232,251,233,-1,233,251,252,-1,233,252,234,-1,234,252,134,-1,234,134,131,-1,131,134,136,-1,131,136,132,-1,6,144,7,-1,7,144,162,-1,7,162,244,-1,244,162,160,-1,244,160,245,-1,245,160,158,-1,245,158,246,-1,246,158,156,-1,246,156,247,-1,247,156,154,-1,247,154,248,-1,248,154,152,-1,248,152,249,-1,249,152,150,-1,249,150,250,-1,250,150,148,-1,250,148,251,-1,251,148,146,-1,251,146,252,-1,252,146,139,-1,252,139,134,-1,134,139,140,-1,134,140,135,-1,0,2,42,-1,42,2,36,-1,42,36,235,-1,235,36,34,-1,235,34,236,-1,236,34,32,-1,236,32,237,-1,237,32,30,-1,237,30,238,-1,238,30,28,-1,238,28,239,-1,239,28,26,-1,239,26,240,-1,240,26,24,-1,240,24,241,-1,241,24,22,-1,241,22,242,-1,242,22,20,-1,242,20,243,-1,243,20,5,-1,243,5,15,-1,15,5,4,-1,15,4,16,-1,253,254,255,-1,256,257,258,-1,259,260,261,-1,262,263,264,-1,265,266,267,-1,268,269,270,-1,271,272,273,-1,274,275,276,-1,277,278,279,-1,280,281,282,-1,283,284,285,-1,286,287,288,-1,289,290,291,-1,292,293,294,-1,295,296,297,-1,298,299,300,-1,301,302,303,-1,303,302,304,-1,303,304,305,-1,305,304,306,-1,305,306,307,-1,307,306,308,-1,307,308,309,-1,309,308,310,-1,309,310,311,-1,311,310,300,-1,312,313,314,-1,314,313,315,-1,314,315,316,-1,316,315,317,-1,316,317,318,-1,318,317,319,-1,318,319,320,-1,320,319,321,-1,320,321,322,-1,322,321,297,-1,323,324,325,-1,325,324,326,-1,325,326,327,-1,327,326,328,-1,327,328,329,-1,329,328,330,-1,329,330,331,-1,331,330,332,-1,331,332,333,-1,333,332,294,-1,334,335,336,-1,336,335,337,-1,336,337,338,-1,338,337,339,-1,338,339,340,-1,340,339,341,-1,340,341,342,-1,342,341,343,-1,342,343,344,-1,344,343,291,-1,345,346,347,-1,347,346,348,-1,347,348,349,-1,349,348,350,-1,349,350,351,-1,351,350,352,-1,351,352,353,-1,353,352,354,-1,353,354,355,-1,355,354,288,-1,356,357,358,-1,358,357,359,-1,358,359,360,-1,360,359,361,-1,360,361,362,-1,362,361,363,-1,362,363,364,-1,364,363,365,-1,364,365,366,-1,366,365,285,-1,367,368,369,-1,369,368,370,-1,369,370,371,-1,371,370,372,-1,371,372,373,-1,373,372,374,-1,373,374,375,-1,375,374,376,-1,375,376,377,-1,377,376,282,-1,378,379,380,-1,380,379,381,-1,380,381,382,-1,382,381,383,-1,382,383,384,-1,384,383,385,-1,384,385,386,-1,386,385,387,-1,386,387,388,-1,388,387,279,-1,389,390,391,-1,391,390,392,-1,391,392,393,-1,393,392,394,-1,393,394,395,-1,395,394,396,-1,395,396,397,-1,397,396,398,-1,397,398,399,-1,399,398,276,-1,400,401,402,-1,402,401,403,-1,402,403,404,-1,404,403,405,-1,404,405,406,-1,406,405,407,-1,406,407,408,-1,408,407,409,-1,408,409,410,-1,410,409,273,-1,411,412,413,-1,413,412,414,-1,413,414,415,-1,415,414,416,-1,415,416,417,-1,417,416,418,-1,417,418,419,-1,419,418,420,-1,419,420,421,-1,421,420,270,-1,422,423,424,-1,424,423,425,-1,424,425,426,-1,426,425,427,-1,426,427,428,-1,428,427,429,-1,428,429,430,-1,430,429,431,-1,430,431,432,-1,432,431,267,-1,433,434,435,-1,435,434,436,-1,435,436,437,-1,437,436,438,-1,437,438,439,-1,439,438,440,-1,439,440,441,-1,441,440,442,-1,441,442,443,-1,443,442,264,-1,444,445,446,-1,446,445,447,-1,446,447,448,-1,448,447,449,-1,448,449,450,-1,450,449,451,-1,450,451,452,-1,452,451,453,-1,452,453,454,-1,454,453,261,-1,455,456,457,-1,457,456,458,-1,457,458,459,-1,459,458,460,-1,459,460,461,-1,461,460,462,-1,461,462,463,-1,463,462,464,-1,463,464,465,-1,465,464,258,-1,466,467,468,-1,468,467,469,-1,468,469,470,-1,470,469,471,-1,470,471,472,-1,472,471,473,-1,472,473,474,-1,474,473,475,-1,474,475,476,-1,476,475,255,-1,477,301,478,-1,478,301,303,-1,478,303,479,-1,479,303,305,-1,479,305,480,-1,480,305,307,-1,480,307,481,-1,481,307,309,-1,481,309,482,-1,482,309,311,-1,482,311,483,-1,483,311,484,-1,300,299,311,-1,311,299,485,-1,311,485,484,-1,486,298,487,-1,487,298,300,-1,487,300,488,-1,488,300,310,-1,488,310,489,-1,489,310,308,-1,489,308,490,-1,490,308,306,-1,490,306,491,-1,491,306,304,-1,491,304,492,-1,492,304,302,-1,492,312,491,-1,491,312,314,-1,491,314,490,-1,490,314,316,-1,490,316,489,-1,489,316,318,-1,489,318,488,-1,488,318,320,-1,488,320,487,-1,487,320,322,-1,487,322,486,-1,486,322,493,-1,297,296,322,-1,322,296,494,-1,322,494,493,-1,495,295,496,-1,496,295,297,-1,496,297,497,-1,497,297,321,-1,497,321,498,-1,498,321,319,-1,498,319,499,-1,499,319,317,-1,499,317,500,-1,500,317,315,-1,500,315,501,-1,501,315,313,-1,501,502,500,-1,500,502,503,-1,500,503,499,-1,499,503,504,-1,499,504,498,-1,498,504,505,-1,498,505,497,-1,497,505,506,-1,497,506,496,-1,496,506,507,-1,496,507,495,-1,495,507,508,-1,502,323,503,-1,503,323,325,-1,503,325,504,-1,504,325,327,-1,504,327,505,-1,505,327,329,-1,505,329,506,-1,506,329,331,-1,506,331,507,-1,507,331,333,-1,507,333,508,-1,508,333,509,-1,294,293,333,-1,333,293,510,-1,333,510,509,-1,511,292,512,-1,512,292,294,-1,512,294,513,-1,513,294,332,-1,513,332,514,-1,514,332,330,-1,514,330,515,-1,515,330,328,-1,515,328,516,-1,516,328,326,-1,516,326,517,-1,517,326,324,-1,517,334,516,-1,516,334,336,-1,516,336,515,-1,515,336,338,-1,515,338,514,-1,514,338,340,-1,514,340,513,-1,513,340,342,-1,513,342,512,-1,512,342,344,-1,512,344,511,-1,511,344,518,-1,291,290,344,-1,344,290,519,-1,344,519,518,-1,520,289,521,-1,521,289,291,-1,521,291,522,-1,522,291,343,-1,522,343,523,-1,523,343,341,-1,523,341,524,-1,524,341,339,-1,524,339,525,-1,525,339,337,-1,525,337,526,-1,526,337,335,-1,526,527,525,-1,525,527,528,-1,525,528,524,-1,524,528,529,-1,524,529,523,-1,523,529,530,-1,523,530,522,-1,522,530,531,-1,522,531,521,-1,521,531,532,-1,521,532,520,-1,520,532,533,-1,527,345,528,-1,528,345,347,-1,528,347,529,-1,529,347,349,-1,529,349,530,-1,530,349,351,-1,530,351,531,-1,531,351,353,-1,531,353,532,-1,532,353,355,-1,532,355,533,-1,533,355,534,-1,288,287,355,-1,355,287,535,-1,355,535,534,-1,536,286,537,-1,537,286,288,-1,537,288,538,-1,538,288,354,-1,538,354,539,-1,539,354,352,-1,539,352,540,-1,540,352,350,-1,540,350,541,-1,541,350,348,-1,541,348,542,-1,542,348,346,-1,542,356,541,-1,541,356,358,-1,541,358,540,-1,540,358,360,-1,540,360,539,-1,539,360,362,-1,539,362,538,-1,538,362,364,-1,538,364,537,-1,537,364,366,-1,537,366,536,-1,536,366,543,-1,285,284,366,-1,366,284,544,-1,366,544,543,-1,545,283,546,-1,546,283,285,-1,546,285,547,-1,547,285,365,-1,547,365,548,-1,548,365,363,-1,548,363,549,-1,549,363,361,-1,549,361,550,-1,550,361,359,-1,550,359,551,-1,551,359,357,-1,551,552,550,-1,550,552,553,-1,550,553,549,-1,549,553,554,-1,549,554,548,-1,548,554,555,-1,548,555,547,-1,547,555,556,-1,547,556,546,-1,546,556,557,-1,546,557,545,-1,545,557,558,-1,552,367,553,-1,553,367,369,-1,553,369,554,-1,554,369,371,-1,554,371,555,-1,555,371,373,-1,555,373,556,-1,556,373,375,-1,556,375,557,-1,557,375,377,-1,557,377,558,-1,558,377,559,-1,282,281,377,-1,377,281,560,-1,377,560,559,-1,561,280,562,-1,562,280,282,-1,562,282,563,-1,563,282,376,-1,563,376,564,-1,564,376,374,-1,564,374,565,-1,565,374,372,-1,565,372,566,-1,566,372,370,-1,566,370,567,-1,567,370,368,-1,567,378,566,-1,566,378,380,-1,566,380,565,-1,565,380,382,-1,565,382,564,-1,564,382,384,-1,564,384,563,-1,563,384,386,-1,563,386,562,-1,562,386,388,-1,562,388,561,-1,561,388,568,-1,279,278,388,-1,388,278,569,-1,388,569,568,-1,570,277,571,-1,571,277,279,-1,571,279,572,-1,572,279,387,-1,572,387,573,-1,573,387,385,-1,573,385,574,-1,574,385,383,-1,574,383,575,-1,575,383,381,-1,575,381,576,-1,576,381,379,-1,576,577,575,-1,575,577,578,-1,575,578,574,-1,574,578,579,-1,574,579,573,-1,573,579,580,-1,573,580,572,-1,572,580,581,-1,572,581,571,-1,571,581,582,-1,571,582,570,-1,570,582,583,-1,577,389,578,-1,578,389,391,-1,578,391,579,-1,579,391,393,-1,579,393,580,-1,580,393,395,-1,580,395,581,-1,581,395,397,-1,581,397,582,-1,582,397,399,-1,582,399,583,-1,583,399,584,-1,276,275,399,-1,399,275,585,-1,399,585,584,-1,586,274,587,-1,587,274,276,-1,587,276,588,-1,588,276,398,-1,588,398,589,-1,589,398,396,-1,589,396,590,-1,590,396,394,-1,590,394,591,-1,591,394,392,-1,591,392,592,-1,592,392,390,-1,592,400,591,-1,591,400,402,-1,591,402,590,-1,590,402,404,-1,590,404,589,-1,589,404,406,-1,589,406,588,-1,588,406,408,-1,588,408,587,-1,587,408,410,-1,587,410,586,-1,586,410,593,-1,273,272,410,-1,410,272,594,-1,410,594,593,-1,595,271,596,-1,596,271,273,-1,596,273,597,-1,597,273,409,-1,597,409,598,-1,598,409,407,-1,598,407,599,-1,599,407,405,-1,599,405,600,-1,600,405,403,-1,600,403,601,-1,601,403,401,-1,601,602,600,-1,600,602,603,-1,600,603,599,-1,599,603,604,-1,599,604,598,-1,598,604,605,-1,598,605,597,-1,597,605,606,-1,597,606,596,-1,596,606,607,-1,596,607,595,-1,595,607,608,-1,602,411,603,-1,603,411,413,-1,603,413,604,-1,604,413,415,-1,604,415,605,-1,605,415,417,-1,605,417,606,-1,606,417,419,-1,606,419,607,-1,607,419,421,-1,607,421,608,-1,608,421,609,-1,270,269,421,-1,421,269,610,-1,421,610,609,-1,611,268,612,-1,612,268,270,-1,612,270,613,-1,613,270,420,-1,613,420,614,-1,614,420,418,-1,614,418,615,-1,615,418,416,-1,615,416,616,-1,616,416,414,-1,616,414,617,-1,617,414,412,-1,617,422,616,-1,616,422,424,-1,616,424,615,-1,615,424,426,-1,615,426,614,-1,614,426,428,-1,614,428,613,-1,613,428,430,-1,613,430,612,-1,612,430,432,-1,612,432,611,-1,611,432,618,-1,267,266,432,-1,432,266,619,-1,432,619,618,-1,620,265,621,-1,621,265,267,-1,621,267,622,-1,622,267,431,-1,622,431,623,-1,623,431,429,-1,623,429,624,-1,624,429,427,-1,624,427,625,-1,625,427,425,-1,625,425,626,-1,626,425,423,-1,626,627,625,-1,625,627,628,-1,625,628,624,-1,624,628,629,-1,624,629,623,-1,623,629,630,-1,623,630,622,-1,622,630,631,-1,622,631,621,-1,621,631,632,-1,621,632,620,-1,620,632,633,-1,627,433,628,-1,628,433,435,-1,628,435,629,-1,629,435,437,-1,629,437,630,-1,630,437,439,-1,630,439,631,-1,631,439,441,-1,631,441,632,-1,632,441,443,-1,632,443,633,-1,633,443,634,-1,264,263,443,-1,443,263,635,-1,443,635,634,-1,636,262,637,-1,637,262,264,-1,637,264,638,-1,638,264,442,-1,638,442,639,-1,639,442,440,-1,639,440,640,-1,640,440,438,-1,640,438,641,-1,641,438,436,-1,641,436,642,-1,642,436,434,-1,642,444,641,-1,641,444,446,-1,641,446,640,-1,640,446,448,-1,640,448,639,-1,639,448,450,-1,639,450,638,-1,638,450,452,-1,638,452,637,-1,637,452,454,-1,637,454,636,-1,636,454,643,-1,261,260,454,-1,454,260,644,-1,454,644,643,-1,645,259,646,-1,646,259,261,-1,646,261,647,-1,647,261,453,-1,647,453,648,-1,648,453,451,-1,648,451,649,-1,649,451,449,-1,649,449,650,-1,650,449,447,-1,650,447,651,-1,651,447,445,-1,651,652,650,-1,650,652,653,-1,650,653,649,-1,649,653,654,-1,649,654,648,-1,648,654,655,-1,648,655,647,-1,647,655,656,-1,647,656,646,-1,646,656,657,-1,646,657,645,-1,645,657,658,-1,652,455,653,-1,653,455,457,-1,653,457,654,-1,654,457,459,-1,654,459,655,-1,655,459,461,-1,655,461,656,-1,656,461,463,-1,656,463,657,-1,657,463,465,-1,657,465,658,-1,658,465,659,-1,258,257,465,-1,465,257,660,-1,465,660,659,-1,661,256,662,-1,662,256,258,-1,662,258,663,-1,663,258,464,-1,663,464,664,-1,664,464,462,-1,664,462,665,-1,665,462,460,-1,665,460,666,-1,666,460,458,-1,666,458,667,-1,667,458,456,-1,667,466,666,-1,666,466,468,-1,666,468,665,-1,665,468,470,-1,665,470,664,-1,664,470,472,-1,664,472,663,-1,663,472,474,-1,663,474,662,-1,662,474,476,-1,662,476,661,-1,661,476,668,-1,255,254,476,-1,476,254,669,-1,476,669,668,-1,670,253,671,-1,671,253,255,-1,671,255,672,-1,672,255,475,-1,672,475,673,-1,673,475,473,-1,673,473,674,-1,674,473,471,-1,674,471,675,-1,675,471,469,-1,675,469,676,-1,676,469,467,-1,676,477,675,-1,675,477,478,-1,675,478,674,-1,674,478,479,-1,674,479,673,-1,673,479,480,-1,673,480,672,-1,672,480,481,-1,672,481,671,-1,671,481,482,-1,671,482,670,-1,670,482,483,-1,677,678,679,-1,680,681,682,-1,683,684,685,-1,685,684,686,-1,685,686,687,-1,687,686,688,-1,689,690,688,-1,688,690,691,-1,688,691,687,-1,692,693,689,-1,689,693,694,-1,689,694,690,-1,695,696,680,-1,680,682,695,-1,695,682,697,-1,695,697,698,-1,698,697,699,-1,698,699,700,-1,700,699,701,-1,700,701,702,-1,702,701,703,-1,702,703,704,-1,704,703,705,-1,704,705,706,-1,706,705,707,-1,706,707,708,-1,708,707,709,-1,708,709,710,-1,710,709,711,-1,710,711,712,-1,712,711,713,-1,712,713,714,-1,714,713,679,-1,714,679,715,-1,715,679,678,-1,715,678,716,-1,717,718,719,-1,719,718,720,-1,719,720,677,-1,721,722,723,-1,723,722,717,-1,724,725,726,-1,726,725,721,-1,727,728,729,-1,729,728,724,-1,730,731,732,-1,732,731,727,-1,733,730,734,-1,734,730,732,-1,734,732,735,-1,735,732,736,-1,735,736,737,-1,737,736,738,-1,737,738,739,-1,739,738,740,-1,740,738,741,-1,740,741,742,-1,743,744,745,-1,745,744,746,-1,745,746,747,-1,747,746,748,-1,747,748,749,-1,749,748,750,-1,749,750,741,-1,741,750,751,-1,741,751,742,-1,743,745,752,-1,752,745,753,-1,752,753,754,-1,754,753,755,-1,754,755,756,-1,756,755,757,-1,756,757,758,-1,759,760,761,-1,761,760,762,-1,761,762,763,-1,763,762,764,-1,763,764,765,-1,765,764,766,-1,765,766,767,-1,767,766,768,-1,767,768,757,-1,757,768,769,-1,757,769,758,-1,759,761,770,-1,770,761,771,-1,770,771,772,-1,772,771,773,-1,772,773,774,-1,774,773,775,-1,774,775,776,-1,777,778,779,-1,779,778,780,-1,779,780,781,-1,781,780,782,-1,781,782,775,-1,775,782,783,-1,775,783,776,-1,784,785,777,-1,777,785,786,-1,777,786,778,-1,787,788,784,-1,784,788,789,-1,784,789,785,-1,790,791,792,-1,792,791,793,-1,792,793,787,-1,787,793,794,-1,787,794,788,-1,795,796,790,-1,790,796,797,-1,790,797,791,-1,790,798,795,-1,795,798,799,-1,795,799,800,-1,801,802,803,-1,803,802,804,-1,805,806,807,-1,808,809,810,-1,811,812,813,-1,814,815,816,-1,816,815,817,-1,818,819,814,-1,683,820,821,-1,821,820,822,-1,814,816,818,-1,818,816,823,-1,818,823,824,-1,824,823,825,-1,824,825,826,-1,826,825,827,-1,826,827,828,-1,828,827,829,-1,828,829,830,-1,830,829,831,-1,830,831,832,-1,832,831,833,-1,832,833,834,-1,834,833,835,-1,834,835,836,-1,836,835,837,-1,836,837,838,-1,838,837,839,-1,838,839,840,-1,840,839,821,-1,840,821,841,-1,841,821,822,-1,841,822,842,-1,727,729,732,-1,732,729,843,-1,732,843,736,-1,736,843,844,-1,736,844,738,-1,738,844,845,-1,738,845,741,-1,741,845,846,-1,741,846,749,-1,749,846,847,-1,749,847,747,-1,747,847,848,-1,747,848,745,-1,745,848,849,-1,745,849,753,-1,753,849,850,-1,753,850,755,-1,755,850,851,-1,755,851,757,-1,757,851,852,-1,757,852,767,-1,767,852,853,-1,767,853,765,-1,765,853,854,-1,765,854,763,-1,763,854,855,-1,763,855,761,-1,761,855,856,-1,761,856,771,-1,771,856,857,-1,771,857,773,-1,773,857,858,-1,773,858,775,-1,775,858,859,-1,775,859,781,-1,781,859,860,-1,781,860,779,-1,779,860,861,-1,779,861,777,-1,777,861,862,-1,777,862,784,-1,784,862,863,-1,784,863,787,-1,787,863,864,-1,787,864,792,-1,792,864,865,-1,792,865,790,-1,790,865,803,-1,790,803,798,-1,798,803,804,-1,798,804,799,-1,724,726,729,-1,729,726,866,-1,729,866,843,-1,843,866,867,-1,843,867,844,-1,844,867,868,-1,844,868,845,-1,845,868,869,-1,845,869,846,-1,846,869,870,-1,846,870,847,-1,847,870,871,-1,847,871,848,-1,848,871,872,-1,848,872,849,-1,849,872,873,-1,849,873,850,-1,850,873,874,-1,850,874,851,-1,851,874,875,-1,851,875,852,-1,852,875,876,-1,852,876,853,-1,853,876,877,-1,853,877,854,-1,854,877,878,-1,854,878,855,-1,855,878,879,-1,855,879,856,-1,856,879,880,-1,856,880,857,-1,857,880,881,-1,857,881,858,-1,858,881,882,-1,858,882,859,-1,859,882,883,-1,859,883,860,-1,860,883,884,-1,860,884,861,-1,861,884,885,-1,861,885,862,-1,862,885,886,-1,862,886,863,-1,863,886,887,-1,863,887,864,-1,864,887,888,-1,864,888,865,-1,865,888,805,-1,865,805,803,-1,803,805,807,-1,803,807,801,-1,721,723,726,-1,726,723,889,-1,726,889,866,-1,866,889,890,-1,866,890,867,-1,867,890,891,-1,867,891,868,-1,868,891,892,-1,868,892,869,-1,869,892,893,-1,869,893,870,-1,870,893,894,-1,870,894,871,-1,871,894,895,-1,871,895,872,-1,872,895,896,-1,872,896,873,-1,873,896,897,-1,873,897,874,-1,874,897,898,-1,874,898,875,-1,875,898,899,-1,875,899,876,-1,876,899,900,-1,876,900,877,-1,877,900,901,-1,877,901,878,-1,878,901,902,-1,878,902,879,-1,879,902,903,-1,879,903,880,-1,880,903,904,-1,880,904,881,-1,881,904,905,-1,881,905,882,-1,882,905,906,-1,882,906,883,-1,883,906,907,-1,883,907,884,-1,884,907,908,-1,884,908,885,-1,885,908,909,-1,885,909,886,-1,886,909,910,-1,886,910,887,-1,887,910,911,-1,887,911,888,-1,888,911,808,-1,888,808,805,-1,805,808,810,-1,805,810,806,-1,717,719,723,-1,723,719,912,-1,723,912,889,-1,889,912,913,-1,889,913,890,-1,890,913,914,-1,890,914,891,-1,891,914,915,-1,891,915,892,-1,892,915,916,-1,892,916,893,-1,893,916,917,-1,893,917,894,-1,894,917,918,-1,894,918,895,-1,895,918,919,-1,895,919,896,-1,896,919,920,-1,896,920,897,-1,897,920,692,-1,897,692,898,-1,898,692,689,-1,898,689,899,-1,899,689,688,-1,899,688,900,-1,900,688,686,-1,900,686,901,-1,901,686,684,-1,901,684,902,-1,902,684,921,-1,902,921,903,-1,903,921,922,-1,903,922,904,-1,904,922,923,-1,904,923,905,-1,905,923,924,-1,905,924,906,-1,906,924,925,-1,906,925,907,-1,907,925,926,-1,907,926,908,-1,908,926,927,-1,908,927,909,-1,909,927,928,-1,909,928,910,-1,910,928,929,-1,910,929,911,-1,911,929,811,-1,911,811,808,-1,808,811,813,-1,808,813,809,-1,683,821,684,-1,684,821,839,-1,684,839,921,-1,921,839,837,-1,921,837,922,-1,922,837,835,-1,922,835,923,-1,923,835,833,-1,923,833,924,-1,924,833,831,-1,924,831,925,-1,925,831,829,-1,925,829,926,-1,926,829,827,-1,926,827,927,-1,927,827,825,-1,927,825,928,-1,928,825,823,-1,928,823,929,-1,929,823,816,-1,929,816,811,-1,811,816,817,-1,811,817,812,-1,677,679,719,-1,719,679,713,-1,719,713,912,-1,912,713,711,-1,912,711,913,-1,913,711,709,-1,913,709,914,-1,914,709,707,-1,914,707,915,-1,915,707,705,-1,915,705,916,-1,916,705,703,-1,916,703,917,-1,917,703,701,-1,917,701,918,-1,918,701,699,-1,918,699,919,-1,919,699,697,-1,919,697,920,-1,920,697,682,-1,920,682,692,-1,692,682,681,-1,692,681,693,-1,930,931,932,-1,932,931,933,-1,932,933,934,-1,934,933,935,-1,934,935,936,-1,937,938,939,-1,939,938,940,-1,939,940,941,-1,941,940,942,-1,941,942,943,-1,944,945,946,-1,946,945,947,-1,946,947,948,-1,948,947,949,-1,948,949,950,-1,950,949,951,-1,137,142,941,-1,941,142,952,-1,941,952,946,-1,122,941,123,-1,123,941,943,-1,122,127,941,-1,941,127,125,-1,941,125,124,-1,124,130,941,-1,941,130,129,-1,941,129,133,-1,133,132,941,-1,941,132,136,-1,941,136,135,-1,135,140,941,-1,941,140,138,-1,941,138,137,-1,944,953,165,-1,165,954,944,-1,944,954,143,-1,944,143,6,-1,6,8,944,-1,944,8,10,-1,10,14,944,-1,944,14,13,-1,944,13,945,-1,945,13,17,-1,945,17,16,-1,945,16,4,-1,4,955,945,-1,945,955,19,-1,945,19,956,-1,51,50,54,-1,947,957,932,-1,932,957,39,-1,932,39,930,-1,930,39,1,-1,930,1,56,-1,56,1,53,-1,43,41,54,-1,54,41,40,-1,54,40,45,-1,53,1,54,-1,54,1,0,-1,54,0,43,-1,45,44,54,-1,54,44,48,-1,54,48,51,-1,51,48,47,-1,958,949,934,-1,806,934,807,-1,807,934,801,-1,799,934,800,-1,800,934,936,-1,806,810,934,-1,934,810,809,-1,934,809,813,-1,799,804,934,-1,934,804,802,-1,934,802,801,-1,813,812,934,-1,934,812,817,-1,934,817,815,-1,815,814,934,-1,934,814,819,-1,934,819,958,-1,951,959,842,-1,842,960,951,-1,951,960,820,-1,951,820,683,-1,683,685,951,-1,951,685,687,-1,687,691,951,-1,951,691,690,-1,951,690,950,-1,950,690,694,-1,950,694,693,-1,950,693,681,-1,681,961,950,-1,950,961,696,-1,950,696,962,-1,939,948,963,-1,728,727,731,-1,731,963,716,-1,937,939,733,-1,733,939,963,-1,733,963,730,-1,730,963,731,-1,716,678,731,-1,731,678,677,-1,731,677,720,-1,720,718,731,-1,731,718,717,-1,731,717,722,-1,722,721,731,-1,731,721,725,-1,731,725,728,-1,728,725,724,-1,964,324,965,-1,965,324,323,-1,965,323,966,-1,967,527,968,-1,968,527,526,-1,968,526,969,-1,526,335,969,-1,969,335,334,-1,969,334,964,-1,964,334,517,-1,964,517,324,-1,970,542,971,-1,971,542,346,-1,971,346,967,-1,967,346,345,-1,967,345,527,-1,972,357,970,-1,970,357,356,-1,970,356,542,-1,973,367,974,-1,974,367,552,-1,974,552,972,-1,972,552,551,-1,972,551,357,-1,323,502,966,-1,966,502,501,-1,966,501,975,-1,976,567,973,-1,973,567,368,-1,973,368,367,-1,501,313,975,-1,975,313,312,-1,975,312,977,-1,977,312,492,-1,977,492,978,-1,979,400,980,-1,980,400,592,-1,980,592,981,-1,982,455,983,-1,983,455,652,-1,983,652,984,-1,985,676,986,-1,986,676,467,-1,986,467,987,-1,988,576,989,-1,989,576,379,-1,989,379,976,-1,976,379,378,-1,976,378,567,-1,990,412,991,-1,991,412,411,-1,991,411,992,-1,993,627,994,-1,994,627,626,-1,994,626,995,-1,467,466,987,-1,987,466,667,-1,987,667,982,-1,982,667,456,-1,982,456,455,-1,492,302,978,-1,978,302,301,-1,978,301,985,-1,985,301,477,-1,985,477,676,-1,592,390,981,-1,981,390,389,-1,981,389,988,-1,988,389,577,-1,988,577,576,-1,411,602,992,-1,992,602,601,-1,992,601,979,-1,979,601,401,-1,979,401,400,-1,626,423,995,-1,995,423,422,-1,995,422,990,-1,990,422,617,-1,990,617,412,-1,996,642,997,-1,997,642,434,-1,997,434,993,-1,993,434,433,-1,993,433,627,-1,652,651,984,-1,984,651,445,-1,984,445,996,-1,996,445,444,-1,996,444,642,-1,56,619,930,-1,930,619,266,-1,930,266,931,-1,266,265,931,-1,931,265,620,-1,931,620,933,-1,620,633,933,-1,933,633,634,-1,933,634,935,-1,795,800,936,-1,796,795,262,-1,262,795,936,-1,262,936,263,-1,263,936,935,-1,263,935,635,-1,635,935,634,-1,733,519,937,-1,937,519,290,-1,937,290,938,-1,290,289,938,-1,938,289,520,-1,938,520,940,-1,520,533,940,-1,940,533,534,-1,940,534,942,-1,118,123,943,-1,119,118,286,-1,286,118,943,-1,286,943,287,-1,287,943,942,-1,287,942,535,-1,535,942,534,-1,733,734,519,-1,519,734,735,-1,519,735,518,-1,518,735,737,-1,518,737,511,-1,511,737,739,-1,511,739,292,-1,292,739,740,-1,292,740,293,-1,293,740,742,-1,293,742,510,-1,510,742,751,-1,510,751,509,-1,509,751,750,-1,509,750,508,-1,544,114,543,-1,543,114,120,-1,119,286,120,-1,120,286,536,-1,120,536,543,-1,559,109,558,-1,558,109,108,-1,558,108,545,-1,545,108,112,-1,545,112,283,-1,283,112,111,-1,283,111,284,-1,284,111,117,-1,284,117,544,-1,544,117,116,-1,544,116,114,-1,608,69,595,-1,595,69,67,-1,595,67,271,-1,271,67,66,-1,271,66,272,-1,272,66,75,-1,272,75,594,-1,594,75,77,-1,594,77,593,-1,593,77,79,-1,593,79,586,-1,586,79,81,-1,586,81,274,-1,274,81,92,-1,274,92,275,-1,275,92,91,-1,275,91,585,-1,585,91,89,-1,585,89,584,-1,584,89,87,-1,584,87,583,-1,583,87,85,-1,583,85,570,-1,570,85,83,-1,570,83,277,-1,277,83,82,-1,277,82,278,-1,278,82,93,-1,278,93,569,-1,569,93,95,-1,569,95,568,-1,568,95,97,-1,568,97,561,-1,561,97,99,-1,561,99,280,-1,280,99,106,-1,280,106,281,-1,281,106,105,-1,281,105,560,-1,560,105,103,-1,560,103,559,-1,559,103,101,-1,559,101,109,-1,56,57,619,-1,619,57,58,-1,619,58,618,-1,618,58,60,-1,618,60,611,-1,611,60,62,-1,611,62,268,-1,268,62,63,-1,268,63,269,-1,269,63,65,-1,269,65,610,-1,610,65,74,-1,610,74,609,-1,609,74,73,-1,609,73,608,-1,608,73,71,-1,608,71,69,-1,644,791,643,-1,643,791,797,-1,796,262,797,-1,797,262,636,-1,797,636,643,-1,659,786,658,-1,658,786,785,-1,658,785,645,-1,645,785,789,-1,645,789,259,-1,259,789,788,-1,259,788,260,-1,260,788,794,-1,260,794,644,-1,644,794,793,-1,644,793,791,-1,750,748,508,-1,508,748,746,-1,508,746,495,-1,495,746,744,-1,495,744,295,-1,295,744,743,-1,295,743,296,-1,296,743,752,-1,296,752,494,-1,494,752,754,-1,494,754,493,-1,493,754,756,-1,493,756,486,-1,486,756,758,-1,486,758,298,-1,298,758,769,-1,298,769,299,-1,299,769,768,-1,299,768,485,-1,485,768,766,-1,485,766,484,-1,484,766,764,-1,484,764,483,-1,483,764,762,-1,483,762,670,-1,670,762,760,-1,670,760,253,-1,253,760,759,-1,253,759,254,-1,254,759,770,-1,254,770,669,-1,669,770,772,-1,669,772,668,-1,668,772,774,-1,668,774,661,-1,661,774,776,-1,661,776,256,-1,256,776,783,-1,256,783,257,-1,257,783,782,-1,257,782,660,-1,660,782,780,-1,660,780,659,-1,659,780,778,-1,659,778,786,-1,998,999,1000,-1,1001,1002,1000,-1,1000,1002,1003,-1,1000,1003,998,-1,1004,1005,1000,-1,1000,1005,1006,-1,1000,1006,1001,-1,1007,1008,1000,-1,1000,1008,1009,-1,1000,1009,1004,-1,1010,1011,1000,-1,1000,1011,1012,-1,1000,1012,1007,-1,1013,1014,1000,-1,1000,1014,1015,-1,1000,1015,1010,-1,1016,1017,1000,-1,1000,1017,1018,-1,1000,1018,1013,-1,1019,1020,1000,-1,1000,1020,1021,-1,1000,1021,1016,-1,1022,1023,1000,-1,1000,1023,1024,-1,1000,1024,1019,-1,1025,1026,1000,-1,1000,1026,1027,-1,1000,1027,1022,-1,1028,1029,1000,-1,1000,1029,1030,-1,1000,1030,1025,-1,999,1031,1000,-1,1000,1031,1032,-1,1000,1032,1028,-1,
        ]
    }
}
Shape{
    appearance Appearance {
        material  Material 	{
            diffuseColor 0.6392156862745098 0.6666666666666666 0.6862745098039216
            specularColor 0.6392156862745098 0.6666666666666666 0.6862745098039216
            ambientIntensity 0.6607
            transparency 0.0
            shininess 0.5
        }
    }
    geometry IndexedFaceSet {
        ccw TRUE
        solid FALSE
        coord DEF co Coordinate {
            point [
                -0.5059 0.0689 1.5354, -0.4517 0.0639 2.6772, -0.4517 0.0639 1.5354, -0.3993 0.049 2.6772, -0.3993 0.049 1.5354, -0.3505 0.0247 2.6772, -0.3505 0.0247 1.5354, -0.307 -0.0082 2.6772, -0.307 -0.0082 1.5354, -0.2703 -0.0484 2.6772, -0.2703 -0.0484 1.5354, -0.2416 -0.0948 2.6772, -0.2416 -0.0948 1.5354, -0.2219 -0.1456 2.6772, -0.2219 -0.1456 1.5354, -0.2119 -0.1991 2.6772, -0.2119 -0.1991 1.5354, -0.2119 -0.2536 2.6772, -0.2119 -0.2536 1.5354, -0.2219 -0.3072 2.6772, -0.2219 -0.3072 1.5354, -0.2416 -0.358 2.6772, -0.2416 -0.358 1.5354, -0.2703 -0.4043 2.6772, -0.2703 -0.4043 1.5354, -0.307 -0.4446 2.6772, -0.307 -0.4446 1.5354, -0.3505 -0.4774 2.6772, -0.3505 -0.4774 1.5354, -0.3993 -0.5017 2.6772, -0.3993 -0.5017 1.5354, -0.4517 -0.5166 2.6772, -0.4517 -0.5166 1.5354, -0.5059 -0.5217 2.6772, -0.5059 -0.5217 1.5354, -0.5602 -0.5166 2.6772, -0.5602 -0.5166 1.5354, -0.6126 -0.5017 2.6772, -0.6126 -0.5017 1.5354, -0.6614 -0.4774 2.6772, -0.6614 -0.4774 1.5354, -0.7049 -0.4446 2.6772, -0.7049 -0.4446 1.5354, -0.7416 -0.4043 2.6772, -0.7416 -0.4043 1.5354, -0.7702 -0.358 2.6772, -0.7702 -0.358 1.5354, -0.7899 -0.3072 2.6772, -0.7899 -0.3072 1.5354, -0.7999 -0.2536 2.6772, -0.7999 -0.2536 1.5354, -0.7999 -0.1991 2.6772, -0.7999 -0.1991 1.5354, -0.7899 -0.1456 2.6772, -0.7899 -0.1456 1.5354, -0.7702 -0.0948 2.6772, -0.7702 -0.0948 1.5354, -0.7416 -0.0484 2.6772, -0.7416 -0.0484 1.5354, -0.7049 -0.0082 2.6772, -0.7049 -0.0082 1.5354, -0.6614 0.0247 2.6772, -0.6614 0.0247 1.5354, -0.6126 0.049 2.6772, -0.6126 0.049 1.5354, -0.5602 0.0639 2.6772, -0.5602 0.0639 1.5354, -0.5059 0.0689 2.6772
            ]
        }
        coordIndex [
            0,1,2,-1,2,1,3,-1,2,3,4,-1,4,3,5,-1,4,5,6,-1,6,5,7,-1,6,7,8,-1,8,7,9,-1,8,9,10,-1,10,9,11,-1,10,11,12,-1,12,11,13,-1,12,13,14,-1,14,13,15,-1,14,15,16,-1,16,15,17,-1,16,17,18,-1,18,17,19,-1,18,19,20,-1,20,19,21,-1,20,21,22,-1,22,21,23,-1,22,23,24,-1,24,23,25,-1,24,25,26,-1,26,25,27,-1,26,27,28,-1,28,27,29,-1,28,29,30,-1,30,29,31,-1,30,31,32,-1,32,31,33,-1,32,33,34,-1,34,33,35,-1,34,35,36,-1,36,35,37,-1,36,37,38,-1,38,37,39,-1,38,39,40,-1,40,39,41,-1,40,41,42,-1,42,41,43,-1,42,43,44,-1,44,43,45,-1,44,45,46,-1,46,45,47,-1,46,47,48,-1,48,47,49,-1,48,49,50,-1,50,49,51,-1,50,51,52,-1,52,51,53,-1,52,53,54,-1,54,53,55,-1,54,55,56,-1,56,55,57,-1,56,57,58,-1,58,57,59,-1,58,59,60,-1,60,59,61,-1,60,61,62,-1,62,61,63,-1,62,63,64,-1,64,63,65,-1,64,65,66,-1,66,65,67,-1,66,67,0,-1,0,67,1,-1,
        ]
    }
}
Shape{
    appearance Appearance {
        material  Material 	{
            diffuseColor 0.7372549019607844 0.7764705882352941 0.8
            specularColor 0.7372549019607844 0.7764705882352941 0.8
            ambientIntensity 0.7674
            transparency 0.0
            shininess 0.5
        }
    }
    geometry IndexedFaceSet {
        ccw TRUE
        solid FALSE
        coord DEF co Coordinate {
            point [
                -0.5807 -0.1319 3.0512, -0.5807 0.12 3.0512, -0.5836 0.1193 3.0512, -0.6004 -0.1516 3.0512, -0.8029 -0.0331 3.0512, -0.8224 -0.067 3.0512, -0.838 -0.1029 3.0512, -0.8496 -0.1402 3.0512, -0.8523 -0.1516 3.0512, -0.6212 0.1087 3.0512, -0.6574 0.0939 3.0512, -0.6918 0.0753 3.0512, -0.7239 0.053 3.0512, -0.7534 0.0272 3.0512, -0.7798 -0.0016 3.0512, -0.7005 -0.3012 2.815, -0.6004 -0.3012 2.6772, -0.7005 -0.1516 2.815, -0.6004 -0.1516 2.6772, -0.3113 -0.1516 2.815, -0.4114 -0.1516 2.6772, -0.3113 -0.3012 2.815, -0.4114 -0.3012 2.6772, -0.1622 -0.3125 3.0512, -0.1596 -0.3012 3.0512, -0.4114 -0.3012 3.0512, -0.4311 -0.3209 3.0512, -0.4311 -0.5727 3.0512, -0.4283 -0.5721 3.0512, -0.3907 -0.5614 3.0512, -0.3545 -0.5467 3.0512, -0.3201 -0.5281 3.0512, -0.2089 -0.4196 3.0512, -0.1895 -0.3857 3.0512, -0.1738 -0.3499 3.0512, -0.288 -0.5057 3.0512, -0.2585 -0.48 3.0512, -0.2321 -0.4512 3.0512, -0.4283 0.1193 3.0512, -0.4311 0.12 3.0512, -0.4311 -0.1319 3.0512, -0.1596 -0.1516 3.0512, -0.1622 -0.1402 3.0512, -0.4114 -0.1516 3.0512, -0.1738 -0.1029 3.0512, -0.1895 -0.067 3.0512, -0.2585 0.0272 3.0512, -0.288 0.053 3.0512, -0.3201 0.0753 3.0512, -0.3545 0.0939 3.0512, -0.3907 0.1087 3.0512, -0.2089 -0.0331 3.0512, -0.2321 -0.0016 3.0512, -0.8523 -0.3012 3.0512, -0.8496 -0.3125 3.0512, -0.6004 -0.3012 3.0512, -0.838 -0.3499 3.0512, -0.8224 -0.3857 3.0512, -0.6574 -0.5467 3.0512, -0.5807 -0.3209 3.0512, -0.6918 -0.5281 3.0512, -0.7239 -0.5057 3.0512, -0.6212 -0.5614 3.0512, -0.5836 -0.5721 3.0512, -0.5807 -0.5727 3.0512, -0.8029 -0.4196 3.0512, -0.7798 -0.4512 3.0512, -0.7534 -0.48 3.0512, -1.5807 -0.1319 3.0512, -1.6004 -0.1516 3.0512, -1.5807 -0.1319 2.6772, -1.6004 -0.1516 2.6772, -1.6004 -0.3012 3.0512, -1.5807 -0.3209 3.0512, -1.6004 -0.3012 2.6772, -1.5807 -0.3209 2.6772, -1.4114 -0.1516 3.0512, -1.4311 -0.1319 3.0512, -1.4114 -0.1516 2.6772, -1.4311 -0.1319 2.6772, -1.4311 -0.3209 3.0512, -1.4114 -0.3012 3.0512, -1.4311 -0.3209 2.6772, -1.4114 -0.3012 2.6772
            ]
        }
        coordIndex [
            0,1,2,-1,3,4,5,-1,5,6,3,-1,3,6,7,-1,3,7,8,-1,2,9,0,-1,0,9,10,-1,0,10,11,-1,11,12,0,-1,0,12,13,-1,0,13,3,-1,3,13,14,-1,3,14,4,-1,15,16,17,-1,17,16,18,-1,19,20,21,-1,21,20,22,-1,23,24,25,-1,26,27,28,-1,28,29,26,-1,26,29,30,-1,26,30,31,-1,32,33,25,-1,25,33,34,-1,25,34,23,-1,31,35,26,-1,26,35,36,-1,26,36,25,-1,25,36,37,-1,25,37,32,-1,38,39,40,-1,41,42,43,-1,43,42,44,-1,43,44,45,-1,43,46,40,-1,40,46,47,-1,40,47,48,-1,48,49,40,-1,40,49,50,-1,40,50,38,-1,45,51,43,-1,43,51,52,-1,43,52,46,-1,53,54,55,-1,55,54,56,-1,55,56,57,-1,58,59,60,-1,60,59,61,-1,58,62,59,-1,59,62,63,-1,59,63,64,-1,57,65,55,-1,55,65,66,-1,55,66,59,-1,59,66,67,-1,59,67,61,-1,68,69,70,-1,70,69,71,-1,72,73,74,-1,74,73,75,-1,76,77,78,-1,78,77,79,-1,80,81,82,-1,82,81,83,-1,
        ]
    }
}
Shape{
    appearance Appearance {
        material  Material 	{
            diffuseColor 0.6392156862745098 0.6666666666666666 0.6862745098039216
            specularColor 0.6392156862745098 0.6666666666666666 0.6862745098039216
            ambientIntensity 0.6607
            transparency 0.0
            shininess 0.5
        }
    }
    geometry IndexedFaceSet {
        ccw TRUE
        solid FALSE
        coord DEF co Coordinate {
            point [
                -1.5059 -0.5217 1.5354, -1.4661 -0.4392 1.2992, -1.4517 -0.5166 1.5354, -1.4277 -0.4283 1.2992, -1.3993 -0.5017 1.5354, -1.3919 -0.4105 1.2992, -1.3505 -0.4774 1.5354, -1.3601 -0.3864 1.2992, -1.307 -0.4446 1.5354, -1.3331 -0.3569 1.2992, -1.2703 -0.4043 1.5354, -1.3121 -0.3229 1.2992, -1.2416 -0.358 1.5354, -1.2977 -0.2856 1.2992, -1.2219 -0.3072 1.5354, -1.2903 -0.2464 1.2992, -1.2119 -0.2536 1.5354, -1.2903 -0.2064 1.2992, -1.2119 -0.1991 1.5354, -1.2977 -0.1671 1.2992, -1.2219 -0.1456 1.5354, -1.3121 -0.1299 1.2992, -1.2416 -0.0948 1.5354, -1.3331 -0.0959 1.2992, -1.2703 -0.0484 1.5354, -1.3601 -0.0664 1.2992, -1.307 -0.0082 1.5354, -1.3919 -0.0423 1.2992, -1.3505 0.0247 1.5354, -1.4277 -0.0245 1.2992, -1.3993 0.049 1.5354, -1.4661 -0.0135 1.2992, -1.4517 0.0639 1.5354, -1.5059 -0.0098 1.2992, -1.5059 0.0689 1.5354, -1.5457 -0.0135 1.2992, -1.5602 0.0639 1.5354, -1.5842 -0.0245 1.2992, -1.6126 0.049 1.5354, -1.6199 -0.0423 1.2992, -1.6614 0.0247 1.5354, -1.6518 -0.0664 1.2992, -1.7049 -0.0082 1.5354, -1.6787 -0.0959 1.2992, -1.7416 -0.0484 1.5354, -1.6998 -0.1299 1.2992, -1.7702 -0.0948 1.5354, -1.7142 -0.1671 1.2992, -1.7899 -0.1456 1.5354, -1.7215 -0.2064 1.2992, -1.7999 -0.1991 1.5354, -1.7215 -0.2464 1.2992, -1.7999 -0.2536 1.5354, -1.7142 -0.2856 1.2992, -1.7899 -0.3072 1.5354, -1.6998 -0.3229 1.2992, -1.7702 -0.358 1.5354, -1.6787 -0.3569 1.2992, -1.7416 -0.4043 1.5354, -1.6518 -0.3864 1.2992, -1.7049 -0.4446 1.5354, -1.6199 -0.4105 1.2992, -1.6614 -0.4774 1.5354, -1.5842 -0.4283 1.2992, -1.6126 -0.5017 1.5354, -1.5457 -0.4392 1.2992, -1.5602 -0.5166 1.5354, -1.5059 -0.4429 1.2992
            ]
        }
        coordIndex [
            0,1,2,-1,2,1,3,-1,2,3,4,-1,4,3,5,-1,4,5,6,-1,6,5,7,-1,6,7,8,-1,8,7,9,-1,8,9,10,-1,10,9,11,-1,10,11,12,-1,12,11,13,-1,12,13,14,-1,14,13,15,-1,14,15,16,-1,16,15,17,-1,16,17,18,-1,18,17,19,-1,18,19,20,-1,20,19,21,-1,20,21,22,-1,22,21,23,-1,22,23,24,-1,24,23,25,-1,24,25,26,-1,26,25,27,-1,26,27,28,-1,28,27,29,-1,28,29,30,-1,30,29,31,-1,30,31,32,-1,32,31,33,-1,32,33,34,-1,34,33,35,-1,34,35,36,-1,36,35,37,-1,36,37,38,-1,38,37,39,-1,38,39,40,-1,40,39,41,-1,40,41,42,-1,42,41,43,-1,42,43,44,-1,44,43,45,-1,44,45,46,-1,46,45,47,-1,46,47,48,-1,48,47,49,-1,48,49,50,-1,50,49,51,-1,50,51,52,-1,52,51,53,-1,52,53,54,-1,54,53,55,-1,54,55,56,-1,56,55,57,-1,56,57,58,-1,58,57,59,-1,58,59,60,-1,60,59,61,-1,60,61,62,-1,62,61,63,-1,62,63,64,-1,64,63,65,-1,64,65,66,-1,66,65,67,-1,66,67,0,-1,0,67,1,-1,
        ]
    }
}
Shape{
    appearance Appearance {
        material  Material 	{
            diffuseColor 0.7372549019607844 0.7764705882352941 0.8
            specularColor 0.7372549019607844 0.7764705882352941 0.8
            ambientIntensity 0.7674
            transparency 0.0
            shininess 0.5
        }
    }
    geometry IndexedFaceSet {
        ccw TRUE
        solid FALSE
        coord DEF co Coordinate {
            point [
                -1.1478 -0.3012 3.05, -1.1495 -0.3012 3.0502, -1.1526 -0.3149 3.0503, -1.4311 -0.5818 3.0505, -1.4311 -0.5828 3.0503, -1.4261 -0.5818 3.0503, -1.5807 -0.5907 3.0485, -1.5888 -0.5953 3.0462, -1.5465 -0.5915 3.0496, -1.5476 -0.6022 3.0462, -1.5277 -0.5919 3.0503, -1.5059 -0.6045 3.0462, -1.4643 -0.6022 3.0462, -1.4746 -0.5918 3.0501, -1.5059 -0.5919 3.0502, -1.4231 -0.5953 3.0462, -1.4311 -0.5907 3.0485, -1.4654 -0.5916 3.0498, -1.4283 -0.5721 3.0512, -1.4311 -0.5727 3.0512, -1.3875 -0.5708 3.0503, -1.3907 -0.5614 3.0512, -1.3502 -0.5556 3.0503, -1.3545 -0.5467 3.0512, -1.3149 -0.5365 3.0503, -1.3201 -0.5281 3.0512, -1.2819 -0.5135 3.0503, -1.288 -0.5057 3.0512, -1.2516 -0.4871 3.0503, -1.2585 -0.48 3.0512, -1.2244 -0.4575 3.0503, -1.2321 -0.4512 3.0512, -1.2007 -0.425 3.0503, -1.2089 -0.4196 3.0512, -1.1806 -0.3902 3.0503, -1.1895 -0.3857 3.0512, -1.1645 -0.3533 3.0503, -1.1738 -0.3499 3.0512, -1.1622 -0.3125 3.0512, -1.1596 -0.3012 3.0512, -1.1264 -0.3012 3.0407, -1.1355 -0.3012 3.0458, -1.1391 -0.3183 3.0462, -1.1367 -0.3012 3.0465, -1.1167 -0.3012 3.0325, -1.1232 -0.3012 3.038, -1.127 -0.3214 3.0387, -1.1085 -0.3012 3.0227, -1.1128 -0.3012 3.0278, -1.117 -0.3239 3.0284, -1.1031 -0.3012 3.0122, -1.1049 -0.3012 3.0157, -1.1098 -0.3257 3.0159, -1.1001 -0.3012 3.0014, -1.1003 -0.3012 3.002, -1.1058 -0.3267 3.002, -1.0994 -0.3012 2.9921, -1.1049 -0.3269 2.9921, -1.1133 -0.3539 2.9921, -1.1193 -0.3702 3.002, -1.1185 -0.3705 2.9921, -1.1375 -0.4119 3.002, -1.1367 -0.4123 2.9921, -1.1377 -0.414 2.9921, -1.1601 -0.4514 3.002, -1.1594 -0.4519 2.9921, -1.2633 -0.5604 2.9921, -1.2516 -0.5523 2.9921, -1.2521 -0.5516 3.002, -1.2173 -0.5223 2.9921, -1.2178 -0.5217 3.002, -1.2138 -0.5185 2.9921, -1.1871 -0.4881 3.002, -1.1864 -0.4887 2.9921, -1.172 -0.469 2.9921, -1.2891 -0.5783 2.9921, -1.2895 -0.5776 3.002, -1.3185 -0.5943 2.9921, -1.3296 -0.5993 3.002, -1.3292 -0.6001 2.9921, -1.3717 -0.6165 3.002, -1.3715 -0.6173 2.9921, -1.5705 -0.6341 2.9921, -1.5515 -0.6373 2.9921, -1.5514 -0.6364 3.002, -1.5059 -0.6398 2.9921, -1.5059 -0.6389 3.002, -1.4604 -0.6373 2.9921, -1.4605 -0.6364 3.002, -1.4414 -0.6341 2.9921, -1.4156 -0.6289 3.002, -1.4154 -0.6297 2.9921, -1.3783 -0.6192 2.9921, -1.5965 -0.6297 2.9921, -1.5963 -0.6289 3.002, -1.6336 -0.6192 2.9921, -1.6401 -0.6165 3.002, -1.6404 -0.6173 2.9921, -1.6823 -0.5993 3.002, -1.6827 -0.6001 2.9921, -1.794 -0.5217 3.002, -1.7602 -0.5523 2.9921, -1.7597 -0.5516 3.002, -1.7486 -0.5604 2.9921, -1.7223 -0.5776 3.002, -1.7228 -0.5783 2.9921, -1.6934 -0.5943 2.9921, -1.8248 -0.4881 3.002, -1.7981 -0.5185 2.9921, -1.7946 -0.5223 2.9921, -1.8517 -0.4514 3.002, -1.8399 -0.469 2.9921, -1.8255 -0.4887 2.9921, -1.8926 -0.3702 3.002, -1.8752 -0.4123 2.9921, -1.8744 -0.4119 3.002, -1.8742 -0.414 2.9921, -1.8524 -0.4519 2.9921, -1.9069 -0.3269 2.9921, -1.8985 -0.3539 2.9921, -1.8934 -0.3705 2.9921, -1.9061 -0.3267 3.002, -1.9115 -0.3012 3.002, -1.9125 -0.3012 2.9921, -1.907 -0.3012 3.0157, -1.9079 -0.3012 3.0142, -1.902 -0.3257 3.0159, -1.9113 -0.3012 3.0036, -1.8948 -0.3239 3.0284, -1.8991 -0.3012 3.0278, -1.9022 -0.3012 3.0242, -1.8848 -0.3214 3.0387, -1.8887 -0.3012 3.038, -1.894 -0.3012 3.0336, -1.8727 -0.3183 3.0462, -1.8764 -0.3012 3.0457, -1.8842 -0.3012 3.0416, -1.8624 -0.3012 3.0504, -1.8624 -0.3012 3.0503, -1.8592 -0.3149 3.0503, -1.8735 -0.3012 3.0472, -1.8496 -0.3125 3.0512, -1.8523 -0.3012 3.0512, -1.5807 -0.5828 3.0503, -1.5857 -0.5818 3.0503, -1.5807 -0.5818 3.0505, -1.8473 -0.3533 3.0503, -1.838 -0.3499 3.0512, -1.8312 -0.3902 3.0503, -1.8224 -0.3857 3.0512, -1.8112 -0.425 3.0503, -1.8029 -0.4196 3.0512, -1.7875 -0.4575 3.0503, -1.7798 -0.4512 3.0512, -1.7603 -0.4871 3.0503, -1.7534 -0.48 3.0512, -1.73 -0.5135 3.0503, -1.7239 -0.5057 3.0512, -1.697 -0.5365 3.0503, -1.6918 -0.5281 3.0512, -1.6616 -0.5556 3.0503, -1.6574 -0.5467 3.0512, -1.6244 -0.5708 3.0503, -1.6212 -0.5614 3.0512, -1.5836 -0.5721 3.0512, -1.5807 -0.5727 3.0512, -1.1232 -0.3687 3.0159, -1.1412 -0.41 3.0159, -1.1637 -0.4491 3.0159, -1.1903 -0.4855 3.0159, -1.2208 -0.5187 3.0159, -1.2547 -0.5483 3.0159, -1.2917 -0.5741 3.0159, -1.3313 -0.5956 3.0159, -1.3731 -0.6125 3.0159, -1.4165 -0.6248 3.0159, -1.4609 -0.6323 3.0159, -1.5059 -0.6348 3.0159, -1.5509 -0.6323 3.0159, -1.5954 -0.6248 3.0159, -1.6388 -0.6125 3.0159, -1.6805 -0.5956 3.0159, -1.7201 -0.5741 3.0159, -1.7571 -0.5483 3.0159, -1.7911 -0.5187 3.0159, -1.8216 -0.4855 3.0159, -1.8482 -0.4491 3.0159, -1.8707 -0.41 3.0159, -1.8887 -0.3687 3.0159, -1.1302 -0.3661 3.0284, -1.1479 -0.4067 3.0284, -1.1699 -0.4451 3.0284, -1.196 -0.4808 3.0284, -1.226 -0.5134 3.0284, -1.2593 -0.5425 3.0284, -1.2956 -0.5677 3.0284, -1.3345 -0.5888 3.0284, -1.3755 -0.6055 3.0284, -1.4181 -0.6176 3.0284, -1.4617 -0.6249 3.0284, -1.5059 -0.6273 3.0284, -1.5501 -0.6249 3.0284, -1.5938 -0.6176 3.0284, -1.6363 -0.6055 3.0284, -1.6773 -0.5888 3.0284, -1.7162 -0.5677 3.0284, -1.7526 -0.5425 3.0284, -1.7859 -0.5134 3.0284, -1.8158 -0.4808 3.0284, -1.842 -0.4451 3.0284, -1.864 -0.4067 3.0284, -1.8817 -0.3661 3.0284, -1.1398 -0.3625 3.0387, -1.157 -0.4021 3.0387, -1.1785 -0.4394 3.0387, -1.204 -0.4742 3.0387, -1.2331 -0.506 3.0387, -1.2656 -0.5344 3.0387, -1.301 -0.559 3.0387, -1.3389 -0.5795 3.0387, -1.3789 -0.5958 3.0387, -1.4204 -0.6075 3.0387, -1.4629 -0.6146 3.0387, -1.5059 -0.617 3.0387, -1.549 -0.6146 3.0387, -1.5915 -0.6075 3.0387, -1.633 -0.5958 3.0387, -1.6729 -0.5795 3.0387, -1.7108 -0.559 3.0387, -1.7462 -0.5344 3.0387, -1.7787 -0.506 3.0387, -1.8079 -0.4742 3.0387, -1.8333 -0.4394 3.0387, -1.8548 -0.4021 3.0387, -1.8721 -0.3625 3.0387, -1.1515 -0.3582 3.0462, -1.1682 -0.3964 3.0462, -1.189 -0.4326 3.0462, -1.2136 -0.4663 3.0462, -1.2419 -0.4971 3.0462, -1.2733 -0.5245 3.0462, -1.3076 -0.5483 3.0462, -1.3443 -0.5682 3.0462, -1.3829 -0.584 3.0462, -1.6289 -0.584 3.0462, -1.6676 -0.5682 3.0462, -1.7043 -0.5483 3.0462, -1.7386 -0.5245 3.0462, -1.77 -0.4971 3.0462, -1.7982 -0.4663 3.0462, -1.8229 -0.4326 3.0462, -1.8437 -0.3964 3.0462, -1.8604 -0.3582 3.0462, -1.4414 0.1813 2.7362, -1.4139 0.1766 2.7362, -1.4144 0.1747 2.7209, -1.3185 0.1416 2.7362, -1.286 0.1236 2.7362, -1.2871 0.1219 2.7209, -1.172 0.0162 2.7362, -1.1559 -0.0064 2.7362, -1.1576 -0.0075 2.7209, -1.1132 -0.0988 2.7362, -1.1029 -0.1344 2.7362, -1.1049 -0.1348 2.7209, -1.0982 -0.2909 2.7362, -1.1029 -0.3184 2.7362, -1.1049 -0.3179 2.7209, -1.138 -0.4139 2.7362, -1.1559 -0.4463 2.7362, -1.1576 -0.4452 2.7209, -1.2633 -0.5603 2.7362, -1.286 -0.5764 2.7362, -1.2871 -0.5747 2.7209, -1.3783 -0.6191 2.7362, -1.4139 -0.6294 2.7362, -1.4144 -0.6274 2.7209, -1.5705 -0.6341 2.7362, -1.5979 -0.6294 2.7362, -1.5975 -0.6274 2.7209, -1.6934 -0.5943 2.7362, -1.7259 -0.5764 2.7362, -1.7248 -0.5747 2.7209, -1.8399 -0.469 2.7362, -1.856 -0.4463 2.7362, -1.8542 -0.4452 2.7209, -1.8987 -0.354 2.7362, -1.909 -0.3184 2.7362, -1.907 -0.3179 2.7209, -1.9136 -0.1618 2.7362, -1.909 -0.1344 2.7362, -1.907 -0.1348 2.7209, -1.8739 -0.0389 2.7362, -1.856 -0.0064 2.7362, -1.8542 -0.0075 2.7209, -1.7486 0.1075 2.7362, -1.7259 0.1236 2.7362, -1.7248 0.1219 2.7209, -1.6336 0.1664 2.7362, -1.5979 0.1766 2.7362, -1.5975 0.1747 2.7209, -1.5456 0.1257 2.6772, -1.5848 0.1191 2.6772, -1.5473 0.1409 2.6792, -1.5882 0.134 2.6792, -1.5489 0.1551 2.6851, -1.5913 0.1479 2.6851, -1.5503 0.1672 2.6945, -1.5941 0.1598 2.6945, -1.5513 0.1765 2.7067, -1.5962 0.1689 2.7067, -1.552 0.1824 2.7209, -1.6597 0.0929 2.6772, -1.6944 0.0736 2.6772, -1.6663 0.1066 2.6792, -1.7026 0.0866 2.6792, -1.6725 0.1195 2.6851, -1.7102 0.0986 2.6851, -1.6778 0.1305 2.6945, -1.7167 0.109 2.6945, -1.6819 0.1389 2.7067, -1.7217 0.1169 2.7067, -1.6844 0.1443 2.7209, -1.783 -0.0055 2.6772, -1.806 -0.0379 2.6772, -1.7949 0.0041 2.6792, -1.8189 -0.0297 2.6792, -1.806 0.0129 2.6851, -1.831 -0.0222 2.6851, -1.8156 0.0206 2.6945, -1.8413 -0.0157 2.6945, -1.8229 0.0264 2.7067, -1.8493 -0.0107 2.7067, -1.8276 0.0301 2.7209, -1.8404 -0.1094 2.6772, -1.8514 -0.1475 2.6772, -1.8548 -0.1043 2.6792, -1.8663 -0.1441 2.6792, -1.8682 -0.0996 2.6851, -1.8802 -0.141 2.6851, -1.8798 -0.0956 2.6945, -1.8921 -0.1382 2.6945, -1.8886 -0.0925 2.7067, -1.9012 -0.1362 2.7067, -1.8942 -0.0905 2.7209, -1.858 -0.2661 2.6772, -1.8514 -0.3052 2.6772, -1.8732 -0.2678 2.6792, -1.8663 -0.3086 2.6792, -1.8874 -0.2694 2.6851, -1.8802 -0.3118 2.6851, -1.8995 -0.2707 2.6945, -1.8921 -0.3145 2.6945, -1.9089 -0.2718 2.7067, -1.9012 -0.3166 2.7067, -1.9147 -0.2724 2.7209, -1.8252 -0.3801 2.6772, -1.806 -0.4149 2.6772, -1.8389 -0.3868 2.6792, -1.8189 -0.423 2.6792, -1.8518 -0.3929 2.6851, -1.831 -0.4306 2.6851, -1.8628 -0.3982 2.6945, -1.8413 -0.4371 2.6945, -1.8712 -0.4023 2.7067, -1.8493 -0.4421 2.7067, -1.8766 -0.4049 2.7209, -1.7269 -0.5034 2.6772, -1.6944 -0.5264 2.6772, -1.7364 -0.5154 2.6792, -1.7026 -0.5393 2.6792, -1.7453 -0.5265 2.6851, -1.7102 -0.5514 2.6851, -1.7529 -0.5361 2.6945, -1.7167 -0.5618 2.6945, -1.7587 -0.5434 2.7067, -1.7217 -0.5697 2.7067, -1.7624 -0.548 2.7209, -1.623 -0.5608 2.6772, -1.5848 -0.5718 2.6772, -1.628 -0.5753 2.6792, -1.5882 -0.5867 2.6792, -1.6327 -0.5887 2.6851, -1.5913 -0.6006 2.6851, -1.6367 -0.6002 2.6945, -1.5941 -0.6125 2.6945, -1.6398 -0.6091 2.7067, -1.5962 -0.6217 2.7067, -1.6418 -0.6147 2.7209, -1.4663 -0.5785 2.6772, -1.4271 -0.5718 2.6772, -1.4645 -0.5937 2.6792, -1.4237 -0.5867 2.6792, -1.463 -0.6078 2.6851, -1.4205 -0.6006 2.6851, -1.4616 -0.62 2.6945, -1.4178 -0.6125 2.6945, -1.4605 -0.6293 2.7067, -1.4157 -0.6217 2.7067, -1.4599 -0.6352 2.7209, -1.3522 -0.5456 2.6772, -1.3174 -0.5264 2.6772, -1.3456 -0.5594 2.6792, -1.3093 -0.5393 2.6792, -1.3394 -0.5722 2.6851, -1.3017 -0.5514 2.6851, -1.3341 -0.5832 2.6945, -1.2952 -0.5618 2.6945, -1.33 -0.5917 2.7067, -1.2902 -0.5697 2.7067, -1.3274 -0.597 2.7209, -1.2289 -0.4473 2.6772, -1.2059 -0.4149 2.6772, -1.217 -0.4568 2.6792, -1.193 -0.423 2.6792, -1.2058 -0.4657 2.6851, -1.1809 -0.4306 2.6851, -1.1963 -0.4733 2.6945, -1.1706 -0.4371 2.6945, -1.1889 -0.4792 2.7067, -1.1626 -0.4421 2.7067, -1.1843 -0.4829 2.7209, -1.1715 -0.3434 2.6772, -1.1605 -0.3052 2.6772, -1.1571 -0.3485 2.6792, -1.1456 -0.3086 2.6792, -1.1436 -0.3532 2.6851, -1.1317 -0.3118 2.6851, -1.1321 -0.3572 2.6945, -1.1198 -0.3145 2.6945, -1.1232 -0.3603 2.7067, -1.1106 -0.3166 2.7067, -1.1176 -0.3623 2.7209, -1.1538 -0.1867 2.6772, -1.1605 -0.1475 2.6772, -1.1386 -0.185 2.6792, -1.1456 -0.1441 2.6792, -1.1245 -0.1834 2.6851, -1.1317 -0.141 2.6851, -1.1123 -0.182 2.6945, -1.1198 -0.1382 2.6945, -1.103 -0.181 2.7067, -1.1106 -0.1362 2.7067, -1.0971 -0.1803 2.7209, -1.1867 -0.0726 2.6772, -1.2059 -0.0379 2.6772, -1.1729 -0.066 2.6792, -1.193 -0.0297 2.6792, -1.1601 -0.0598 2.6851, -1.1809 -0.0222 2.6851, -1.1491 -0.0545 2.6945, -1.1706 -0.0157 2.6945, -1.1406 -0.0505 2.7067, -1.1626 -0.0107 2.7067, -1.1353 -0.0479 2.7209, -1.285 0.0506 2.6772, -1.3174 0.0736 2.6772, -1.2755 0.0626 2.6792, -1.3093 0.0866 2.6792, -1.2666 0.0737 2.6851, -1.3017 0.0986 2.6851, -1.259 0.0833 2.6945, -1.2952 0.109 2.6945, -1.2531 0.0906 2.7067, -1.2902 0.1169 2.7067, -1.2494 0.0952 2.7209, -1.3889 0.1081 2.6772, -1.4271 0.1191 2.6772, -1.3839 0.1225 2.6792, -1.4237 0.134 2.6792, -1.3791 0.1359 2.6851, -1.4205 0.1479 2.6851, -1.3751 0.1475 2.6945, -1.4178 0.1598 2.6945, -1.372 0.1563 2.7067, -1.4157 0.1689 2.7067, -1.3701 0.1619 2.7209, -1.5059 0.1279 2.6772, -1.5059 0.1432 2.6792, -1.5059 0.1575 2.6851, -1.5059 0.1697 2.6945, -1.5059 0.1791 2.7067, -1.5059 0.185 2.7209, -1.5059 0.187 2.7362, -1.5522 0.1844 2.7362, -1.5705 0.1813 2.7362, -1.6425 0.1638 2.7362, -1.6418 0.1619 2.7209, -1.6398 0.1563 2.7067, -1.6367 0.1475 2.6945, -1.6327 0.1359 2.6851, -1.628 0.1225 2.6792, -1.623 0.1081 2.6772, -1.6853 0.1461 2.7362, -1.6934 0.1416 2.7362, -1.7637 0.0968 2.7362, -1.7624 0.0952 2.7209, -1.7587 0.0906 2.7067, -1.7529 0.0833 2.6945, -1.7453 0.0737 2.6851, -1.7364 0.0626 2.6792, -1.7269 0.0506 2.6772, -1.7565 0.0242 2.6772, -1.7673 0.035 2.6792, -1.7774 0.045 2.6851, -1.786 0.0537 2.6945, -1.7926 0.0603 2.7067, -1.7968 0.0645 2.7209, -1.7982 0.0659 2.7362, -1.8291 0.0314 2.7362, -1.8399 0.0162 2.7362, -1.8784 -0.047 2.7362, -1.8766 -0.0479 2.7209, -1.8712 -0.0505 2.7067, -1.8628 -0.0545 2.6945, -1.8518 -0.0598 2.6851, -1.8389 -0.066 2.6792, -1.8252 -0.0726 2.6772, -1.8961 -0.0898 2.7362, -1.8987 -0.0988 2.7362, -1.9167 -0.1801 2.7362, -1.9147 -0.1803 2.7209, -1.9089 -0.181 2.7067, -1.8995 -0.182 2.6945, -1.8874 -0.1834 2.6851, -1.8732 -0.185 2.6792, -1.858 -0.1867 2.6772, -1.8603 -0.2264 2.6772, -1.8755 -0.2264 2.6792, -1.8898 -0.2264 2.6851, -1.902 -0.2264 2.6945, -1.9114 -0.2264 2.7067, -1.9173 -0.2264 2.7209, -1.9193 -0.2264 2.7362, -1.9167 -0.2727 2.7362, -1.9136 -0.2909 2.7362, -1.8961 -0.3629 2.7362, -1.8942 -0.3623 2.7209, -1.8886 -0.3603 2.7067, -1.8798 -0.3572 2.6945, -1.8682 -0.3532 2.6851, -1.8548 -0.3485 2.6792, -1.8404 -0.3434 2.6772, -1.8784 -0.4057 2.7362, -1.8739 -0.4139 2.7362, -1.8291 -0.4841 2.7362, -1.8276 -0.4829 2.7209, -1.8229 -0.4792 2.7067, -1.8156 -0.4733 2.6945, -1.806 -0.4657 2.6851, -1.7949 -0.4568 2.6792, -1.783 -0.4473 2.6772, -1.7565 -0.4769 2.6772, -1.7673 -0.4877 2.6792, -1.7774 -0.4978 2.6851, -1.786 -0.5065 2.6945, -1.7926 -0.5131 2.7067, -1.7968 -0.5173 2.7209, -1.7982 -0.5187 2.7362, -1.7637 -0.5496 2.7362, -1.7486 -0.5603 2.7362, -1.6853 -0.5988 2.7362, -1.6844 -0.597 2.7209, -1.6819 -0.5917 2.7067, -1.6778 -0.5832 2.6945, -1.6725 -0.5722 2.6851, -1.6663 -0.5594 2.6792, -1.6597 -0.5456 2.6772, -1.6425 -0.6166 2.7362, -1.6336 -0.6191 2.7362, -1.5522 -0.6372 2.7362, -1.552 -0.6352 2.7209, -1.5513 -0.6293 2.7067, -1.5503 -0.62 2.6945, -1.5489 -0.6078 2.6851, -1.5473 -0.5937 2.6792, -1.5456 -0.5785 2.6772, -1.5059 -0.5807 2.6772, -1.5059 -0.596 2.6792, -1.5059 -0.6102 2.6851, -1.5059 -0.6225 2.6945, -1.5059 -0.6319 2.7067, -1.5059 -0.6378 2.7209, -1.5059 -0.6398 2.7362, -1.4596 -0.6372 2.7362, -1.4414 -0.6341 2.7362, -1.3694 -0.6166 2.7362, -1.3701 -0.6147 2.7209, -1.372 -0.6091 2.7067, -1.3751 -0.6002 2.6945, -1.3791 -0.5887 2.6851, -1.3839 -0.5753 2.6792, -1.3889 -0.5608 2.6772, -1.3266 -0.5988 2.7362, -1.3185 -0.5943 2.7362, -1.2482 -0.5496 2.7362, -1.2494 -0.548 2.7209, -1.2531 -0.5434 2.7067, -1.259 -0.5361 2.6945, -1.2666 -0.5265 2.6851, -1.2755 -0.5154 2.6792, -1.285 -0.5034 2.6772, -1.2554 -0.4769 2.6772, -1.2446 -0.4877 2.6792, -1.2345 -0.4978 2.6851, -1.2259 -0.5065 2.6945, -1.2192 -0.5131 2.7067, -1.215 -0.5173 2.7209, -1.2136 -0.5187 2.7362, -1.1827 -0.4841 2.7362, -1.172 -0.469 2.7362, -1.1335 -0.4057 2.7362, -1.1353 -0.4049 2.7209, -1.1406 -0.4023 2.7067, -1.1491 -0.3982 2.6945, -1.1601 -0.3929 2.6851, -1.1729 -0.3868 2.6792, -1.1867 -0.3801 2.6772, -1.1157 -0.3629 2.7362, -1.1132 -0.354 2.7362, -1.0951 -0.2727 2.7362, -1.0971 -0.2724 2.7209, -1.103 -0.2718 2.7067, -1.1123 -0.2707 2.6945, -1.1245 -0.2694 2.6851, -1.1386 -0.2678 2.6792, -1.1538 -0.2661 2.6772, -1.1516 -0.2264 2.6772, -1.1363 -0.2264 2.6792, -1.1221 -0.2264 2.6851, -1.1098 -0.2264 2.6945, -1.1005 -0.2264 2.7067, -1.0946 -0.2264 2.7209, -1.0925 -0.2264 2.7362, -1.0951 -0.1801 2.7362, -1.0982 -0.1618 2.7362, -1.1157 -0.0898 2.7362, -1.1176 -0.0905 2.7209, -1.1232 -0.0925 2.7067, -1.1321 -0.0956 2.6945, -1.1436 -0.0996 2.6851, -1.1571 -0.1043 2.6792, -1.1715 -0.1094 2.6772, -1.1335 -0.047 2.7362, -1.138 -0.0389 2.7362, -1.1827 0.0314 2.7362, -1.1843 0.0301 2.7209, -1.1889 0.0264 2.7067, -1.1963 0.0206 2.6945, -1.2058 0.0129 2.6851, -1.217 0.0041 2.6792, -1.2289 -0.0055 2.6772, -1.2554 0.0242 2.6772, -1.2446 0.035 2.6792, -1.2345 0.045 2.6851, -1.2259 0.0537 2.6945, -1.2192 0.0603 2.7067, -1.215 0.0645 2.7209, -1.2136 0.0659 2.7362, -1.2482 0.0968 2.7362, -1.2633 0.1075 2.7362, -1.3266 0.1461 2.7362, -1.3274 0.1443 2.7209, -1.33 0.1389 2.7067, -1.3341 0.1305 2.6945, -1.3394 0.1195 2.6851, -1.3456 0.1066 2.6792, -1.3522 0.0929 2.6772, -1.3694 0.1638 2.7362, -1.3783 0.1664 2.7362, -1.4596 0.1844 2.7362, -1.4599 0.1824 2.7209, -1.4605 0.1765 2.7067, -1.4616 0.1672 2.6945, -1.463 0.1551 2.6851, -1.4645 0.1409 2.6792, -1.4663 0.1257 2.6772, -1.8641 -0.1516 3.05, -1.8624 -0.1516 3.0502, -1.8592 -0.1378 3.0503, -1.5807 0.129 3.0505, -1.5807 0.1301 3.0503, -1.5857 0.129 3.0503, -1.4311 0.1379 3.0485, -1.4231 0.1426 3.0462, -1.4654 0.1387 3.0496, -1.4643 0.1495 3.0462, -1.4842 0.1392 3.0503, -1.5059 0.1518 3.0462, -1.5476 0.1495 3.0462, -1.5372 0.1391 3.0501, -1.5059 0.1391 3.0502, -1.5888 0.1426 3.0462, -1.5807 0.1379 3.0485, -1.5465 0.1388 3.0498, -1.5836 0.1193 3.0512, -1.5807 0.12 3.0512, -1.6244 0.118 3.0503, -1.6212 0.1087 3.0512, -1.6616 0.1029 3.0503, -1.6574 0.0939 3.0512, -1.697 0.0837 3.0503, -1.6918 0.0753 3.0512, -1.73 0.0608 3.0503, -1.7239 0.053 3.0512, -1.7603 0.0343 3.0503, -1.7534 0.0272 3.0512, -1.7875 0.0047 3.0503, -1.7798 -0.0016 3.0512, -1.8112 -0.0277 3.0503, -1.8029 -0.0331 3.0512, -1.8312 -0.0626 3.0503, -1.8224 -0.067 3.0512, -1.8473 -0.0994 3.0503, -1.838 -0.1029 3.0512, -1.8496 -0.1402 3.0512, -1.8523 -0.1516 3.0512, -1.8855 -0.1516 3.0407, -1.8764 -0.1516 3.0458, -1.8727 -0.1344 3.0462, -1.8752 -0.1516 3.0465, -1.8952 -0.1516 3.0325, -1.8887 -0.1516 3.038, -1.8848 -0.1314 3.0387, -1.9033 -0.1516 3.0227, -1.899 -0.1516 3.0278, -1.8948 -0.1289 3.0284, -1.9088 -0.1516 3.0122, -1.9069 -0.1516 3.0157, -1.902 -0.1271 3.0159, -1.9118 -0.1516 3.0014, -1.9116 -0.1516 3.002, -1.9061 -0.1261 3.002, -1.9125 -0.1516 2.9921, -1.9069 -0.1259 2.9921, -1.8985 -0.0988 2.9921, -1.8926 -0.0826 3.002, -1.8934 -0.0823 2.9921, -1.8744 -0.0408 3.002, -1.8752 -0.0405 2.9921, -1.8742 -0.0388 2.9921, -1.8517 -0.0014 3.002, -1.8524 -0.0009 2.9921, -1.7486 0.1076 2.9921, -1.7602 0.0995 2.9921, -1.7597 0.0989 3.002, -1.7946 0.0695 2.9921, -1.794 0.0689 3.002, -1.7981 0.0658 2.9921, -1.8248 0.0354 3.002, -1.8255 0.0359 2.9921, -1.8399 0.0162 2.9921, -1.7228 0.1256 2.9921, -1.7223 0.1249 3.002, -1.6934 0.1415 2.9921, -1.6823 0.1466 3.002, -1.6827 0.1473 2.9921, -1.6401 0.1637 3.002, -1.6404 0.1645 2.9921, -1.4414 0.1813 2.9921, -1.4604 0.1845 2.9921, -1.4605 0.1837 3.002, -1.5059 0.187 2.9921, -1.5059 0.1862 3.002, -1.5515 0.1845 2.9921, -1.5514 0.1837 3.002, -1.5705 0.1813 2.9921, -1.5963 0.1761 3.002, -1.5965 0.177 2.9921, -1.6336 0.1665 2.9921, -1.4154 0.177 2.9921, -1.4156 0.1761 3.002, -1.3783 0.1665 2.9921, -1.3717 0.1637 3.002, -1.3715 0.1645 2.9921, -1.3296 0.1466 3.002, -1.3292 0.1473 2.9921, -1.2178 0.0689 3.002, -1.2516 0.0995 2.9921, -1.2521 0.0989 3.002, -1.2633 0.1076 2.9921, -1.2895 0.1249 3.002, -1.2891 0.1256 2.9921, -1.3185 0.1415 2.9921, -1.1871 0.0354 3.002, -1.2138 0.0658 2.9921, -1.2173 0.0695 2.9921, -1.1601 -0.0014 3.002, -1.172 0.0162 2.9921, -1.1864 0.0359 2.9921, -1.1193 -0.0826 3.002, -1.1367 -0.0405 2.9921, -1.1375 -0.0408 3.002, -1.1377 -0.0388 2.9921, -1.1594 -0.0009 2.9921, -1.1049 -0.1259 2.9921, -1.1133 -0.0988 2.9921, -1.1185 -0.0823 2.9921, -1.1058 -0.1261 3.002, -1.1004 -0.1516 3.002, -1.0994 -0.1516 2.9921, -1.1048 -0.1516 3.0157, -1.1039 -0.1516 3.0142, -1.1098 -0.1271 3.0159, -1.1005 -0.1516 3.0036, -1.117 -0.1289 3.0284, -1.1128 -0.1516 3.0278, -1.1097 -0.1516 3.0242, -1.127 -0.1314 3.0387, -1.1232 -0.1516 3.038, -1.1178 -0.1516 3.0336, -1.1391 -0.1344 3.0462, -1.1355 -0.1516 3.0457, -1.1277 -0.1516 3.0416, -1.1495 -0.1516 3.0504, -1.1495 -0.1516 3.0503, -1.1526 -0.1378 3.0503, -1.1383 -0.1516 3.0472, -1.1622 -0.1402 3.0512, -1.1596 -0.1516 3.0512, -1.4311 0.1301 3.0503, -1.4261 0.129 3.0503, -1.4311 0.129 3.0505, -1.1645 -0.0994 3.0503, -1.1738 -0.1029 3.0512, -1.1806 -0.0626 3.0503, -1.1895 -0.067 3.0512, -1.2007 -0.0277 3.0503, -1.2089 -0.0331 3.0512, -1.2244 0.0047 3.0503, -1.2321 -0.0016 3.0512, -1.2516 0.0343 3.0503, -1.2585 0.0272 3.0512, -1.2819 0.0608 3.0503, -1.288 0.053 3.0512, -1.3149 0.0837 3.0503, -1.3201 0.0753 3.0512, -1.3502 0.1029 3.0503, -1.3545 0.0939 3.0512, -1.3875 0.118 3.0503, -1.3907 0.1087 3.0512, -1.4283 0.1193 3.0512, -1.4311 0.12 3.0512, -1.8887 -0.084 3.0159, -1.8707 -0.0427 3.0159, -1.8482 -0.0036 3.0159, -1.8216 0.0327 3.0159, -1.7911 0.0659 3.0159, -1.7571 0.0956 3.0159, -1.7201 0.1213 3.0159, -1.6805 0.1428 3.0159, -1.6388 0.1598 3.0159, -1.5954 0.1721 3.0159, -1.5509 0.1795 3.0159, -1.5059 0.182 3.0159, -1.4609 0.1795 3.0159, -1.4165 0.1721 3.0159, -1.3731 0.1598 3.0159, -1.3313 0.1428 3.0159, -1.2917 0.1213 3.0159, -1.2547 0.0956 3.0159, -1.2208 0.0659 3.0159, -1.1903 0.0327 3.0159, -1.1637 -0.0036 3.0159, -1.1412 -0.0427 3.0159, -1.1232 -0.084 3.0159, -1.8817 -0.0866 3.0284, -1.864 -0.0461 3.0284, -1.842 -0.0077 3.0284, -1.8158 0.028 3.0284, -1.7859 0.0606 3.0284, -1.7526 0.0897 3.0284, -1.7162 0.115 3.0284, -1.6773 0.136 3.0284, -1.6363 0.1527 3.0284, -1.5938 0.1648 3.0284, -1.5501 0.1721 3.0284, -1.5059 0.1745 3.0284, -1.4617 0.1721 3.0284, -1.4181 0.1648 3.0284, -1.3755 0.1527 3.0284, -1.3345 0.136 3.0284, -1.2956 0.115 3.0284, -1.2593 0.0897 3.0284, -1.226 0.0606 3.0284, -1.196 0.028 3.0284, -1.1699 -0.0077 3.0284, -1.1479 -0.0461 3.0284, -1.1302 -0.0866 3.0284, -1.8721 -0.0902 3.0387, -1.8548 -0.0507 3.0387, -1.8333 -0.0133 3.0387, -1.8079 0.0215 3.0387, -1.7787 0.0532 3.0387, -1.7462 0.0816 3.0387, -1.7108 0.1062 3.0387, -1.6729 0.1268 3.0387, -1.633 0.143 3.0387, -1.5915 0.1548 3.0387, -1.549 0.1619 3.0387, -1.5059 0.1642 3.0387, -1.4629 0.1619 3.0387, -1.4204 0.1548 3.0387, -1.3789 0.143 3.0387, -1.3389 0.1268 3.0387, -1.301 0.1062 3.0387, -1.2656 0.0816 3.0387, -1.2331 0.0532 3.0387, -1.204 0.0215 3.0387, -1.1785 -0.0133 3.0387, -1.157 -0.0507 3.0387, -1.1398 -0.0902 3.0387, -1.8604 -0.0946 3.0462, -1.8437 -0.0563 3.0462, -1.8229 -0.0201 3.0462, -1.7982 0.0135 3.0462, -1.77 0.0443 3.0462, -1.7386 0.0717 3.0462, -1.7043 0.0956 3.0462, -1.6676 0.1155 3.0462, -1.6289 0.1312 3.0462, -1.3829 0.1312 3.0462, -1.3443 0.1155 3.0462, -1.3076 0.0956 3.0462, -1.2733 0.0717 3.0462, -1.2419 0.0443 3.0462, -1.2136 0.0135 3.0462, -1.189 -0.0201 3.0462, -1.1682 -0.0563 3.0462, -1.1515 -0.0946 3.0462, -1.0994 -0.3012 2.815, -1.0976 -0.2911 2.815, -1.3113 -0.3012 2.815, -1.0925 -0.2264 2.815, -1.3113 -0.1516 2.815, -1.0976 -0.1617 2.815, -1.0994 -0.1516 2.815, -1.9125 -0.1516 2.815, -1.9142 -0.1617 2.815, -1.7005 -0.1516 2.815, -1.9193 -0.2264 2.815, -1.7005 -0.3012 2.815, -1.9142 -0.2911 2.815, -1.9125 -0.3012 2.815, -1.5807 -0.3209 2.6772, -1.4311 -0.3209 2.6772, -1.6004 -0.3012 2.6772, -1.4114 -0.3012 2.6772, -1.6004 -0.1516 2.6772, -1.4114 -0.1516 2.6772, -1.5807 -0.1319 2.6772, -1.4311 -0.1319 2.6772, -1.6004 -0.3012 3.0512, -1.5807 -0.3209 3.0512, -1.5807 -0.5818 3.0505, -1.4311 -0.5818 3.0505, -1.4311 -0.3209 3.0512, -1.4114 -0.3012 3.0512, -1.4114 -0.1516 3.0512, -1.4311 -0.1319 3.0512, -1.4311 0.129 3.0505, -1.5807 0.129 3.0505, -1.5807 -0.1319 3.0512, -1.6004 -0.1516 3.0512, -1.7702 -0.0948 2.6772, -1.7416 -0.0484 2.6772, -1.7049 -0.0082 2.6772, -1.7999 -0.2536 2.6772, -1.7999 -0.1991 2.6772, -1.7899 -0.1456 2.6772, -1.7702 -0.358 2.6772, -1.7899 -0.3072 2.6772, -1.3505 -0.4774 2.6772, -1.307 -0.4446 2.6772, -1.2416 -0.358 2.6772, -1.2703 -0.4043 2.6772, -1.2119 -0.1991 2.6772, -1.2119 -0.2536 2.6772, -1.2219 -0.3072 2.6772, -1.2416 -0.0948 2.6772, -1.2219 -0.1456 2.6772, -1.3505 0.0247 2.6772, -1.307 -0.0082 2.6772, -1.2703 -0.0484 2.6772, -1.6614 0.0247 2.6772, -1.6126 0.049 2.6772, -1.5602 0.0639 2.6772, -1.7416 -0.4043 2.6772, -1.5059 0.0689 2.6772, -1.6614 -0.4774 2.6772, -1.7049 -0.4446 2.6772, -1.5059 -0.5217 2.6772, -1.5602 -0.5166 2.6772, -1.6126 -0.5017 2.6772, -1.3993 -0.5017 2.6772, -1.4517 -0.5166 2.6772, -1.3993 0.049 2.6772, -1.4517 0.0639 2.6772, -1.5059 -0.0098 1.2992, -1.4661 -0.0135 1.2992, -1.5059 -0.2264 1.2992, -1.6199 -0.0423 1.2992, -1.5842 -0.0245 1.2992, -1.5457 -0.0135 1.2992, -1.6998 -0.1299 1.2992, -1.6787 -0.0959 1.2992, -1.6518 -0.0664 1.2992, -1.7215 -0.2464 1.2992, -1.7215 -0.2064 1.2992, -1.7142 -0.1671 1.2992, -1.6787 -0.3569 1.2992, -1.6998 -0.3229 1.2992, -1.7142 -0.2856 1.2992, -1.5842 -0.4283 1.2992, -1.6199 -0.4105 1.2992, -1.6518 -0.3864 1.2992, -1.4661 -0.4392 1.2992, -1.5059 -0.4429 1.2992, -1.5457 -0.4392 1.2992, -1.3601 -0.3864 1.2992, -1.3919 -0.4105 1.2992, -1.4277 -0.4283 1.2992, -1.2977 -0.2856 1.2992, -1.3121 -0.3229 1.2992, -1.3331 -0.3569 1.2992, -1.2977 -0.1671 1.2992, -1.2903 -0.2064 1.2992, -1.2903 -0.2464 1.2992, -1.3601 -0.0664 1.2992, -1.3331 -0.0959 1.2992, -1.3121 -0.1299 1.2992, -1.4277 -0.0245 1.2992, -1.3919 -0.0423 1.2992
            ]
        }
        coordIndex [
            0,1,2,-1,3,4,5,-1,6,7,8,-1,8,7,9,-1,8,9,10,-1,10,9,11,-1,12,13,11,-1,11,13,14,-1,11,14,10,-1,15,16,12,-1,12,16,17,-1,12,17,13,-1,18,19,3,-1,3,5,18,-1,18,5,20,-1,18,20,21,-1,21,20,22,-1,21,22,23,-1,23,22,24,-1,23,24,25,-1,25,24,26,-1,25,26,27,-1,27,26,28,-1,27,28,29,-1,29,28,30,-1,29,30,31,-1,31,30,32,-1,31,32,33,-1,33,32,34,-1,33,34,35,-1,35,34,36,-1,35,36,37,-1,37,36,2,-1,37,2,38,-1,38,2,1,-1,38,1,39,-1,40,41,42,-1,42,41,43,-1,42,43,0,-1,44,45,46,-1,46,45,40,-1,47,48,49,-1,49,48,44,-1,50,51,52,-1,52,51,47,-1,53,54,55,-1,55,54,50,-1,56,53,57,-1,57,53,55,-1,57,55,58,-1,58,55,59,-1,58,59,60,-1,60,59,61,-1,60,61,62,-1,62,61,63,-1,63,61,64,-1,63,64,65,-1,66,67,68,-1,68,67,69,-1,68,69,70,-1,70,69,71,-1,70,71,72,-1,72,71,73,-1,72,73,64,-1,64,73,74,-1,64,74,65,-1,66,68,75,-1,75,68,76,-1,75,76,77,-1,77,76,78,-1,77,78,79,-1,79,78,80,-1,79,80,81,-1,82,83,84,-1,84,83,85,-1,84,85,86,-1,86,85,87,-1,86,87,88,-1,88,87,89,-1,88,89,90,-1,90,89,91,-1,90,91,80,-1,80,91,92,-1,80,92,81,-1,82,84,93,-1,93,84,94,-1,93,94,95,-1,95,94,96,-1,95,96,97,-1,97,96,98,-1,97,98,99,-1,100,101,102,-1,102,101,103,-1,102,103,104,-1,104,103,105,-1,104,105,98,-1,98,105,106,-1,98,106,99,-1,107,108,100,-1,100,108,109,-1,100,109,101,-1,110,111,107,-1,107,111,112,-1,107,112,108,-1,113,114,115,-1,115,114,116,-1,115,116,110,-1,110,116,117,-1,110,117,111,-1,118,119,113,-1,113,119,120,-1,113,120,114,-1,113,121,118,-1,118,121,122,-1,118,122,123,-1,124,125,126,-1,126,125,127,-1,128,129,130,-1,131,132,133,-1,134,135,136,-1,137,138,139,-1,139,138,140,-1,141,142,137,-1,6,143,144,-1,144,143,145,-1,137,139,141,-1,141,139,146,-1,141,146,147,-1,147,146,148,-1,147,148,149,-1,149,148,150,-1,149,150,151,-1,151,150,152,-1,151,152,153,-1,153,152,154,-1,153,154,155,-1,155,154,156,-1,155,156,157,-1,157,156,158,-1,157,158,159,-1,159,158,160,-1,159,160,161,-1,161,160,162,-1,161,162,163,-1,163,162,144,-1,163,144,164,-1,164,144,145,-1,164,145,165,-1,50,52,55,-1,55,52,166,-1,55,166,59,-1,59,166,167,-1,59,167,61,-1,61,167,168,-1,61,168,64,-1,64,168,169,-1,64,169,72,-1,72,169,170,-1,72,170,70,-1,70,170,171,-1,70,171,68,-1,68,171,172,-1,68,172,76,-1,76,172,173,-1,76,173,78,-1,78,173,174,-1,78,174,80,-1,80,174,175,-1,80,175,90,-1,90,175,176,-1,90,176,88,-1,88,176,177,-1,88,177,86,-1,86,177,178,-1,86,178,84,-1,84,178,179,-1,84,179,94,-1,94,179,180,-1,94,180,96,-1,96,180,181,-1,96,181,98,-1,98,181,182,-1,98,182,104,-1,104,182,183,-1,104,183,102,-1,102,183,184,-1,102,184,100,-1,100,184,185,-1,100,185,107,-1,107,185,186,-1,107,186,110,-1,110,186,187,-1,110,187,115,-1,115,187,188,-1,115,188,113,-1,113,188,126,-1,113,126,121,-1,121,126,127,-1,121,127,122,-1,47,49,52,-1,52,49,189,-1,52,189,166,-1,166,189,190,-1,166,190,167,-1,167,190,191,-1,167,191,168,-1,168,191,192,-1,168,192,169,-1,169,192,193,-1,169,193,170,-1,170,193,194,-1,170,194,171,-1,171,194,195,-1,171,195,172,-1,172,195,196,-1,172,196,173,-1,173,196,197,-1,173,197,174,-1,174,197,198,-1,174,198,175,-1,175,198,199,-1,175,199,176,-1,176,199,200,-1,176,200,177,-1,177,200,201,-1,177,201,178,-1,178,201,202,-1,178,202,179,-1,179,202,203,-1,179,203,180,-1,180,203,204,-1,180,204,181,-1,181,204,205,-1,181,205,182,-1,182,205,206,-1,182,206,183,-1,183,206,207,-1,183,207,184,-1,184,207,208,-1,184,208,185,-1,185,208,209,-1,185,209,186,-1,186,209,210,-1,186,210,187,-1,187,210,211,-1,187,211,188,-1,188,211,128,-1,188,128,126,-1,126,128,130,-1,126,130,124,-1,44,46,49,-1,49,46,212,-1,49,212,189,-1,189,212,213,-1,189,213,190,-1,190,213,214,-1,190,214,191,-1,191,214,215,-1,191,215,192,-1,192,215,216,-1,192,216,193,-1,193,216,217,-1,193,217,194,-1,194,217,218,-1,194,218,195,-1,195,218,219,-1,195,219,196,-1,196,219,220,-1,196,220,197,-1,197,220,221,-1,197,221,198,-1,198,221,222,-1,198,222,199,-1,199,222,223,-1,199,223,200,-1,200,223,224,-1,200,224,201,-1,201,224,225,-1,201,225,202,-1,202,225,226,-1,202,226,203,-1,203,226,227,-1,203,227,204,-1,204,227,228,-1,204,228,205,-1,205,228,229,-1,205,229,206,-1,206,229,230,-1,206,230,207,-1,207,230,231,-1,207,231,208,-1,208,231,232,-1,208,232,209,-1,209,232,233,-1,209,233,210,-1,210,233,234,-1,210,234,211,-1,211,234,131,-1,211,131,128,-1,128,131,133,-1,128,133,129,-1,40,42,46,-1,46,42,235,-1,46,235,212,-1,212,235,236,-1,212,236,213,-1,213,236,237,-1,213,237,214,-1,214,237,238,-1,214,238,215,-1,215,238,239,-1,215,239,216,-1,216,239,240,-1,216,240,217,-1,217,240,241,-1,217,241,218,-1,218,241,242,-1,218,242,219,-1,219,242,243,-1,219,243,220,-1,220,243,15,-1,220,15,221,-1,221,15,12,-1,221,12,222,-1,222,12,11,-1,222,11,223,-1,223,11,9,-1,223,9,224,-1,224,9,7,-1,224,7,225,-1,225,7,244,-1,225,244,226,-1,226,244,245,-1,226,245,227,-1,227,245,246,-1,227,246,228,-1,228,246,247,-1,228,247,229,-1,229,247,248,-1,229,248,230,-1,230,248,249,-1,230,249,231,-1,231,249,250,-1,231,250,232,-1,232,250,251,-1,232,251,233,-1,233,251,252,-1,233,252,234,-1,234,252,134,-1,234,134,131,-1,131,134,136,-1,131,136,132,-1,6,144,7,-1,7,144,162,-1,7,162,244,-1,244,162,160,-1,244,160,245,-1,245,160,158,-1,245,158,246,-1,246,158,156,-1,246,156,247,-1,247,156,154,-1,247,154,248,-1,248,154,152,-1,248,152,249,-1,249,152,150,-1,249,150,250,-1,250,150,148,-1,250,148,251,-1,251,148,146,-1,251,146,252,-1,252,146,139,-1,252,139,134,-1,134,139,140,-1,134,140,135,-1,0,2,42,-1,42,2,36,-1,42,36,235,-1,235,36,34,-1,235,34,236,-1,236,34,32,-1,236,32,237,-1,237,32,30,-1,237,30,238,-1,238,30,28,-1,238,28,239,-1,239,28,26,-1,239,26,240,-1,240,26,24,-1,240,24,241,-1,241,24,22,-1,241,22,242,-1,242,22,20,-1,242,20,243,-1,243,20,5,-1,243,5,15,-1,15,5,4,-1,15,4,16,-1,253,254,255,-1,256,257,258,-1,259,260,261,-1,262,263,264,-1,265,266,267,-1,268,269,270,-1,271,272,273,-1,274,275,276,-1,277,278,279,-1,280,281,282,-1,283,284,285,-1,286,287,288,-1,289,290,291,-1,292,293,294,-1,295,296,297,-1,298,299,300,-1,301,302,303,-1,303,302,304,-1,303,304,305,-1,305,304,306,-1,305,306,307,-1,307,306,308,-1,307,308,309,-1,309,308,310,-1,309,310,311,-1,311,310,300,-1,312,313,314,-1,314,313,315,-1,314,315,316,-1,316,315,317,-1,316,317,318,-1,318,317,319,-1,318,319,320,-1,320,319,321,-1,320,321,322,-1,322,321,297,-1,323,324,325,-1,325,324,326,-1,325,326,327,-1,327,326,328,-1,327,328,329,-1,329,328,330,-1,329,330,331,-1,331,330,332,-1,331,332,333,-1,333,332,294,-1,334,335,336,-1,336,335,337,-1,336,337,338,-1,338,337,339,-1,338,339,340,-1,340,339,341,-1,340,341,342,-1,342,341,343,-1,342,343,344,-1,344,343,291,-1,345,346,347,-1,347,346,348,-1,347,348,349,-1,349,348,350,-1,349,350,351,-1,351,350,352,-1,351,352,353,-1,353,352,354,-1,353,354,355,-1,355,354,288,-1,356,357,358,-1,358,357,359,-1,358,359,360,-1,360,359,361,-1,360,361,362,-1,362,361,363,-1,362,363,364,-1,364,363,365,-1,364,365,366,-1,366,365,285,-1,367,368,369,-1,369,368,370,-1,369,370,371,-1,371,370,372,-1,371,372,373,-1,373,372,374,-1,373,374,375,-1,375,374,376,-1,375,376,377,-1,377,376,282,-1,378,379,380,-1,380,379,381,-1,380,381,382,-1,382,381,383,-1,382,383,384,-1,384,383,385,-1,384,385,386,-1,386,385,387,-1,386,387,388,-1,388,387,279,-1,389,390,391,-1,391,390,392,-1,391,392,393,-1,393,392,394,-1,393,394,395,-1,395,394,396,-1,395,396,397,-1,397,396,398,-1,397,398,399,-1,399,398,276,-1,400,401,402,-1,402,401,403,-1,402,403,404,-1,404,403,405,-1,404,405,406,-1,406,405,407,-1,406,407,408,-1,408,407,409,-1,408,409,410,-1,410,409,273,-1,411,412,413,-1,413,412,414,-1,413,414,415,-1,415,414,416,-1,415,416,417,-1,417,416,418,-1,417,418,419,-1,419,418,420,-1,419,420,421,-1,421,420,270,-1,422,423,424,-1,424,423,425,-1,424,425,426,-1,426,425,427,-1,426,427,428,-1,428,427,429,-1,428,429,430,-1,430,429,431,-1,430,431,432,-1,432,431,267,-1,433,434,435,-1,435,434,436,-1,435,436,437,-1,437,436,438,-1,437,438,439,-1,439,438,440,-1,439,440,441,-1,441,440,442,-1,441,442,443,-1,443,442,264,-1,444,445,446,-1,446,445,447,-1,446,447,448,-1,448,447,449,-1,448,449,450,-1,450,449,451,-1,450,451,452,-1,452,451,453,-1,452,453,454,-1,454,453,261,-1,455,456,457,-1,457,456,458,-1,457,458,459,-1,459,458,460,-1,459,460,461,-1,461,460,462,-1,461,462,463,-1,463,462,464,-1,463,464,465,-1,465,464,258,-1,466,467,468,-1,468,467,469,-1,468,469,470,-1,470,469,471,-1,470,471,472,-1,472,471,473,-1,472,473,474,-1,474,473,475,-1,474,475,476,-1,476,475,255,-1,477,301,478,-1,478,301,303,-1,478,303,479,-1,479,303,305,-1,479,305,480,-1,480,305,307,-1,480,307,481,-1,481,307,309,-1,481,309,482,-1,482,309,311,-1,482,311,483,-1,483,311,484,-1,300,299,311,-1,311,299,485,-1,311,485,484,-1,486,298,487,-1,487,298,300,-1,487,300,488,-1,488,300,310,-1,488,310,489,-1,489,310,308,-1,489,308,490,-1,490,308,306,-1,490,306,491,-1,491,306,304,-1,491,304,492,-1,492,304,302,-1,492,312,491,-1,491,312,314,-1,491,314,490,-1,490,314,316,-1,490,316,489,-1,489,316,318,-1,489,318,488,-1,488,318,320,-1,488,320,487,-1,487,320,322,-1,487,322,486,-1,486,322,493,-1,297,296,322,-1,322,296,494,-1,322,494,493,-1,495,295,496,-1,496,295,297,-1,496,297,497,-1,497,297,321,-1,497,321,498,-1,498,321,319,-1,498,319,499,-1,499,319,317,-1,499,317,500,-1,500,317,315,-1,500,315,501,-1,501,315,313,-1,501,502,500,-1,500,502,503,-1,500,503,499,-1,499,503,504,-1,499,504,498,-1,498,504,505,-1,498,505,497,-1,497,505,506,-1,497,506,496,-1,496,506,507,-1,496,507,495,-1,495,507,508,-1,502,323,503,-1,503,323,325,-1,503,325,504,-1,504,325,327,-1,504,327,505,-1,505,327,329,-1,505,329,506,-1,506,329,331,-1,506,331,507,-1,507,331,333,-1,507,333,508,-1,508,333,509,-1,294,293,333,-1,333,293,510,-1,333,510,509,-1,511,292,512,-1,512,292,294,-1,512,294,513,-1,513,294,332,-1,513,332,514,-1,514,332,330,-1,514,330,515,-1,515,330,328,-1,515,328,516,-1,516,328,326,-1,516,326,517,-1,517,326,324,-1,517,334,516,-1,516,334,336,-1,516,336,515,-1,515,336,338,-1,515,338,514,-1,514,338,340,-1,514,340,513,-1,513,340,342,-1,513,342,512,-1,512,342,344,-1,512,344,511,-1,511,344,518,-1,291,290,344,-1,344,290,519,-1,344,519,518,-1,520,289,521,-1,521,289,291,-1,521,291,522,-1,522,291,343,-1,522,343,523,-1,523,343,341,-1,523,341,524,-1,524,341,339,-1,524,339,525,-1,525,339,337,-1,525,337,526,-1,526,337,335,-1,526,527,525,-1,525,527,528,-1,525,528,524,-1,524,528,529,-1,524,529,523,-1,523,529,530,-1,523,530,522,-1,522,530,531,-1,522,531,521,-1,521,531,532,-1,521,532,520,-1,520,532,533,-1,527,345,528,-1,528,345,347,-1,528,347,529,-1,529,347,349,-1,529,349,530,-1,530,349,351,-1,530,351,531,-1,531,351,353,-1,531,353,532,-1,532,353,355,-1,532,355,533,-1,533,355,534,-1,288,287,355,-1,355,287,535,-1,355,535,534,-1,536,286,537,-1,537,286,288,-1,537,288,538,-1,538,288,354,-1,538,354,539,-1,539,354,352,-1,539,352,540,-1,540,352,350,-1,540,350,541,-1,541,350,348,-1,541,348,542,-1,542,348,346,-1,542,356,541,-1,541,356,358,-1,541,358,540,-1,540,358,360,-1,540,360,539,-1,539,360,362,-1,539,362,538,-1,538,362,364,-1,538,364,537,-1,537,364,366,-1,537,366,536,-1,536,366,543,-1,285,284,366,-1,366,284,544,-1,366,544,543,-1,545,283,546,-1,546,283,285,-1,546,285,547,-1,547,285,365,-1,547,365,548,-1,548,365,363,-1,548,363,549,-1,549,363,361,-1,549,361,550,-1,550,361,359,-1,550,359,551,-1,551,359,357,-1,551,552,550,-1,550,552,553,-1,550,553,549,-1,549,553,554,-1,549,554,548,-1,548,554,555,-1,548,555,547,-1,547,555,556,-1,547,556,546,-1,546,556,557,-1,546,557,545,-1,545,557,558,-1,552,367,553,-1,553,367,369,-1,553,369,554,-1,554,369,371,-1,554,371,555,-1,555,371,373,-1,555,373,556,-1,556,373,375,-1,556,375,557,-1,557,375,377,-1,557,377,558,-1,558,377,559,-1,282,281,377,-1,377,281,560,-1,377,560,559,-1,561,280,562,-1,562,280,282,-1,562,282,563,-1,563,282,376,-1,563,376,564,-1,564,376,374,-1,564,374,565,-1,565,374,372,-1,565,372,566,-1,566,372,370,-1,566,370,567,-1,567,370,368,-1,567,378,566,-1,566,378,380,-1,566,380,565,-1,565,380,382,-1,565,382,564,-1,564,382,384,-1,564,384,563,-1,563,384,386,-1,563,386,562,-1,562,386,388,-1,562,388,561,-1,561,388,568,-1,279,278,388,-1,388,278,569,-1,388,569,568,-1,570,277,571,-1,571,277,279,-1,571,279,572,-1,572,279,387,-1,572,387,573,-1,573,387,385,-1,573,385,574,-1,574,385,383,-1,574,383,575,-1,575,383,381,-1,575,381,576,-1,576,381,379,-1,576,577,575,-1,575,577,578,-1,575,578,574,-1,574,578,579,-1,574,579,573,-1,573,579,580,-1,573,580,572,-1,572,580,581,-1,572,581,571,-1,571,581,582,-1,571,582,570,-1,570,582,583,-1,577,389,578,-1,578,389,391,-1,578,391,579,-1,579,391,393,-1,579,393,580,-1,580,393,395,-1,580,395,581,-1,581,395,397,-1,581,397,582,-1,582,397,399,-1,582,399,583,-1,583,399,584,-1,276,275,399,-1,399,275,585,-1,399,585,584,-1,586,274,587,-1,587,274,276,-1,587,276,588,-1,588,276,398,-1,588,398,589,-1,589,398,396,-1,589,396,590,-1,590,396,394,-1,590,394,591,-1,591,394,392,-1,591,392,592,-1,592,392,390,-1,592,400,591,-1,591,400,402,-1,591,402,590,-1,590,402,404,-1,590,404,589,-1,589,404,406,-1,589,406,588,-1,588,406,408,-1,588,408,587,-1,587,408,410,-1,587,410,586,-1,586,410,593,-1,273,272,410,-1,410,272,594,-1,410,594,593,-1,595,271,596,-1,596,271,273,-1,596,273,597,-1,597,273,409,-1,597,409,598,-1,598,409,407,-1,598,407,599,-1,599,407,405,-1,599,405,600,-1,600,405,403,-1,600,403,601,-1,601,403,401,-1,601,602,600,-1,600,602,603,-1,600,603,599,-1,599,603,604,-1,599,604,598,-1,598,604,605,-1,598,605,597,-1,597,605,606,-1,597,606,596,-1,596,606,607,-1,596,607,595,-1,595,607,608,-1,602,411,603,-1,603,411,413,-1,603,413,604,-1,604,413,415,-1,604,415,605,-1,605,415,417,-1,605,417,606,-1,606,417,419,-1,606,419,607,-1,607,419,421,-1,607,421,608,-1,608,421,609,-1,270,269,421,-1,421,269,610,-1,421,610,609,-1,611,268,612,-1,612,268,270,-1,612,270,613,-1,613,270,420,-1,613,420,614,-1,614,420,418,-1,614,418,615,-1,615,418,416,-1,615,416,616,-1,616,416,414,-1,616,414,617,-1,617,414,412,-1,617,422,616,-1,616,422,424,-1,616,424,615,-1,615,424,426,-1,615,426,614,-1,614,426,428,-1,614,428,613,-1,613,428,430,-1,613,430,612,-1,612,430,432,-1,612,432,611,-1,611,432,618,-1,267,266,432,-1,432,266,619,-1,432,619,618,-1,620,265,621,-1,621,265,267,-1,621,267,622,-1,622,267,431,-1,622,431,623,-1,623,431,429,-1,623,429,624,-1,624,429,427,-1,624,427,625,-1,625,427,425,-1,625,425,626,-1,626,425,423,-1,626,627,625,-1,625,627,628,-1,625,628,624,-1,624,628,629,-1,624,629,623,-1,623,629,630,-1,623,630,622,-1,622,630,631,-1,622,631,621,-1,621,631,632,-1,621,632,620,-1,620,632,633,-1,627,433,628,-1,628,433,435,-1,628,435,629,-1,629,435,437,-1,629,437,630,-1,630,437,439,-1,630,439,631,-1,631,439,441,-1,631,441,632,-1,632,441,443,-1,632,443,633,-1,633,443,634,-1,264,263,443,-1,443,263,635,-1,443,635,634,-1,636,262,637,-1,637,262,264,-1,637,264,638,-1,638,264,442,-1,638,442,639,-1,639,442,440,-1,639,440,640,-1,640,440,438,-1,640,438,641,-1,641,438,436,-1,641,436,642,-1,642,436,434,-1,642,444,641,-1,641,444,446,-1,641,446,640,-1,640,446,448,-1,640,448,639,-1,639,448,450,-1,639,450,638,-1,638,450,452,-1,638,452,637,-1,637,452,454,-1,637,454,636,-1,636,454,643,-1,261,260,454,-1,454,260,644,-1,454,644,643,-1,645,259,646,-1,646,259,261,-1,646,261,647,-1,647,261,453,-1,647,453,648,-1,648,453,451,-1,648,451,649,-1,649,451,449,-1,649,449,650,-1,650,449,447,-1,650,447,651,-1,651,447,445,-1,651,652,650,-1,650,652,653,-1,650,653,649,-1,649,653,654,-1,649,654,648,-1,648,654,655,-1,648,655,647,-1,647,655,656,-1,647,656,646,-1,646,656,657,-1,646,657,645,-1,645,657,658,-1,652,455,653,-1,653,455,457,-1,653,457,654,-1,654,457,459,-1,654,459,655,-1,655,459,461,-1,655,461,656,-1,656,461,463,-1,656,463,657,-1,657,463,465,-1,657,465,658,-1,658,465,659,-1,258,257,465,-1,465,257,660,-1,465,660,659,-1,661,256,662,-1,662,256,258,-1,662,258,663,-1,663,258,464,-1,663,464,664,-1,664,464,462,-1,664,462,665,-1,665,462,460,-1,665,460,666,-1,666,460,458,-1,666,458,667,-1,667,458,456,-1,667,466,666,-1,666,466,468,-1,666,468,665,-1,665,468,470,-1,665,470,664,-1,664,470,472,-1,664,472,663,-1,663,472,474,-1,663,474,662,-1,662,474,476,-1,662,476,661,-1,661,476,668,-1,255,254,476,-1,476,254,669,-1,476,669,668,-1,670,253,671,-1,671,253,255,-1,671,255,672,-1,672,255,475,-1,672,475,673,-1,673,475,473,-1,673,473,674,-1,674,473,471,-1,674,471,675,-1,675,471,469,-1,675,469,676,-1,676,469,467,-1,676,477,675,-1,675,477,478,-1,675,478,674,-1,674,478,479,-1,674,479,673,-1,673,479,480,-1,673,480,672,-1,672,480,481,-1,672,481,671,-1,671,481,482,-1,671,482,670,-1,670,482,483,-1,677,678,679,-1,680,681,682,-1,683,684,685,-1,685,684,686,-1,685,686,687,-1,687,686,688,-1,689,690,688,-1,688,690,691,-1,688,691,687,-1,692,693,689,-1,689,693,694,-1,689,694,690,-1,695,696,680,-1,680,682,695,-1,695,682,697,-1,695,697,698,-1,698,697,699,-1,698,699,700,-1,700,699,701,-1,700,701,702,-1,702,701,703,-1,702,703,704,-1,704,703,705,-1,704,705,706,-1,706,705,707,-1,706,707,708,-1,708,707,709,-1,708,709,710,-1,710,709,711,-1,710,711,712,-1,712,711,713,-1,712,713,714,-1,714,713,679,-1,714,679,715,-1,715,679,678,-1,715,678,716,-1,717,718,719,-1,719,718,720,-1,719,720,677,-1,721,722,723,-1,723,722,717,-1,724,725,726,-1,726,725,721,-1,727,728,729,-1,729,728,724,-1,730,731,732,-1,732,731,727,-1,733,730,734,-1,734,730,732,-1,734,732,735,-1,735,732,736,-1,735,736,737,-1,737,736,738,-1,737,738,739,-1,739,738,740,-1,740,738,741,-1,740,741,742,-1,743,744,745,-1,745,744,746,-1,745,746,747,-1,747,746,748,-1,747,748,749,-1,749,748,750,-1,749,750,741,-1,741,750,751,-1,741,751,742,-1,743,745,752,-1,752,745,753,-1,752,753,754,-1,754,753,755,-1,754,755,756,-1,756,755,757,-1,756,757,758,-1,759,760,761,-1,761,760,762,-1,761,762,763,-1,763,762,764,-1,763,764,765,-1,765,764,766,-1,765,766,767,-1,767,766,768,-1,767,768,757,-1,757,768,769,-1,757,769,758,-1,759,761,770,-1,770,761,771,-1,770,771,772,-1,772,771,773,-1,772,773,774,-1,774,773,775,-1,774,775,776,-1,777,778,779,-1,779,778,780,-1,779,780,781,-1,781,780,782,-1,781,782,775,-1,775,782,783,-1,775,783,776,-1,784,785,777,-1,777,785,786,-1,777,786,778,-1,787,788,784,-1,784,788,789,-1,784,789,785,-1,790,791,792,-1,792,791,793,-1,792,793,787,-1,787,793,794,-1,787,794,788,-1,795,796,790,-1,790,796,797,-1,790,797,791,-1,790,798,795,-1,795,798,799,-1,795,799,800,-1,801,802,803,-1,803,802,804,-1,805,806,807,-1,808,809,810,-1,811,812,813,-1,814,815,816,-1,816,815,817,-1,818,819,814,-1,683,820,821,-1,821,820,822,-1,814,816,818,-1,818,816,823,-1,818,823,824,-1,824,823,825,-1,824,825,826,-1,826,825,827,-1,826,827,828,-1,828,827,829,-1,828,829,830,-1,830,829,831,-1,830,831,832,-1,832,831,833,-1,832,833,834,-1,834,833,835,-1,834,835,836,-1,836,835,837,-1,836,837,838,-1,838,837,839,-1,838,839,840,-1,840,839,821,-1,840,821,841,-1,841,821,822,-1,841,822,842,-1,727,729,732,-1,732,729,843,-1,732,843,736,-1,736,843,844,-1,736,844,738,-1,738,844,845,-1,738,845,741,-1,741,845,846,-1,741,846,749,-1,749,846,847,-1,749,847,747,-1,747,847,848,-1,747,848,745,-1,745,848,849,-1,745,849,753,-1,753,849,850,-1,753,850,755,-1,755,850,851,-1,755,851,757,-1,757,851,852,-1,757,852,767,-1,767,852,853,-1,767,853,765,-1,765,853,854,-1,765,854,763,-1,763,854,855,-1,763,855,761,-1,761,855,856,-1,761,856,771,-1,771,856,857,-1,771,857,773,-1,773,857,858,-1,773,858,775,-1,775,858,859,-1,775,859,781,-1,781,859,860,-1,781,860,779,-1,779,860,861,-1,779,861,777,-1,777,861,862,-1,777,862,784,-1,784,862,863,-1,784,863,787,-1,787,863,864,-1,787,864,792,-1,792,864,865,-1,792,865,790,-1,790,865,803,-1,790,803,798,-1,798,803,804,-1,798,804,799,-1,724,726,729,-1,729,726,866,-1,729,866,843,-1,843,866,867,-1,843,867,844,-1,844,867,868,-1,844,868,845,-1,845,868,869,-1,845,869,846,-1,846,869,870,-1,846,870,847,-1,847,870,871,-1,847,871,848,-1,848,871,872,-1,848,872,849,-1,849,872,873,-1,849,873,850,-1,850,873,874,-1,850,874,851,-1,851,874,875,-1,851,875,852,-1,852,875,876,-1,852,876,853,-1,853,876,877,-1,853,877,854,-1,854,877,878,-1,854,878,855,-1,855,878,879,-1,855,879,856,-1,856,879,880,-1,856,880,857,-1,857,880,881,-1,857,881,858,-1,858,881,882,-1,858,882,859,-1,859,882,883,-1,859,883,860,-1,860,883,884,-1,860,884,861,-1,861,884,885,-1,861,885,862,-1,862,885,886,-1,862,886,863,-1,863,886,887,-1,863,887,864,-1,864,887,888,-1,864,888,865,-1,865,888,805,-1,865,805,803,-1,803,805,807,-1,803,807,801,-1,721,723,726,-1,726,723,889,-1,726,889,866,-1,866,889,890,-1,866,890,867,-1,867,890,891,-1,867,891,868,-1,868,891,892,-1,868,892,869,-1,869,892,893,-1,869,893,870,-1,870,893,894,-1,870,894,871,-1,871,894,895,-1,871,895,872,-1,872,895,896,-1,872,896,873,-1,873,896,897,-1,873,897,874,-1,874,897,898,-1,874,898,875,-1,875,898,899,-1,875,899,876,-1,876,899,900,-1,876,900,877,-1,877,900,901,-1,877,901,878,-1,878,901,902,-1,878,902,879,-1,879,902,903,-1,879,903,880,-1,880,903,904,-1,880,904,881,-1,881,904,905,-1,881,905,882,-1,882,905,906,-1,882,906,883,-1,883,906,907,-1,883,907,884,-1,884,907,908,-1,884,908,885,-1,885,908,909,-1,885,909,886,-1,886,909,910,-1,886,910,887,-1,887,910,911,-1,887,911,888,-1,888,911,808,-1,888,808,805,-1,805,808,810,-1,805,810,806,-1,717,719,723,-1,723,719,912,-1,723,912,889,-1,889,912,913,-1,889,913,890,-1,890,913,914,-1,890,914,891,-1,891,914,915,-1,891,915,892,-1,892,915,916,-1,892,916,893,-1,893,916,917,-1,893,917,894,-1,894,917,918,-1,894,918,895,-1,895,918,919,-1,895,919,896,-1,896,919,920,-1,896,920,897,-1,897,920,692,-1,897,692,898,-1,898,692,689,-1,898,689,899,-1,899,689,688,-1,899,688,900,-1,900,688,686,-1,900,686,901,-1,901,686,684,-1,901,684,902,-1,902,684,921,-1,902,921,903,-1,903,921,922,-1,903,922,904,-1,904,922,923,-1,904,923,905,-1,905,923,924,-1,905,924,906,-1,906,924,925,-1,906,925,907,-1,907,925,926,-1,907,926,908,-1,908,926,927,-1,908,927,909,-1,909,927,928,-1,909,928,910,-1,910,928,929,-1,910,929,911,-1,911,929,811,-1,911,811,808,-1,808,811,813,-1,808,813,809,-1,683,821,684,-1,684,821,839,-1,684,839,921,-1,921,839,837,-1,921,837,922,-1,922,837,835,-1,922,835,923,-1,923,835,833,-1,923,833,924,-1,924,833,831,-1,924,831,925,-1,925,831,829,-1,925,829,926,-1,926,829,827,-1,926,827,927,-1,927,827,825,-1,927,825,928,-1,928,825,823,-1,928,823,929,-1,929,823,816,-1,929,816,811,-1,811,816,817,-1,811,817,812,-1,677,679,719,-1,719,679,713,-1,719,713,912,-1,912,713,711,-1,912,711,913,-1,913,711,709,-1,913,709,914,-1,914,709,707,-1,914,707,915,-1,915,707,705,-1,915,705,916,-1,916,705,703,-1,916,703,917,-1,917,703,701,-1,917,701,918,-1,918,701,699,-1,918,699,919,-1,919,699,697,-1,919,697,920,-1,920,697,682,-1,920,682,692,-1,692,682,681,-1,692,681,693,-1,930,931,932,-1,932,931,933,-1,932,933,934,-1,934,933,935,-1,934,935,936,-1,937,938,939,-1,939,938,940,-1,939,940,941,-1,941,940,942,-1,941,942,943,-1,944,945,946,-1,946,945,947,-1,946,947,948,-1,948,947,949,-1,948,949,950,-1,950,949,951,-1,952,946,941,-1,122,941,123,-1,123,941,943,-1,129,941,130,-1,130,941,124,-1,122,127,941,-1,941,127,125,-1,941,125,124,-1,129,133,941,-1,941,133,132,-1,941,132,136,-1,136,135,941,-1,941,135,140,-1,941,140,138,-1,138,137,941,-1,941,137,142,-1,941,142,952,-1,944,953,165,-1,165,954,944,-1,944,954,143,-1,944,143,6,-1,6,8,944,-1,944,8,10,-1,10,14,944,-1,944,14,13,-1,944,13,945,-1,945,13,17,-1,945,17,16,-1,945,16,4,-1,4,955,945,-1,945,955,19,-1,945,19,956,-1,932,947,957,-1,54,957,39,-1,930,932,56,-1,56,932,957,-1,56,957,53,-1,53,957,54,-1,39,1,54,-1,54,1,0,-1,54,0,43,-1,43,41,54,-1,54,41,40,-1,54,40,45,-1,48,47,51,-1,50,54,51,-1,51,54,45,-1,51,45,48,-1,48,45,44,-1,958,949,934,-1,799,934,800,-1,800,934,936,-1,806,934,807,-1,807,934,801,-1,799,804,934,-1,934,804,802,-1,934,802,801,-1,806,810,934,-1,934,810,809,-1,934,809,813,-1,813,812,934,-1,934,812,817,-1,934,817,815,-1,815,814,934,-1,934,814,819,-1,934,819,958,-1,951,959,842,-1,842,960,951,-1,951,960,820,-1,951,820,683,-1,683,685,951,-1,951,685,687,-1,687,691,951,-1,951,691,690,-1,951,690,950,-1,950,690,694,-1,950,694,693,-1,950,693,681,-1,681,961,950,-1,950,961,696,-1,950,696,962,-1,939,948,963,-1,728,727,731,-1,678,731,716,-1,716,731,963,-1,937,939,733,-1,733,939,963,-1,733,963,730,-1,730,963,731,-1,722,731,717,-1,717,731,718,-1,678,677,731,-1,731,677,720,-1,731,720,718,-1,722,721,731,-1,731,721,725,-1,731,725,728,-1,728,725,724,-1,964,324,965,-1,965,324,323,-1,965,323,966,-1,967,527,968,-1,968,527,526,-1,968,526,969,-1,970,542,971,-1,971,542,346,-1,971,346,967,-1,967,346,345,-1,967,345,527,-1,526,335,969,-1,969,335,334,-1,969,334,964,-1,964,334,517,-1,964,517,324,-1,972,973,601,-1,974,412,975,-1,975,412,411,-1,975,411,973,-1,973,411,602,-1,973,602,601,-1,976,627,977,-1,977,627,626,-1,977,626,978,-1,979,642,980,-1,980,642,434,-1,980,434,976,-1,976,434,433,-1,976,433,627,-1,981,455,982,-1,982,455,652,-1,982,652,983,-1,984,312,985,-1,985,312,492,-1,985,492,986,-1,987,357,970,-1,970,357,356,-1,970,356,542,-1,626,423,978,-1,978,423,422,-1,978,422,974,-1,974,422,617,-1,974,617,412,-1,492,302,986,-1,986,302,301,-1,986,301,988,-1,323,502,966,-1,966,502,501,-1,966,501,984,-1,984,501,313,-1,984,313,312,-1,989,367,990,-1,990,367,552,-1,990,552,987,-1,987,552,551,-1,987,551,357,-1,991,576,992,-1,992,576,379,-1,992,379,993,-1,601,401,972,-1,972,401,400,-1,972,400,994,-1,994,400,592,-1,994,592,995,-1,652,651,983,-1,983,651,445,-1,983,445,979,-1,979,445,444,-1,979,444,642,-1,996,667,981,-1,981,667,456,-1,981,456,455,-1,301,477,988,-1,988,477,676,-1,988,676,997,-1,997,676,467,-1,997,467,996,-1,996,467,466,-1,996,466,667,-1,379,378,993,-1,993,378,567,-1,993,567,989,-1,989,567,368,-1,989,368,367,-1,592,390,995,-1,995,390,389,-1,995,389,991,-1,991,389,577,-1,991,577,576,-1,56,619,930,-1,930,619,266,-1,930,266,931,-1,266,265,931,-1,931,265,620,-1,931,620,933,-1,620,633,933,-1,933,633,634,-1,933,634,935,-1,795,800,936,-1,796,795,262,-1,262,795,936,-1,262,936,263,-1,263,936,935,-1,263,935,635,-1,635,935,634,-1,733,519,937,-1,937,519,290,-1,937,290,938,-1,290,289,938,-1,938,289,520,-1,938,520,940,-1,520,533,940,-1,940,533,534,-1,940,534,942,-1,118,123,943,-1,119,118,286,-1,286,118,943,-1,286,943,287,-1,287,943,942,-1,287,942,535,-1,535,942,534,-1,733,734,519,-1,519,734,735,-1,519,735,518,-1,518,735,737,-1,518,737,511,-1,511,737,739,-1,511,739,292,-1,292,739,740,-1,292,740,293,-1,293,740,742,-1,293,742,510,-1,510,742,751,-1,510,751,509,-1,509,751,750,-1,509,750,508,-1,544,114,543,-1,543,114,120,-1,119,286,120,-1,120,286,536,-1,120,536,543,-1,559,109,558,-1,558,109,108,-1,558,108,545,-1,545,108,112,-1,545,112,283,-1,283,112,111,-1,283,111,284,-1,284,111,117,-1,284,117,544,-1,544,117,116,-1,544,116,114,-1,608,69,595,-1,595,69,67,-1,595,67,271,-1,271,67,66,-1,271,66,272,-1,272,66,75,-1,272,75,594,-1,594,75,77,-1,594,77,593,-1,593,77,79,-1,593,79,586,-1,586,79,81,-1,586,81,274,-1,274,81,92,-1,274,92,275,-1,275,92,91,-1,275,91,585,-1,585,91,89,-1,585,89,584,-1,584,89,87,-1,584,87,583,-1,583,87,85,-1,583,85,570,-1,570,85,83,-1,570,83,277,-1,277,83,82,-1,277,82,278,-1,278,82,93,-1,278,93,569,-1,569,93,95,-1,569,95,568,-1,568,95,97,-1,568,97,561,-1,561,97,99,-1,561,99,280,-1,280,99,106,-1,280,106,281,-1,281,106,105,-1,281,105,560,-1,560,105,103,-1,560,103,559,-1,559,103,101,-1,559,101,109,-1,56,57,619,-1,619,57,58,-1,619,58,618,-1,618,58,60,-1,618,60,611,-1,611,60,62,-1,611,62,268,-1,268,62,63,-1,268,63,269,-1,269,63,65,-1,269,65,610,-1,610,65,74,-1,610,74,609,-1,609,74,73,-1,609,73,608,-1,608,73,71,-1,608,71,69,-1,644,791,643,-1,643,791,797,-1,796,262,797,-1,797,262,636,-1,797,636,643,-1,659,786,658,-1,658,786,785,-1,658,785,645,-1,645,785,789,-1,645,789,259,-1,259,789,788,-1,259,788,260,-1,260,788,794,-1,260,794,644,-1,644,794,793,-1,644,793,791,-1,750,748,508,-1,508,748,746,-1,508,746,495,-1,495,746,744,-1,495,744,295,-1,295,744,743,-1,295,743,296,-1,296,743,752,-1,296,752,494,-1,494,752,754,-1,494,754,493,-1,493,754,756,-1,493,756,486,-1,486,756,758,-1,486,758,298,-1,298,758,769,-1,298,769,299,-1,299,769,768,-1,299,768,485,-1,485,768,766,-1,485,766,484,-1,484,766,764,-1,484,764,483,-1,483,764,762,-1,483,762,670,-1,670,762,760,-1,670,760,253,-1,253,760,759,-1,253,759,254,-1,254,759,770,-1,254,770,669,-1,669,770,772,-1,669,772,668,-1,668,772,774,-1,668,774,661,-1,661,774,776,-1,661,776,256,-1,256,776,783,-1,256,783,257,-1,257,783,782,-1,257,782,660,-1,660,782,780,-1,660,780,659,-1,659,780,778,-1,659,778,786,-1,998,999,1000,-1,1001,1002,1000,-1,1000,1002,1003,-1,1000,1003,998,-1,1004,1005,1000,-1,1000,1005,1006,-1,1000,1006,1001,-1,1007,1008,1000,-1,1000,1008,1009,-1,1000,1009,1004,-1,1010,1011,1000,-1,1000,1011,1012,-1,1000,1012,1007,-1,1013,1014,1000,-1,1000,1014,1015,-1,1000,1015,1010,-1,1016,1017,1000,-1,1000,1017,1018,-1,1000,1018,1013,-1,1019,1020,1000,-1,1000,1020,1021,-1,1000,1021,1016,-1,1022,1023,1000,-1,1000,1023,1024,-1,1000,1024,1019,-1,1025,1026,1000,-1,1000,1026,1027,-1,1000,1027,1022,-1,1028,1029,1000,-1,1000,1029,1030,-1,1000,1030,1025,-1,999,1031,1000,-1,1000,1031,1032,-1,1000,1032,1028,-1,
        ]
    }
}
Shape{
    appearance Appearance {
        material  Material 	{
            diffuseColor 0.6392156862745098 0.6666666666666666 0.6862745098039216
            specularColor 0.6392156862745098 0.6666666666666666 0.6862745098039216
            ambientIntensity 0.6607
            transparency 0.0
            shininess 0.5
        }
    }
    geometry IndexedFaceSet {
        ccw TRUE
        solid FALSE
        coord DEF co Coordinate {
            point [
                -1.5059 0.0689 1.5354, -1.4517 0.0639 2.6772, -1.4517 0.0639 1.5354, -1.3993 0.049 2.6772, -1.3993 0.049 1.5354, -1.3505 0.0247 2.6772, -1.3505 0.0247 1.5354, -1.307 -0.0082 2.6772, -1.307 -0.0082 1.5354, -1.2703 -0.0484 2.6772, -1.2703 -0.0484 1.5354, -1.2416 -0.0948 2.6772, -1.2416 -0.0948 1.5354, -1.2219 -0.1456 2.6772, -1.2219 -0.1456 1.5354, -1.2119 -0.1991 2.6772, -1.2119 -0.1991 1.5354, -1.2119 -0.2536 2.6772, -1.2119 -0.2536 1.5354, -1.2219 -0.3072 2.6772, -1.2219 -0.3072 1.5354, -1.2416 -0.358 2.6772, -1.2416 -0.358 1.5354, -1.2703 -0.4043 2.6772, -1.2703 -0.4043 1.5354, -1.307 -0.4446 2.6772, -1.307 -0.4446 1.5354, -1.3505 -0.4774 2.6772, -1.3505 -0.4774 1.5354, -1.3993 -0.5017 2.6772, -1.3993 -0.5017 1.5354, -1.4517 -0.5166 2.6772, -1.4517 -0.5166 1.5354, -1.5059 -0.5217 2.6772, -1.5059 -0.5217 1.5354, -1.5602 -0.5166 2.6772, -1.5602 -0.5166 1.5354, -1.6126 -0.5017 2.6772, -1.6126 -0.5017 1.5354, -1.6614 -0.4774 2.6772, -1.6614 -0.4774 1.5354, -1.7049 -0.4446 2.6772, -1.7049 -0.4446 1.5354, -1.7416 -0.4043 2.6772, -1.7416 -0.4043 1.5354, -1.7702 -0.358 2.6772, -1.7702 -0.358 1.5354, -1.7899 -0.3072 2.6772, -1.7899 -0.3072 1.5354, -1.7999 -0.2536 2.6772, -1.7999 -0.2536 1.5354, -1.7999 -0.1991 2.6772, -1.7999 -0.1991 1.5354, -1.7899 -0.1456 2.6772, -1.7899 -0.1456 1.5354, -1.7702 -0.0948 2.6772, -1.7702 -0.0948 1.5354, -1.7416 -0.0484 2.6772, -1.7416 -0.0484 1.5354, -1.7049 -0.0082 2.6772, -1.7049 -0.0082 1.5354, -1.6614 0.0247 2.6772, -1.6614 0.0247 1.5354, -1.6126 0.049 2.6772, -1.6126 0.049 1.5354, -1.5602 0.0639 2.6772, -1.5602 0.0639 1.5354, -1.5059 0.0689 2.6772
            ]
        }
        coordIndex [
            0,1,2,-1,2,1,3,-1,2,3,4,-1,4,3,5,-1,4,5,6,-1,6,5,7,-1,6,7,8,-1,8,7,9,-1,8,9,10,-1,10,9,11,-1,10,11,12,-1,12,11,13,-1,12,13,14,-1,14,13,15,-1,14,15,16,-1,16,15,17,-1,16,17,18,-1,18,17,19,-1,18,19,20,-1,20,19,21,-1,20,21,22,-1,22,21,23,-1,22,23,24,-1,24,23,25,-1,24,25,26,-1,26,25,27,-1,26,27,28,-1,28,27,29,-1,28,29,30,-1,30,29,31,-1,30,31,32,-1,32,31,33,-1,32,33,34,-1,34,33,35,-1,34,35,36,-1,36,35,37,-1,36,37,38,-1,38,37,39,-1,38,39,40,-1,40,39,41,-1,40,41,42,-1,42,41,43,-1,42,43,44,-1,44,43,45,-1,44,45,46,-1,46,45,47,-1,46,47,48,-1,48,47,49,-1,48,49,50,-1,50,49,51,-1,50,51,52,-1,52,51,53,-1,52,53,54,-1,54,53,55,-1,54,55,56,-1,56,55,57,-1,56,57,58,-1,58,57,59,-1,58,59,60,-1,60,59,61,-1,60,61,62,-1,62,61,63,-1,62,63,64,-1,64,63,65,-1,64,65,66,-1,66,65,67,-1,66,67,0,-1,0,67,1,-1,
        ]
    }
}
Shape{
    appearance Appearance {
        material  Material 	{
            diffuseColor 0.7372549019607844 0.7764705882352941 0.8
            specularColor 0.7372549019607844 0.7764705882352941 0.8
            ambientIntensity 0.7674
            transparency 0.0
            shininess 0.5
        }
    }
    geometry IndexedFaceSet {
        ccw TRUE
        solid FALSE
        coord DEF co Coordinate {
            point [
                -1.8496 -0.1402 3.0512, -1.8523 -0.1516 3.0512, -1.6004 -0.1516 3.0512, -1.838 -0.1029 3.0512, -1.5807 0.12 3.0512, -1.5836 0.1193 3.0512, -1.5807 -0.1319 3.0512, -1.6212 0.1087 3.0512, -1.7798 -0.0016 3.0512, -1.8029 -0.0331 3.0512, -1.8224 -0.067 3.0512, -1.7534 0.0272 3.0512, -1.7239 0.053 3.0512, -1.6574 0.0939 3.0512, -1.6918 0.0753 3.0512, -1.7005 -0.3012 2.815, -1.6004 -0.3012 2.6772, -1.7005 -0.1516 2.815, -1.6004 -0.1516 2.6772, -1.3113 -0.1516 2.815, -1.4114 -0.1516 2.6772, -1.3113 -0.3012 2.815, -1.4114 -0.3012 2.6772, -1.1622 -0.3125 3.0512, -1.1596 -0.3012 3.0512, -1.4114 -0.3012 3.0512, -1.4311 -0.3209 3.0512, -1.4311 -0.5727 3.0512, -1.4283 -0.5721 3.0512, -1.3907 -0.5614 3.0512, -1.3545 -0.5467 3.0512, -1.3201 -0.5281 3.0512, -1.2089 -0.4196 3.0512, -1.1895 -0.3857 3.0512, -1.1738 -0.3499 3.0512, -1.288 -0.5057 3.0512, -1.2585 -0.48 3.0512, -1.2321 -0.4512 3.0512, -1.4114 -0.1516 3.0512, -1.1596 -0.1516 3.0512, -1.1622 -0.1402 3.0512, -1.3201 0.0753 3.0512, -1.3545 0.0939 3.0512, -1.4311 -0.1319 3.0512, -1.1738 -0.1029 3.0512, -1.1895 -0.067 3.0512, -1.2089 -0.0331 3.0512, -1.2321 -0.0016 3.0512, -1.2585 0.0272 3.0512, -1.288 0.053 3.0512, -1.3907 0.1087 3.0512, -1.4283 0.1193 3.0512, -1.4311 0.12 3.0512, -1.8523 -0.3012 3.0512, -1.8496 -0.3125 3.0512, -1.6004 -0.3012 3.0512, -1.838 -0.3499 3.0512, -1.8224 -0.3857 3.0512, -1.7239 -0.5057 3.0512, -1.6918 -0.5281 3.0512, -1.5807 -0.3209 3.0512, -1.6574 -0.5467 3.0512, -1.6212 -0.5614 3.0512, -1.5836 -0.5721 3.0512, -1.5807 -0.5727 3.0512, -1.8029 -0.4196 3.0512, -1.7798 -0.4512 3.0512, -1.7534 -0.48 3.0512
            ]
        }
        coordIndex [
            0,1,2,-1,0,2,3,-1,4,5,6,-1,6,5,7,-1,8,9,2,-1,2,9,10,-1,2,10,3,-1,8,2,11,-1,11,2,6,-1,11,6,12,-1,7,13,6,-1,6,13,14,-1,6,14,12,-1,15,16,17,-1,17,16,18,-1,19,20,21,-1,21,20,22,-1,23,24,25,-1,26,27,28,-1,28,29,26,-1,26,29,30,-1,26,30,31,-1,32,33,25,-1,25,33,34,-1,25,34,23,-1,31,35,26,-1,26,35,36,-1,26,36,25,-1,25,36,37,-1,25,37,32,-1,38,39,40,-1,41,42,43,-1,40,44,38,-1,38,44,45,-1,38,45,46,-1,46,47,38,-1,38,47,48,-1,38,48,43,-1,43,48,49,-1,43,49,41,-1,42,50,43,-1,43,50,51,-1,43,51,52,-1,53,54,55,-1,55,54,56,-1,55,56,57,-1,58,59,60,-1,60,59,61,-1,61,62,60,-1,60,62,63,-1,60,63,64,-1,57,65,55,-1,55,65,66,-1,55,66,60,-1,60,66,67,-1,60,67,58,-1,
        ]
    }
}
Shape{
    appearance Appearance {
        material  Material 	{
            diffuseColor 0.7372549019607844 0.7764705882352941 0.8
            specularColor 0.3686274509803922 0.38823529411764707 0.4
            ambientIntensity 0.7674
            transparency 0.0
            shininess 0.5
        }
    }
    geometry IndexedFaceSet {
        ccw TRUE
        solid FALSE
        coord DEF co Coordinate {
            point [
                0.6516 0.7972 0.9843, 0.3366 0.7972 0.9843, 0.2382 0.7972 1.1772, 0.0708 0.7972 1.0787, 0.3366 0.7972 0.6693, 0.0708 0.7972 0.6063, 0.75 0.7972 0.5079, 0.75 0.7972 0.2402, 0.2382 0.7972 0.5079, 0.2382 0.7972 0.2402, 0.6516 0.7972 0.6693, 0.75 0.7972 1.1772, 0.9173 0.7972 1.0787, 0.9173 0.7972 0.6063, 0.3563 0.0886 -1.1024, 0.435 0.0886 -1.378, 0.3563 -0.1083 -1.1024, 0.435 -0.1083 -1.378, 0.5531 0.0886 -1.378, 0.6319 0.0886 -1.1024, 0.5531 -0.1083 -1.378, 0.6319 -0.1083 -1.1024, 0.2382 0.6398 0.5079, 0.2382 0.6398 0.2402, 0.2382 0.6396 0.2391, 0.2382 0.7917 0.1984, 0.2382 0.6392 0.2382, 0.2382 0.7756 0.1595, 0.2382 0.6386 0.2374, 0.2382 0.75 0.126, 0.2382 0.6378 0.2368, 0.2382 0.7165 0.1004, 0.2382 0.6368 0.2364, 0.2382 0.6776 0.0842, 0.2382 0.6358 0.2362, 0.2382 0.6358 0.0787, 0.2382 0.3583 0.2362, 0.2382 0.3583 0.0787, 0.0708 0.6398 0.6063, 0.3563 0.25 0.2362, 0.3563 0.25 0.0787, 0.3563 0.2106 0.2362, 0.3563 0.2082 0.0732, 0.3563 0.0886 -0.0827, 0.3563 -0.1083 -0.0827, 0.3563 0.0941 -0.0409, 0.3563 -0.1003 -0.0117, 0.3563 -0.0767 0.0557, 0.3563 0.1102 -0.002, 0.3563 -0.0387 0.1162, 0.3563 0.1359 0.0315, 0.3563 0.0118 0.1666, 0.3563 0.1693 0.0571, 0.3563 0.0723 0.2046, 0.3563 0.1397 0.2282, 0.2382 0.6398 1.1772, 0.0708 0.6398 1.0787, 0.2382 -0.7382 1.1811, 0.2382 -0.7382 1.3386, 0.2382 0.6358 1.1811, 0.2382 0.6358 1.3386, 0.2382 0.6368 1.181, 0.2382 0.6776 1.3331, 0.2382 0.6378 1.1806, 0.2382 0.7165 1.317, 0.2382 0.6386 1.18, 0.2382 0.75 1.2913, 0.2382 0.6392 1.1791, 0.2382 0.7756 1.2579, 0.2382 0.6396 1.1782, 0.2382 0.7917 1.2189, 0.75 0.6398 1.1772, 0.75 0.6396 1.1782, 0.75 0.7917 1.2189, 0.75 0.6392 1.1791, 0.75 0.7756 1.2579, 0.75 0.6386 1.18, 0.75 0.75 1.2913, 0.75 0.6378 1.1806, 0.75 0.7165 1.317, 0.75 0.6368 1.181, 0.75 0.6776 1.3331, 0.75 0.6358 1.1811, 0.75 0.6358 1.3386, 0.75 -0.7382 1.1811, 0.75 -0.7382 1.3386, 0.9173 0.6398 1.0787, 0.75 0.3583 0.2362, 0.75 0.3583 0.0787, 0.75 0.6358 0.2362, 0.75 0.6358 0.0787, 0.75 0.6368 0.2364, 0.75 0.6776 0.0842, 0.75 0.6378 0.2368, 0.75 0.7165 0.1004, 0.75 0.6386 0.2374, 0.75 0.75 0.126, 0.75 0.6392 0.2382, 0.75 0.7756 0.1595, 0.75 0.6396 0.2391, 0.75 0.7917 0.1984, 0.75 0.6398 0.2402, 0.75 0.6398 0.5079, 0.9173 0.6398 0.6063, 0.6319 -0.1083 -0.0827, 0.6319 0.0886 -0.0827, 0.6319 -0.1003 -0.0117, 0.6319 0.0941 -0.0409, 0.6319 -0.0767 0.0557, 0.6319 0.1102 -0.002, 0.6319 -0.0387 0.1162, 0.6319 0.0118 0.1666, 0.6319 0.1359 0.0315, 0.6319 0.0723 0.2046, 0.6319 0.1693 0.0571, 0.6319 0.1397 0.2282, 0.6319 0.2082 0.0732, 0.6319 0.2106 0.2362, 0.6319 0.25 0.0787, 0.6319 0.25 0.2362, 0.6516 0.9153 0.8156, 0.6516 0.9153 0.6693, 0.3366 0.9153 0.6693, 0.3366 0.9153 0.8156, -0.3484 0.7972 0.9843, -0.6634 0.7972 0.9843, -0.7618 0.7972 1.1772, -0.9292 0.7972 1.0787, -0.6634 0.7972 0.6693, -0.9292 0.7972 0.6063, -0.25 0.7972 0.5079, -0.25 0.7972 0.2402, -0.7618 0.7972 0.5079, -0.7618 0.7972 0.2402, -0.3484 0.7972 0.6693, -0.25 0.7972 1.1772, -0.0827 0.7972 1.0787, -0.0827 0.7972 0.6063, -0.6437 0.0886 -1.1024, -0.565 0.0886 -1.378, -0.6437 -0.1083 -1.1024, -0.565 -0.1083 -1.378, -0.4469 0.0886 -1.378, -0.3681 0.0886 -1.1024, -0.4469 -0.1083 -1.378, -0.3681 -0.1083 -1.1024, -0.7618 0.6398 0.5079, -0.7618 0.6398 0.2402, -0.7618 0.6396 0.2391, -0.7618 0.7917 0.1984, -0.7618 0.6392 0.2382, -0.7618 0.7756 0.1595, -0.7618 0.6386 0.2374, -0.7618 0.75 0.126, -0.7618 0.6378 0.2368, -0.7618 0.7165 0.1004, -0.7618 0.6368 0.2364, -0.7618 0.6776 0.0842, -0.7618 0.6358 0.2362, -0.7618 0.6358 0.0787, -0.7618 0.3583 0.2362, -0.7618 0.3583 0.0787, -0.9292 0.6398 0.6063, -0.6437 0.25 0.2362, -0.6437 0.25 0.0787, -0.6437 0.2106 0.2362, -0.6437 0.2082 0.0732, -0.6437 0.0886 -0.0827, -0.6437 -0.1083 -0.0827, -0.6437 0.0941 -0.0409, -0.6437 -0.1003 -0.0117, -0.6437 -0.0767 0.0557, -0.6437 0.1102 -0.002, -0.6437 -0.0387 0.1162, -0.6437 0.1359 0.0315, -0.6437 0.0118 0.1666, -0.6437 0.1693 0.0571, -0.6437 0.0723 0.2046, -0.6437 0.1397 0.2282, -0.7618 0.6398 1.1772, -0.9292 0.6398 1.0787, -0.7618 -0.7382 1.1811, -0.7618 -0.7382 1.3386, -0.7618 0.6358 1.1811, -0.7618 0.6358 1.3386, -0.7618 0.6368 1.181, -0.7618 0.6776 1.3331, -0.7618 0.6378 1.1806, -0.7618 0.7165 1.317, -0.7618 0.6386 1.18, -0.7618 0.75 1.2913, -0.7618 0.6392 1.1791, -0.7618 0.7756 1.2579, -0.7618 0.6396 1.1782, -0.7618 0.7917 1.2189, -0.25 0.6398 1.1772, -0.25 0.6396 1.1782, -0.25 0.7917 1.2189, -0.25 0.6392 1.1791, -0.25 0.7756 1.2579, -0.25 0.6386 1.18, -0.25 0.75 1.2913, -0.25 0.6378 1.1806, -0.25 0.7165 1.317, -0.25 0.6368 1.181, -0.25 0.6776 1.3331, -0.25 0.6358 1.1811, -0.25 0.6358 1.3386, -0.25 -0.7382 1.1811, -0.25 -0.7382 1.3386, -0.0827 0.6398 1.0787, -0.25 0.3583 0.2362, -0.25 0.3583 0.0787, -0.25 0.6358 0.2362, -0.25 0.6358 0.0787, -0.25 0.6368 0.2364, -0.25 0.6776 0.0842, -0.25 0.6378 0.2368, -0.25 0.7165 0.1004, -0.25 0.6386 0.2374, -0.25 0.75 0.126, -0.25 0.6392 0.2382, -0.25 0.7756 0.1595, -0.25 0.6396 0.2391, -0.25 0.7917 0.1984, -0.25 0.6398 0.2402, -0.25 0.6398 0.5079, -0.0827 0.6398 0.6063, -0.3681 -0.1083 -0.0827, -0.3681 0.0886 -0.0827, -0.3681 -0.1003 -0.0117, -0.3681 0.0941 -0.0409, -0.3681 -0.0767 0.0557, -0.3681 0.1102 -0.002, -0.3681 -0.0387 0.1162, -0.3681 0.0118 0.1666, -0.3681 0.1359 0.0315, -0.3681 0.0723 0.2046, -0.3681 0.1693 0.0571, -0.3681 0.1397 0.2282, -0.3681 0.2082 0.0732, -0.3681 0.2106 0.2362, -0.3681 0.25 0.0787, -0.3681 0.25 0.2362, -0.3484 0.9153 0.8156, -0.3484 0.9153 0.6693, -0.6634 0.9153 0.6693, -0.6634 0.9153 0.8156, -1.3484 0.7972 0.9843, -1.6634 0.7972 0.9843, -1.7618 0.7972 1.1772, -1.9292 0.7972 1.0787, -1.6634 0.7972 0.6693, -1.9292 0.7972 0.6063, -1.25 0.7972 0.5079, -1.25 0.7972 0.2402, -1.7618 0.7972 0.5079, -1.7618 0.7972 0.2402, -1.3484 0.7972 0.6693, -1.25 0.7972 1.1772, -1.0827 0.7972 1.0787, -1.0827 0.7972 0.6063, -1.6437 0.0886 -1.1024, -1.565 0.0886 -1.378, -1.6437 -0.1083 -1.1024, -1.565 -0.1083 -1.378, -1.4469 0.0886 -1.378, -1.3681 0.0886 -1.1024, -1.4469 -0.1083 -1.378, -1.3681 -0.1083 -1.1024, -1.7618 0.6398 0.5079, -1.7618 0.6398 0.2402, -1.7618 0.6396 0.2391, -1.7618 0.7917 0.1984, -1.7618 0.6392 0.2382, -1.7618 0.7756 0.1595, -1.7618 0.6386 0.2374, -1.7618 0.75 0.126, -1.7618 0.6378 0.2368, -1.7618 0.7165 0.1004, -1.7618 0.6368 0.2364, -1.7618 0.6776 0.0842, -1.7618 0.6358 0.2362, -1.7618 0.6358 0.0787, -1.7618 0.3583 0.2362, -1.7618 0.3583 0.0787, -1.9292 0.6398 0.6063, -1.6437 0.25 0.2362, -1.6437 0.25 0.0787, -1.6437 0.2106 0.2362, -1.6437 0.2082 0.0732, -1.6437 0.0886 -0.0827, -1.6437 -0.1083 -0.0827, -1.6437 0.0941 -0.0409, -1.6437 -0.1003 -0.0117, -1.6437 -0.0767 0.0557, -1.6437 0.1102 -0.002, -1.6437 -0.0387 0.1162, -1.6437 0.1359 0.0315, -1.6437 0.0118 0.1666, -1.6437 0.1693 0.0571, -1.6437 0.0723 0.2046, -1.6437 0.1397 0.2282, -1.7618 0.6398 1.1772, -1.9292 0.6398 1.0787, -1.7618 -0.7382 1.1811, -1.7618 -0.7382 1.3386, -1.7618 0.6358 1.1811, -1.7618 0.6358 1.3386, -1.7618 0.6368 1.181, -1.7618 0.6776 1.3331, -1.7618 0.6378 1.1806, -1.7618 0.7165 1.317, -1.7618 0.6386 1.18, -1.7618 0.75 1.2913, -1.7618 0.6392 1.1791, -1.7618 0.7756 1.2579, -1.7618 0.6396 1.1782, -1.7618 0.7917 1.2189, -1.25 0.6398 1.1772, -1.25 0.6396 1.1782, -1.25 0.7917 1.2189, -1.25 0.6392 1.1791, -1.25 0.7756 1.2579, -1.25 0.6386 1.18, -1.25 0.75 1.2913, -1.25 0.6378 1.1806, -1.25 0.7165 1.317, -1.25 0.6368 1.181, -1.25 0.6776 1.3331, -1.25 0.6358 1.1811, -1.25 0.6358 1.3386, -1.25 -0.7382 1.1811, -1.25 -0.7382 1.3386, -1.0827 0.6398 1.0787, -1.25 0.3583 0.2362, -1.25 0.3583 0.0787, -1.25 0.6358 0.2362, -1.25 0.6358 0.0787, -1.25 0.6368 0.2364, -1.25 0.6776 0.0842, -1.25 0.6378 0.2368, -1.25 0.7165 0.1004, -1.25 0.6386 0.2374, -1.25 0.75 0.126, -1.25 0.6392 0.2382, -1.25 0.7756 0.1595, -1.25 0.6396 0.2391, -1.25 0.7917 0.1984, -1.25 0.6398 0.2402, -1.25 0.6398 0.5079, -1.0827 0.6398 0.6063, -1.3681 -0.1083 -0.0827, -1.3681 0.0886 -0.0827, -1.3681 -0.1003 -0.0117, -1.3681 0.0941 -0.0409, -1.3681 -0.0767 0.0557, -1.3681 0.1102 -0.002, -1.3681 -0.0387 0.1162, -1.3681 0.0118 0.1666, -1.3681 0.1359 0.0315, -1.3681 0.0723 0.2046, -1.3681 0.1693 0.0571, -1.3681 0.1397 0.2282, -1.3681 0.2082 0.0732, -1.3681 0.2106 0.2362, -1.3681 0.25 0.0787, -1.3681 0.25 0.2362, -1.3484 0.9153 0.8156, -1.3484 0.9153 0.6693, -1.6634 0.9153 0.6693, -1.6634 0.9153 0.8156, 1.6516 0.7972 0.9843, 1.3366 0.7972 0.9843, 1.2382 0.7972 1.1772, 1.0708 0.7972 1.0787, 1.3366 0.7972 0.6693, 1.0708 0.7972 0.6063, 1.75 0.7972 0.5079, 1.75 0.7972 0.2402, 1.2382 0.7972 0.5079, 1.2382 0.7972 0.2402, 1.6516 0.7972 0.6693, 1.75 0.7972 1.1772, 1.9173 0.7972 1.0787, 1.9173 0.7972 0.6063, 1.3563 0.0886 -1.1024, 1.435 0.0886 -1.378, 1.3563 -0.1083 -1.1024, 1.435 -0.1083 -1.378, 1.5531 0.0886 -1.378, 1.6319 0.0886 -1.1024, 1.5531 -0.1083 -1.378, 1.6319 -0.1083 -1.1024, 1.2382 0.6398 0.5079, 1.2382 0.6398 0.2402, 1.2382 0.6396 0.2391, 1.2382 0.7917 0.1984, 1.2382 0.6392 0.2382, 1.2382 0.7756 0.1595, 1.2382 0.6386 0.2374, 1.2382 0.75 0.126, 1.2382 0.6378 0.2368, 1.2382 0.7165 0.1004, 1.2382 0.6368 0.2364, 1.2382 0.6776 0.0842, 1.2382 0.6358 0.2362, 1.2382 0.6358 0.0787, 1.2382 0.3583 0.2362, 1.2382 0.3583 0.0787, 1.0708 0.6398 0.6063, 1.3563 0.25 0.2362, 1.3563 0.25 0.0787, 1.3563 0.2106 0.2362, 1.3563 0.2082 0.0732, 1.3563 0.0886 -0.0827, 1.3563 -0.1083 -0.0827, 1.3563 0.0941 -0.0409, 1.3563 -0.1003 -0.0117, 1.3563 -0.0767 0.0557, 1.3563 0.1102 -0.002, 1.3563 -0.0387 0.1162, 1.3563 0.1359 0.0315, 1.3563 0.0118 0.1666, 1.3563 0.1693 0.0571, 1.3563 0.0723 0.2046, 1.3563 0.1397 0.2282, 1.2382 0.6398 1.1772, 1.0708 0.6398 1.0787, 1.2382 -0.7382 1.1811, 1.2382 -0.7382 1.3386, 1.2382 0.6358 1.1811, 1.2382 0.6358 1.3386, 1.2382 0.6368 1.181, 1.2382 0.6776 1.3331, 1.2382 0.6378 1.1806, 1.2382 0.7165 1.317, 1.2382 0.6386 1.18, 1.2382 0.75 1.2913, 1.2382 0.6392 1.1791, 1.2382 0.7756 1.2579, 1.2382 0.6396 1.1782, 1.2382 0.7917 1.2189, 1.75 0.6398 1.1772, 1.75 0.6396 1.1782, 1.75 0.7917 1.2189, 1.75 0.6392 1.1791, 1.75 0.7756 1.2579, 1.75 0.6386 1.18, 1.75 0.75 1.2913, 1.75 0.6378 1.1806, 1.75 0.7165 1.317, 1.75 0.6368 1.181, 1.75 0.6776 1.3331, 1.75 0.6358 1.1811, 1.75 0.6358 1.3386, 1.75 -0.7382 1.1811, 1.75 -0.7382 1.3386, 1.9173 0.6398 1.0787, 1.75 0.3583 0.2362, 1.75 0.3583 0.0787, 1.75 0.6358 0.2362, 1.75 0.6358 0.0787, 1.75 0.6368 0.2364, 1.75 0.6776 0.0842, 1.75 0.6378 0.2368, 1.75 0.7165 0.1004, 1.75 0.6386 0.2374, 1.75 0.75 0.126, 1.75 0.6392 0.2382, 1.75 0.7756 0.1595, 1.75 0.6396 0.2391, 1.75 0.7917 0.1984, 1.75 0.6398 0.2402, 1.75 0.6398 0.5079, 1.9173 0.6398 0.6063, 1.6319 -0.1083 -0.0827, 1.6319 0.0886 -0.0827, 1.6319 -0.1003 -0.0117, 1.6319 0.0941 -0.0409, 1.6319 -0.0767 0.0557, 1.6319 0.1102 -0.002, 1.6319 -0.0387 0.1162, 1.6319 0.0118 0.1666, 1.6319 0.1359 0.0315, 1.6319 0.0723 0.2046, 1.6319 0.1693 0.0571, 1.6319 0.1397 0.2282, 1.6319 0.2082 0.0732, 1.6319 0.2106 0.2362, 1.6319 0.25 0.0787, 1.6319 0.25 0.2362, 1.6516 0.9153 0.8156, 1.6516 0.9153 0.6693, 1.3366 0.9153 0.6693, 1.3366 0.9153 0.8156
            ]
        }
        coordIndex [
            0,1,2,-1,2,1,3,-1,3,1,4,-1,3,4,5,-1,6,7,8,-1,8,7,9,-1,5,4,8,-1,8,4,10,-1,8,10,6,-1,2,11,0,-1,0,11,12,-1,0,12,10,-1,10,12,13,-1,10,13,6,-1,14,15,16,-1,16,15,17,-1,18,19,20,-1,20,19,21,-1,22,8,23,-1,23,8,9,-1,23,9,24,-1,24,9,25,-1,24,25,26,-1,26,25,27,-1,26,27,28,-1,28,27,29,-1,28,29,30,-1,30,29,31,-1,30,31,32,-1,32,31,33,-1,32,33,34,-1,34,33,35,-1,34,35,36,-1,36,35,37,-1,5,8,38,-1,38,8,22,-1,39,40,41,-1,41,40,42,-1,14,16,43,-1,43,16,44,-1,43,44,45,-1,44,46,45,-1,45,46,47,-1,45,47,48,-1,48,47,49,-1,48,49,50,-1,50,49,51,-1,50,51,52,-1,52,51,53,-1,52,53,42,-1,42,53,54,-1,42,54,41,-1,2,3,55,-1,55,3,56,-1,57,58,59,-1,59,58,60,-1,59,60,61,-1,61,60,62,-1,61,62,63,-1,63,62,64,-1,63,64,65,-1,65,64,66,-1,65,66,67,-1,67,66,68,-1,67,68,69,-1,69,68,70,-1,69,70,55,-1,55,70,2,-1,71,11,72,-1,72,11,73,-1,72,73,74,-1,74,73,75,-1,74,75,76,-1,76,75,77,-1,76,77,78,-1,78,77,79,-1,78,79,80,-1,80,79,81,-1,80,81,82,-1,82,81,83,-1,82,83,84,-1,84,83,85,-1,12,11,86,-1,86,11,71,-1,87,88,89,-1,89,88,90,-1,89,90,91,-1,91,90,92,-1,91,92,93,-1,93,92,94,-1,93,94,95,-1,95,94,96,-1,95,96,97,-1,97,96,98,-1,97,98,99,-1,99,98,100,-1,99,100,101,-1,101,100,7,-1,101,7,102,-1,102,7,6,-1,6,13,102,-1,102,13,103,-1,21,19,104,-1,104,19,105,-1,104,105,106,-1,106,105,107,-1,106,107,108,-1,108,107,109,-1,108,109,110,-1,110,109,111,-1,111,109,112,-1,111,112,113,-1,113,112,114,-1,113,114,115,-1,115,114,116,-1,115,116,117,-1,117,116,118,-1,117,118,119,-1,58,85,60,-1,60,85,83,-1,11,2,70,-1,11,70,73,-1,73,70,68,-1,73,68,75,-1,75,68,66,-1,75,66,77,-1,77,66,64,-1,77,64,79,-1,79,64,62,-1,79,62,81,-1,81,62,60,-1,81,60,83,-1,90,35,33,-1,90,33,92,-1,92,33,31,-1,92,31,94,-1,94,31,29,-1,94,29,96,-1,96,29,27,-1,96,27,98,-1,98,27,25,-1,98,25,100,-1,100,25,9,-1,100,9,7,-1,40,37,118,-1,118,37,35,-1,118,35,88,-1,88,35,90,-1,105,43,107,-1,107,43,45,-1,107,45,109,-1,109,45,48,-1,109,48,112,-1,112,48,50,-1,112,50,114,-1,114,50,52,-1,114,52,116,-1,116,52,42,-1,116,42,118,-1,118,42,40,-1,18,15,19,-1,19,15,14,-1,19,14,105,-1,105,14,43,-1,82,84,59,-1,59,84,57,-1,82,59,80,-1,80,59,61,-1,80,61,78,-1,78,61,63,-1,78,63,76,-1,76,63,65,-1,76,65,74,-1,74,65,67,-1,74,67,72,-1,72,67,69,-1,72,69,71,-1,71,69,55,-1,56,38,55,-1,55,38,22,-1,55,22,71,-1,71,22,86,-1,103,86,102,-1,102,86,22,-1,102,22,101,-1,101,22,23,-1,101,23,99,-1,99,23,24,-1,99,24,97,-1,97,24,26,-1,97,26,95,-1,95,26,28,-1,95,28,93,-1,93,28,30,-1,93,30,91,-1,91,30,32,-1,91,32,89,-1,89,32,34,-1,41,117,39,-1,39,117,119,-1,39,119,36,-1,36,119,34,-1,34,119,87,-1,34,87,89,-1,117,41,54,-1,117,54,115,-1,115,54,53,-1,115,53,113,-1,113,53,51,-1,113,51,111,-1,111,51,49,-1,111,49,110,-1,110,49,47,-1,110,47,108,-1,108,47,46,-1,108,46,106,-1,106,46,44,-1,106,44,104,-1,104,44,21,-1,21,44,16,-1,21,16,20,-1,20,16,17,-1,20,17,18,-1,18,17,15,-1,5,38,3,-1,3,38,56,-1,84,85,57,-1,57,85,58,-1,12,86,13,-1,13,86,103,-1,0,10,120,-1,120,10,121,-1,122,121,4,-1,4,121,10,-1,123,122,1,-1,1,122,4,-1,120,121,123,-1,123,121,122,-1,0,120,1,-1,1,120,123,-1,39,36,40,-1,40,36,37,-1,87,119,88,-1,88,119,118,-1,124,125,126,-1,126,125,127,-1,127,125,128,-1,127,128,129,-1,130,131,132,-1,132,131,133,-1,129,128,132,-1,132,128,134,-1,132,134,130,-1,126,135,124,-1,124,135,136,-1,124,136,134,-1,134,136,137,-1,134,137,130,-1,138,139,140,-1,140,139,141,-1,142,143,144,-1,144,143,145,-1,146,132,147,-1,147,132,133,-1,147,133,148,-1,148,133,149,-1,148,149,150,-1,150,149,151,-1,150,151,152,-1,152,151,153,-1,152,153,154,-1,154,153,155,-1,154,155,156,-1,156,155,157,-1,156,157,158,-1,158,157,159,-1,158,159,160,-1,160,159,161,-1,129,132,162,-1,162,132,146,-1,163,164,165,-1,165,164,166,-1,138,140,167,-1,167,140,168,-1,167,168,169,-1,168,170,169,-1,169,170,171,-1,169,171,172,-1,172,171,173,-1,172,173,174,-1,174,173,175,-1,174,175,176,-1,176,175,177,-1,176,177,166,-1,166,177,178,-1,166,178,165,-1,126,127,179,-1,179,127,180,-1,181,182,183,-1,183,182,184,-1,183,184,185,-1,185,184,186,-1,185,186,187,-1,187,186,188,-1,187,188,189,-1,189,188,190,-1,189,190,191,-1,191,190,192,-1,191,192,193,-1,193,192,194,-1,193,194,179,-1,179,194,126,-1,195,135,196,-1,196,135,197,-1,196,197,198,-1,198,197,199,-1,198,199,200,-1,200,199,201,-1,200,201,202,-1,202,201,203,-1,202,203,204,-1,204,203,205,-1,204,205,206,-1,206,205,207,-1,206,207,208,-1,208,207,209,-1,136,135,210,-1,210,135,195,-1,211,212,213,-1,213,212,214,-1,213,214,215,-1,215,214,216,-1,215,216,217,-1,217,216,218,-1,217,218,219,-1,219,218,220,-1,219,220,221,-1,221,220,222,-1,221,222,223,-1,223,222,224,-1,223,224,225,-1,225,224,131,-1,225,131,226,-1,226,131,130,-1,130,137,226,-1,226,137,227,-1,145,143,228,-1,228,143,229,-1,228,229,230,-1,230,229,231,-1,230,231,232,-1,232,231,233,-1,232,233,234,-1,234,233,235,-1,235,233,236,-1,235,236,237,-1,237,236,238,-1,237,238,239,-1,239,238,240,-1,239,240,241,-1,241,240,242,-1,241,242,243,-1,182,209,184,-1,184,209,207,-1,135,126,194,-1,135,194,197,-1,197,194,192,-1,197,192,199,-1,199,192,190,-1,199,190,201,-1,201,190,188,-1,201,188,203,-1,203,188,186,-1,203,186,205,-1,205,186,184,-1,205,184,207,-1,214,159,157,-1,214,157,216,-1,216,157,155,-1,216,155,218,-1,218,155,153,-1,218,153,220,-1,220,153,151,-1,220,151,222,-1,222,151,149,-1,222,149,224,-1,224,149,133,-1,224,133,131,-1,164,161,242,-1,242,161,159,-1,242,159,212,-1,212,159,214,-1,229,167,231,-1,231,167,169,-1,231,169,233,-1,233,169,172,-1,233,172,236,-1,236,172,174,-1,236,174,238,-1,238,174,176,-1,238,176,240,-1,240,176,166,-1,240,166,242,-1,242,166,164,-1,142,139,143,-1,143,139,138,-1,143,138,229,-1,229,138,167,-1,206,208,183,-1,183,208,181,-1,206,183,204,-1,204,183,185,-1,204,185,202,-1,202,185,187,-1,202,187,200,-1,200,187,189,-1,200,189,198,-1,198,189,191,-1,198,191,196,-1,196,191,193,-1,196,193,195,-1,195,193,179,-1,180,162,179,-1,179,162,146,-1,179,146,195,-1,195,146,210,-1,227,210,226,-1,226,210,146,-1,226,146,225,-1,225,146,147,-1,225,147,223,-1,223,147,148,-1,223,148,221,-1,221,148,150,-1,221,150,219,-1,219,150,152,-1,219,152,217,-1,217,152,154,-1,217,154,215,-1,215,154,156,-1,215,156,213,-1,213,156,158,-1,165,241,163,-1,163,241,243,-1,163,243,160,-1,160,243,158,-1,158,243,211,-1,158,211,213,-1,241,165,178,-1,241,178,239,-1,239,178,177,-1,239,177,237,-1,237,177,175,-1,237,175,235,-1,235,175,173,-1,235,173,234,-1,234,173,171,-1,234,171,232,-1,232,171,170,-1,232,170,230,-1,230,170,168,-1,230,168,228,-1,228,168,145,-1,145,168,140,-1,145,140,144,-1,144,140,141,-1,144,141,142,-1,142,141,139,-1,129,162,127,-1,127,162,180,-1,208,209,181,-1,181,209,182,-1,136,210,137,-1,137,210,227,-1,124,134,244,-1,244,134,245,-1,246,245,128,-1,128,245,134,-1,247,246,125,-1,125,246,128,-1,244,245,247,-1,247,245,246,-1,124,244,125,-1,125,244,247,-1,163,160,164,-1,164,160,161,-1,211,243,212,-1,212,243,242,-1,248,249,250,-1,250,249,251,-1,251,249,252,-1,251,252,253,-1,254,255,256,-1,256,255,257,-1,253,252,256,-1,256,252,258,-1,256,258,254,-1,250,259,248,-1,248,259,260,-1,248,260,258,-1,258,260,261,-1,258,261,254,-1,262,263,264,-1,264,263,265,-1,266,267,268,-1,268,267,269,-1,270,256,271,-1,271,256,257,-1,271,257,272,-1,272,257,273,-1,272,273,274,-1,274,273,275,-1,274,275,276,-1,276,275,277,-1,276,277,278,-1,278,277,279,-1,278,279,280,-1,280,279,281,-1,280,281,282,-1,282,281,283,-1,282,283,284,-1,284,283,285,-1,253,256,286,-1,286,256,270,-1,287,288,289,-1,289,288,290,-1,262,264,291,-1,291,264,292,-1,291,292,293,-1,292,294,293,-1,293,294,295,-1,293,295,296,-1,296,295,297,-1,296,297,298,-1,298,297,299,-1,298,299,300,-1,300,299,301,-1,300,301,290,-1,290,301,302,-1,290,302,289,-1,250,251,303,-1,303,251,304,-1,305,306,307,-1,307,306,308,-1,307,308,309,-1,309,308,310,-1,309,310,311,-1,311,310,312,-1,311,312,313,-1,313,312,314,-1,313,314,315,-1,315,314,316,-1,315,316,317,-1,317,316,318,-1,317,318,303,-1,303,318,250,-1,319,259,320,-1,320,259,321,-1,320,321,322,-1,322,321,323,-1,322,323,324,-1,324,323,325,-1,324,325,326,-1,326,325,327,-1,326,327,328,-1,328,327,329,-1,328,329,330,-1,330,329,331,-1,330,331,332,-1,332,331,333,-1,260,259,334,-1,334,259,319,-1,335,336,337,-1,337,336,338,-1,337,338,339,-1,339,338,340,-1,339,340,341,-1,341,340,342,-1,341,342,343,-1,343,342,344,-1,343,344,345,-1,345,344,346,-1,345,346,347,-1,347,346,348,-1,347,348,349,-1,349,348,255,-1,349,255,350,-1,350,255,254,-1,254,261,350,-1,350,261,351,-1,269,267,352,-1,352,267,353,-1,352,353,354,-1,354,353,355,-1,354,355,356,-1,356,355,357,-1,356,357,358,-1,358,357,359,-1,359,357,360,-1,359,360,361,-1,361,360,362,-1,361,362,363,-1,363,362,364,-1,363,364,365,-1,365,364,366,-1,365,366,367,-1,306,333,308,-1,308,333,331,-1,259,250,318,-1,259,318,321,-1,321,318,316,-1,321,316,323,-1,323,316,314,-1,323,314,325,-1,325,314,312,-1,325,312,327,-1,327,312,310,-1,327,310,329,-1,329,310,308,-1,329,308,331,-1,338,283,281,-1,338,281,340,-1,340,281,279,-1,340,279,342,-1,342,279,277,-1,342,277,344,-1,344,277,275,-1,344,275,346,-1,346,275,273,-1,346,273,348,-1,348,273,257,-1,348,257,255,-1,288,285,366,-1,366,285,283,-1,366,283,336,-1,336,283,338,-1,353,291,355,-1,355,291,293,-1,355,293,357,-1,357,293,296,-1,357,296,360,-1,360,296,298,-1,360,298,362,-1,362,298,300,-1,362,300,364,-1,364,300,290,-1,364,290,366,-1,366,290,288,-1,266,263,267,-1,267,263,262,-1,267,262,353,-1,353,262,291,-1,330,332,307,-1,307,332,305,-1,330,307,328,-1,328,307,309,-1,328,309,326,-1,326,309,311,-1,326,311,324,-1,324,311,313,-1,324,313,322,-1,322,313,315,-1,322,315,320,-1,320,315,317,-1,320,317,319,-1,319,317,303,-1,303,304,350,-1,271,349,270,-1,270,349,350,-1,270,350,286,-1,286,350,304,-1,351,334,350,-1,350,334,319,-1,350,319,303,-1,349,271,347,-1,347,271,272,-1,347,272,345,-1,345,272,274,-1,345,274,343,-1,343,274,276,-1,343,276,341,-1,341,276,278,-1,341,278,339,-1,339,278,280,-1,339,280,337,-1,337,280,282,-1,289,365,287,-1,287,365,367,-1,287,367,284,-1,284,367,282,-1,282,367,335,-1,282,335,337,-1,365,289,302,-1,365,302,363,-1,363,302,301,-1,363,301,361,-1,361,301,299,-1,361,299,359,-1,359,299,297,-1,359,297,358,-1,358,297,295,-1,358,295,356,-1,356,295,294,-1,356,294,354,-1,354,294,292,-1,354,292,352,-1,352,292,269,-1,269,292,264,-1,269,264,268,-1,268,264,265,-1,268,265,266,-1,266,265,263,-1,253,286,251,-1,251,286,304,-1,332,333,305,-1,305,333,306,-1,260,334,261,-1,261,334,351,-1,248,258,368,-1,368,258,369,-1,370,369,252,-1,252,369,258,-1,371,370,249,-1,249,370,252,-1,368,369,371,-1,371,369,370,-1,248,368,249,-1,249,368,371,-1,287,284,288,-1,288,284,285,-1,335,367,336,-1,336,367,366,-1,372,373,374,-1,374,373,375,-1,375,373,376,-1,375,376,377,-1,378,379,380,-1,380,379,381,-1,377,376,380,-1,380,376,382,-1,380,382,378,-1,374,383,372,-1,372,383,384,-1,372,384,382,-1,382,384,385,-1,382,385,378,-1,386,387,388,-1,388,387,389,-1,390,391,392,-1,392,391,393,-1,394,380,395,-1,395,380,381,-1,395,381,396,-1,396,381,397,-1,396,397,398,-1,398,397,399,-1,398,399,400,-1,400,399,401,-1,400,401,402,-1,402,401,403,-1,402,403,404,-1,404,403,405,-1,404,405,406,-1,406,405,407,-1,406,407,408,-1,408,407,409,-1,377,380,410,-1,410,380,394,-1,411,412,413,-1,413,412,414,-1,386,388,415,-1,415,388,416,-1,415,416,417,-1,416,418,417,-1,417,418,419,-1,417,419,420,-1,420,419,421,-1,420,421,422,-1,422,421,423,-1,422,423,424,-1,424,423,425,-1,424,425,414,-1,414,425,426,-1,414,426,413,-1,374,375,427,-1,427,375,428,-1,429,430,431,-1,431,430,432,-1,431,432,433,-1,433,432,434,-1,433,434,435,-1,435,434,436,-1,435,436,437,-1,437,436,438,-1,437,438,439,-1,439,438,440,-1,439,440,441,-1,441,440,442,-1,441,442,427,-1,427,442,374,-1,443,383,444,-1,444,383,445,-1,444,445,446,-1,446,445,447,-1,446,447,448,-1,448,447,449,-1,448,449,450,-1,450,449,451,-1,450,451,452,-1,452,451,453,-1,452,453,454,-1,454,453,455,-1,454,455,456,-1,456,455,457,-1,384,383,458,-1,458,383,443,-1,459,460,461,-1,461,460,462,-1,461,462,463,-1,463,462,464,-1,463,464,465,-1,465,464,466,-1,465,466,467,-1,467,466,468,-1,467,468,469,-1,469,468,470,-1,469,470,471,-1,471,470,472,-1,471,472,473,-1,473,472,379,-1,473,379,474,-1,474,379,378,-1,378,385,474,-1,474,385,475,-1,393,391,476,-1,476,391,477,-1,476,477,478,-1,478,477,479,-1,478,479,480,-1,480,479,481,-1,480,481,482,-1,482,481,483,-1,483,481,484,-1,483,484,485,-1,485,484,486,-1,485,486,487,-1,487,486,488,-1,487,488,489,-1,489,488,490,-1,489,490,491,-1,430,457,432,-1,432,457,455,-1,383,374,442,-1,383,442,445,-1,445,442,440,-1,445,440,447,-1,447,440,438,-1,447,438,449,-1,449,438,436,-1,449,436,451,-1,451,436,434,-1,451,434,453,-1,453,434,432,-1,453,432,455,-1,462,407,405,-1,462,405,464,-1,464,405,403,-1,464,403,466,-1,466,403,401,-1,466,401,468,-1,468,401,399,-1,468,399,470,-1,470,399,397,-1,470,397,472,-1,472,397,381,-1,472,381,379,-1,412,409,490,-1,490,409,407,-1,490,407,460,-1,460,407,462,-1,477,415,479,-1,479,415,417,-1,479,417,481,-1,481,417,420,-1,481,420,484,-1,484,420,422,-1,484,422,486,-1,486,422,424,-1,486,424,488,-1,488,424,414,-1,488,414,490,-1,490,414,412,-1,390,387,391,-1,391,387,386,-1,391,386,477,-1,477,386,415,-1,454,456,431,-1,431,456,429,-1,454,431,452,-1,452,431,433,-1,452,433,450,-1,450,433,435,-1,450,435,448,-1,448,435,437,-1,448,437,446,-1,446,437,439,-1,446,439,444,-1,444,439,441,-1,444,441,443,-1,443,441,427,-1,427,428,474,-1,395,473,394,-1,394,473,474,-1,394,474,410,-1,410,474,428,-1,475,458,474,-1,474,458,443,-1,474,443,427,-1,473,395,471,-1,471,395,396,-1,471,396,469,-1,469,396,398,-1,469,398,467,-1,467,398,400,-1,467,400,465,-1,465,400,402,-1,465,402,463,-1,463,402,404,-1,463,404,461,-1,461,404,406,-1,413,489,411,-1,411,489,491,-1,411,491,408,-1,408,491,406,-1,406,491,459,-1,406,459,461,-1,489,413,426,-1,489,426,487,-1,487,426,425,-1,487,425,485,-1,485,425,423,-1,485,423,483,-1,483,423,421,-1,483,421,482,-1,482,421,419,-1,482,419,480,-1,480,419,418,-1,480,418,478,-1,478,418,416,-1,478,416,476,-1,476,416,393,-1,393,416,388,-1,393,388,392,-1,392,388,389,-1,392,389,390,-1,390,389,387,-1,377,410,375,-1,375,410,428,-1,456,457,429,-1,429,457,430,-1,384,458,385,-1,385,458,475,-1,372,382,492,-1,492,382,493,-1,494,493,376,-1,376,493,382,-1,495,494,373,-1,373,494,376,-1,492,493,495,-1,495,493,494,-1,372,492,373,-1,373,492,495,-1,411,408,412,-1,412,408,409,-1,459,491,460,-1,460,491,490,-1,
        ]
    }
}