#VRML V2.0 utf8
# 3D model generated by easyeda2kicad.py (https://github.com/uPesy/easyeda2kicad.py)

Shape{
    appearance Appearance {
        material  Material 	{
            diffuseColor 0.0 0.0 0.0
            specularColor 0.0 0.0 0.0
            ambientIntensity 0.0
            transparency 0.0
            shininess 0.5
        }
    }
    geometry IndexedFaceSet {
        ccw TRUE
        solid FALSE
        coord DEF co Coordinate {
            point [
                3.6968 -0.988 2.9076, -3.2221 -0.988 2.9076, 3.6968 -0.988 0.344, -3.6968 -0.988 2.4329, -3.6968 -0.988 0.344, -3.2105 0.677 0.3303, -3.7105 0.677 0.3303, -3.6968 0.992 0.344, -3.1 0.002 0.3008, -3.24 0.002 0.3008, -3.1116 0.052 0.303, 3.24 0.002 0.3008, 3.1 0.002 0.3008, 3.1116 0.052 0.303, 3.6968 0.992 0.344, 3.2105 0.677 0.3303, 3.7105 0.677 0.3303, 2.9 0.002 0.3008, 1.1 0.002 0.3008, 2.9 0.052 0.303, 1.1 0.052 0.303, 0.9 0.052 0.303, -1.1 0.002 0.3008, -2.9 0.002 0.3008, -1.1 0.052 0.303, -2.9 0.052 0.303, 0.9 0.002 0.3008, -0.9 0.002 0.3008, -0.9 0.052 0.303, -2.1 0.992 0.7683, -2.1 0.962 0.7683, -1.9092 0.992 0.7898, -1.9092 0.962 0.7898, -1.7279 0.992 0.8532, -1.7279 0.962 0.8532, -1.5654 0.992 0.9554, -1.5654 0.962 0.9554, -1.4296 0.992 1.0911, -1.4296 0.962 1.0911, -1.3274 0.992 1.2537, -1.3274 0.962 1.2537, -1.264 0.992 1.435, -1.264 0.962 1.435, -1.2425 0.992 1.6258, -1.2425 0.962 1.6258, -1.264 0.992 1.8166, -1.264 0.962 1.8166, -1.3274 0.992 1.9978, -1.3274 0.962 1.9978, -1.4296 0.992 2.1604, -1.4296 0.962 2.1604, -1.5654 0.992 2.2962, -1.5654 0.962 2.2962, -1.7279 0.992 2.3984, -1.7279 0.962 2.3984, -1.9092 0.992 2.4618, -1.9092 0.962 2.4618, -2.1 0.992 2.4833, -2.1 0.962 2.4833, -2.2908 0.992 2.4618, -2.2908 0.962 2.4618, -2.4721 0.992 2.3984, -2.4721 0.962 2.3984, -2.6346 0.992 2.2962, -2.6346 0.962 2.2962, -2.7704 0.992 2.1604, -2.7704 0.962 2.1604, -2.8726 0.992 1.9978, -2.8726 0.962 1.9978, -2.936 0.992 1.8166, -2.936 0.962 1.8166, -2.9575 0.992 1.6258, -2.9575 0.962 1.6258, -2.936 0.992 1.435, -2.936 0.962 1.435, -2.8726 0.992 1.2537, -2.8726 0.962 1.2537, -2.7704 0.992 1.0911, -2.7704 0.962 1.0911, -2.6346 0.992 0.9554, -2.6346 0.962 0.9554, -2.4721 0.992 0.8532, -2.4721 0.962 0.8532, -2.2908 0.992 0.7898, -2.2908 0.962 0.7898, -2.1 0.962 1.6258, 2.1 0.992 0.7683, 2.1 0.962 0.7683, 2.2908 0.992 0.7898, 2.2908 0.962 0.7898, 2.4721 0.992 0.8532, 2.4721 0.962 0.8532, 2.6346 0.992 0.9554, 2.6346 0.962 0.9554, 2.7704 0.992 1.0911, 2.7704 0.962 1.0911, 2.8726 0.992 1.2537, 2.8726 0.962 1.2537, 2.936 0.992 1.435, 2.936 0.962 1.435, 2.9575 0.992 1.6258, 2.9575 0.962 1.6258, 2.936 0.992 1.8166, 2.936 0.962 1.8166, 2.8726 0.992 1.9978, 2.8726 0.962 1.9978, 2.7704 0.992 2.1604, 2.7704 0.962 2.1604, 2.6346 0.992 2.2962, 2.6346 0.962 2.2962, 2.4721 0.992 2.3984, 2.4721 0.962 2.3984, 2.2908 0.992 2.4618, 2.2908 0.962 2.4618, 2.1 0.992 2.4833, 2.1 0.962 2.4833, 1.9092 0.992 2.4618, 1.9092 0.962 2.4618, 1.7279 0.992 2.3984, 1.7279 0.962 2.3984, 1.5654 0.992 2.2962, 1.5654 0.962 2.2962, 1.4296 0.992 2.1604, 1.4296 0.962 2.1604, 1.3274 0.992 1.9978, 1.3274 0.962 1.9978, 1.264 0.992 1.8166, 1.264 0.962 1.8166, 1.2425 0.992 1.6258, 1.2425 0.962 1.6258, 1.264 0.992 1.435, 1.264 0.962 1.435, 1.3274 0.992 1.2537, 1.3274 0.962 1.2537, 1.4296 0.992 1.0911, 1.4296 0.962 1.0911, 1.5654 0.992 0.9554, 1.5654 0.962 0.9554, 1.7279 0.992 0.8532, 1.7279 0.962 0.8532, 1.9092 0.992 0.7898, 1.9092 0.962 0.7898, 2.1 0.962 1.6258, -3.7105 0.677 -0.0197, -3.74 0.002 -0.0492, -3.74 0.002 2.4508, -3.6968 0.992 2.4329, -3.5605 -0.673 -0.0197, -3.7105 -0.673 -0.0197, -3.59 0.002 -0.0492, -3.2105 -0.673 0.3303, -3.2221 0.992 2.9076, -3.24 0.002 2.9508, 3.2105 -0.673 0.3303, 3.7105 -0.673 0.3303, 3.1116 -0.048 0.303, -3.1116 -0.048 0.303, -3.7105 -0.673 0.3303, -2.9 -0.048 0.303, -1.1 -0.048 0.303, -0.9 -0.048 0.303, 1.1 -0.048 0.303, 2.9 -0.048 0.303, 0.9 -0.048 0.303, 3.6968 0.992 2.9076, 3.74 0.002 2.9508, 3.5605 -0.673 -0.0197, 3.59 0.002 -0.0492, 3.74 0.002 -0.0492, 3.7105 0.677 -0.0197, 3.7105 -0.673 -0.0197, 3.5605 0.677 -0.0197, -3.5605 0.677 -0.0197
            ]
        }
        coordIndex [
            0,1,2,-1,2,1,3,-1,2,3,4,-1,5,6,7,-1,8,9,10,-1,10,9,5,-1,11,12,13,-1,7,14,15,-1,15,14,16,-1,17,18,19,-1,19,18,20,-1,11,13,15,-1,15,13,19,-1,15,19,7,-1,7,19,20,-1,7,20,21,-1,22,23,24,-1,24,23,25,-1,26,27,21,-1,21,27,28,-1,21,28,7,-1,7,28,24,-1,7,24,5,-1,5,24,25,-1,5,25,10,-1,29,30,31,-1,31,30,32,-1,31,32,33,-1,33,32,34,-1,33,34,35,-1,35,34,36,-1,35,36,37,-1,37,36,38,-1,37,38,39,-1,39,38,40,-1,39,40,41,-1,41,40,42,-1,41,42,43,-1,43,42,44,-1,43,44,45,-1,45,44,46,-1,45,46,47,-1,47,46,48,-1,47,48,49,-1,49,48,50,-1,49,50,51,-1,51,50,52,-1,51,52,53,-1,53,52,54,-1,53,54,55,-1,55,54,56,-1,55,56,57,-1,57,56,58,-1,57,58,59,-1,59,58,60,-1,59,60,61,-1,61,60,62,-1,61,62,63,-1,63,62,64,-1,63,64,65,-1,65,64,66,-1,65,66,67,-1,67,66,68,-1,67,68,69,-1,69,68,70,-1,69,70,71,-1,71,70,72,-1,71,72,73,-1,73,72,74,-1,73,74,75,-1,75,74,76,-1,75,76,77,-1,77,76,78,-1,77,78,79,-1,79,78,80,-1,79,80,81,-1,81,80,82,-1,81,82,83,-1,83,82,84,-1,83,84,29,-1,29,84,30,-1,58,56,85,-1,64,62,85,-1,85,62,60,-1,85,60,58,-1,70,68,85,-1,85,68,66,-1,85,66,64,-1,76,74,85,-1,85,74,72,-1,85,72,70,-1,82,80,85,-1,85,80,78,-1,85,78,76,-1,32,30,85,-1,85,30,84,-1,85,84,82,-1,38,36,85,-1,85,36,34,-1,85,34,32,-1,44,42,85,-1,85,42,40,-1,85,40,38,-1,50,48,85,-1,85,48,46,-1,85,46,44,-1,56,54,85,-1,85,54,52,-1,85,52,50,-1,86,87,88,-1,88,87,89,-1,88,89,90,-1,90,89,91,-1,90,91,92,-1,92,91,93,-1,92,93,94,-1,94,93,95,-1,94,95,96,-1,96,95,97,-1,96,97,98,-1,98,97,99,-1,98,99,100,-1,100,99,101,-1,100,101,102,-1,102,101,103,-1,102,103,104,-1,104,103,105,-1,104,105,106,-1,106,105,107,-1,106,107,108,-1,108,107,109,-1,108,109,110,-1,110,109,111,-1,110,111,112,-1,112,111,113,-1,112,113,114,-1,114,113,115,-1,114,115,116,-1,116,115,117,-1,116,117,118,-1,118,117,119,-1,118,119,120,-1,120,119,121,-1,120,121,122,-1,122,121,123,-1,122,123,124,-1,124,123,125,-1,124,125,126,-1,126,125,127,-1,126,127,128,-1,128,127,129,-1,128,129,130,-1,130,129,131,-1,130,131,132,-1,132,131,133,-1,132,133,134,-1,134,133,135,-1,134,135,136,-1,136,135,137,-1,136,137,138,-1,138,137,139,-1,138,139,140,-1,140,139,141,-1,140,141,86,-1,86,141,87,-1,115,113,142,-1,121,119,142,-1,142,119,117,-1,142,117,115,-1,127,125,142,-1,142,125,123,-1,142,123,121,-1,133,131,142,-1,142,131,129,-1,142,129,127,-1,139,137,142,-1,142,137,135,-1,142,135,133,-1,89,87,142,-1,142,87,141,-1,142,141,139,-1,95,93,142,-1,142,93,91,-1,142,91,89,-1,101,99,142,-1,142,99,97,-1,142,97,95,-1,107,105,142,-1,142,105,103,-1,142,103,101,-1,113,111,142,-1,142,111,109,-1,142,109,107,-1,143,144,6,-1,6,144,145,-1,6,145,7,-1,7,145,146,-1,147,148,149,-1,149,148,144,-1,150,147,9,-1,9,147,149,-1,151,146,152,-1,152,146,145,-1,153,154,2,-1,12,11,155,-1,155,11,153,-1,9,8,156,-1,2,4,150,-1,150,4,157,-1,23,22,158,-1,158,22,159,-1,9,156,150,-1,150,156,158,-1,150,158,2,-1,2,158,159,-1,2,159,160,-1,18,17,161,-1,161,17,162,-1,27,26,160,-1,160,26,163,-1,160,163,2,-1,2,163,161,-1,2,161,153,-1,153,161,162,-1,153,162,155,-1,164,151,165,-1,165,151,152,-1,166,153,167,-1,167,153,11,-1,168,169,16,-1,14,164,16,-1,16,164,165,-1,16,165,168,-1,170,166,168,-1,168,166,167,-1,166,170,153,-1,153,170,154,-1,169,171,16,-1,16,171,15,-1,172,143,5,-1,5,143,6,-1,172,5,149,-1,149,5,9,-1,143,172,144,-1,144,172,149,-1,171,169,167,-1,167,169,168,-1,15,171,11,-1,11,171,167,-1,148,147,157,-1,157,147,150,-1,144,148,157,-1,4,3,157,-1,157,3,145,-1,157,145,144,-1,3,1,145,-1,145,1,152,-1,1,0,152,-1,152,0,165,-1,98,100,14,-1,120,33,35,-1,14,100,164,-1,164,100,102,-1,164,102,104,-1,35,37,120,-1,120,37,39,-1,120,39,118,-1,118,39,41,-1,118,41,116,-1,67,146,65,-1,65,146,151,-1,65,151,63,-1,136,138,7,-1,14,90,92,-1,104,106,164,-1,164,106,108,-1,164,108,110,-1,110,112,164,-1,164,112,114,-1,164,114,116,-1,41,43,116,-1,116,43,45,-1,116,45,164,-1,164,45,47,-1,164,47,49,-1,57,151,55,-1,55,151,164,-1,57,59,151,-1,151,59,61,-1,151,61,63,-1,77,79,7,-1,92,94,14,-1,14,94,96,-1,14,96,98,-1,49,51,164,-1,164,51,53,-1,164,53,55,-1,77,7,75,-1,67,69,146,-1,146,69,71,-1,146,71,7,-1,7,71,73,-1,7,73,75,-1,138,140,7,-1,7,140,86,-1,7,86,14,-1,14,86,88,-1,14,88,90,-1,79,81,7,-1,7,81,83,-1,7,83,29,-1,29,31,7,-1,7,31,134,-1,7,134,136,-1,120,122,33,-1,33,122,124,-1,33,124,126,-1,126,128,33,-1,33,128,130,-1,33,130,31,-1,31,130,132,-1,31,132,134,-1,170,168,154,-1,154,168,165,-1,154,165,2,-1,2,165,0,-1,
        ]
    }
}
Shape{
    appearance Appearance {
        material  Material 	{
            diffuseColor 0.7490196078431373 0.7490196078431373 0.7490196078431373
            specularColor 0.7490196078431373 0.7490196078431373 0.7490196078431373
            ambientIntensity 0.749
            transparency 0.0
            shininess 0.5
        }
    }
    geometry IndexedFaceSet {
        ccw TRUE
        solid FALSE
        coord DEF co Coordinate {
            point [
                -2.9 -0.048 0.303, -3.1116 -0.048 0.303, -3.1 -0.048 0.3008, -2.9 -0.048 -1.1992, -3.1 -0.048 -1.1992, -2.9034 -0.048 -1.2251, -3.0966 -0.048 -1.2251, -3.0866 -0.048 -1.2492, -3.0707 -0.048 -1.2699, -3.05 -0.048 -1.2858, -3.0259 -0.048 -1.2958, -3.0 -0.048 -1.2992, -2.9741 -0.048 -1.2958, -2.95 -0.048 -1.2858, -2.9134 -0.048 -1.2492, -2.9293 -0.048 -1.2699, -3.1116 0.052 0.303, -3.1 0.052 0.3008, -3.1 0.002 0.3008, -2.9 0.052 0.303, -3.0966 0.052 -1.2251, -3.1 0.052 -1.1992, -2.9034 0.052 -1.2251, -2.9 0.052 -1.1992, -2.9293 0.052 -1.2699, -2.95 0.052 -1.2858, -3.0866 0.052 -1.2492, -2.9741 0.052 -1.2958, -3.0 0.052 -1.2992, -3.0259 0.052 -1.2958, -3.05 0.052 -1.2858, -3.0707 0.052 -1.2699, -2.9134 0.052 -1.2492, -2.9 0.002 0.3008, 3.1 -0.048 0.3008, 3.1116 -0.048 0.303, 2.9 -0.048 0.303, 3.1 -0.048 -1.1992, 2.9 -0.048 -1.1992, 2.9034 -0.048 -1.2251, 3.0966 -0.048 -1.2251, 3.0866 -0.048 -1.2492, 3.0259 -0.048 -1.2958, 3.0 -0.048 -1.2992, 2.9741 -0.048 -1.2958, 2.9134 -0.048 -1.2492, 2.9293 -0.048 -1.2699, 2.95 -0.048 -1.2858, 3.05 -0.048 -1.2858, 3.0707 -0.048 -1.2699, 2.9 0.052 0.303, 2.9 0.052 -1.1992, 2.9 0.002 0.3008, 3.1 0.002 0.3008, 3.1 0.052 0.3008, 3.1116 0.052 0.303, 3.1 0.052 -1.1992, 3.0966 0.052 -1.2251, 3.0866 0.052 -1.2492, 3.0707 0.052 -1.2699, 3.05 0.052 -1.2858, 3.0259 0.052 -1.2958, 2.9034 0.052 -1.2251, 3.0 0.052 -1.2992, 2.9741 0.052 -1.2958, 2.95 0.052 -1.2858, 2.9293 0.052 -1.2699, 2.9134 0.052 -1.2492, 0.9 0.052 0.303, 1.1 0.052 0.303, 0.9 0.052 -1.1992, 1.1 0.052 -1.1992, 1.0966 0.052 -1.2251, 1.0866 0.052 -1.2492, 1.0707 0.052 -1.2699, 0.9293 0.052 -1.2699, 0.9134 0.052 -1.2492, 0.95 0.052 -1.2858, 0.9034 0.052 -1.2251, 0.9741 0.052 -1.2958, 1.05 0.052 -1.2858, 1.0259 0.052 -1.2958, 1.0 0.052 -1.2992, 1.1 -0.048 -1.1992, 1.1 0.002 0.3008, 1.1 -0.048 0.303, 0.9 0.002 0.3008, 0.9 -0.048 -1.1992, 0.9 -0.048 0.303, 1.0966 -0.048 -1.2251, 1.0866 -0.048 -1.2492, 1.0707 -0.048 -1.2699, 1.05 -0.048 -1.2858, 1.0259 -0.048 -1.2958, 1.0 -0.048 -1.2992, 0.9741 -0.048 -1.2958, 0.95 -0.048 -1.2858, 0.9293 -0.048 -1.2699, 0.9134 -0.048 -1.2492, 0.9034 -0.048 -1.2251, -0.9 0.052 -1.1992, -0.9 0.052 0.303, -0.9 -0.048 -1.1992, -0.9 0.002 0.3008, -0.9 -0.048 0.303, -1.1 -0.048 0.303, -0.9741 -0.048 -1.2958, -1.0966 -0.048 -1.2251, -1.0 -0.048 -1.2992, -1.0259 -0.048 -1.2958, -1.1 -0.048 -1.1992, -0.9034 -0.048 -1.2251, -0.9134 -0.048 -1.2492, -1.0866 -0.048 -1.2492, -1.0707 -0.048 -1.2699, -1.05 -0.048 -1.2858, -0.95 -0.048 -1.2858, -0.9293 -0.048 -1.2699, -1.1 0.052 0.303, -1.1 0.052 -1.1992, -1.1 0.002 0.3008, -0.9034 0.052 -1.2251, -0.9134 0.052 -1.2492, -0.9293 0.052 -1.2699, -0.95 0.052 -1.2858, -0.9741 0.052 -1.2958, -1.0 0.052 -1.2992, -1.0259 0.052 -1.2958, -1.05 0.052 -1.2858, -1.0707 0.052 -1.2699, -1.0866 0.052 -1.2492, -1.0966 0.052 -1.2251, -3.565 0.752 0.3758, 3.565 0.752 0.3758, -3.565 0.752 2.3858, 3.565 0.752 2.3858, 3.635 -0.048 2.4558, 3.635 -0.048 0.3058, -3.635 -0.048 2.4558, -3.635 -0.048 0.3058, -3.6263 0.052 2.447, 3.6263 0.052 2.447, 3.6263 0.052 0.4008, 3.63 0.0091 2.4508, 3.63 0.0091 0.4008, -3.63 0.0091 2.4508, -3.63 0.0091 0.4008, -3.6263 0.052 0.4008, 3.63 0.0091 2.4614, 3.63 0.052 2.4614, 3.63 0.052 0.4008, -3.66 0.052 2.4614, -3.66 0.0091 2.4614, -3.66 0.052 0.4008, -3.66 0.0091 0.4008
            ]
        }
        coordIndex [
            0,1,2,-1,0,2,3,-1,3,2,4,-1,3,4,5,-1,4,6,5,-1,5,6,7,-1,5,7,8,-1,8,9,5,-1,5,9,10,-1,5,10,11,-1,11,12,5,-1,5,12,13,-1,5,13,14,-1,14,13,15,-1,16,17,18,-1,18,2,1,-1,17,16,19,-1,20,21,22,-1,17,19,21,-1,21,19,23,-1,21,23,22,-1,24,25,26,-1,26,25,27,-1,26,27,28,-1,28,29,26,-1,26,29,30,-1,26,30,31,-1,20,22,26,-1,26,22,32,-1,26,32,24,-1,17,21,18,-1,18,21,4,-1,18,4,2,-1,23,19,3,-1,3,19,33,-1,3,33,0,-1,23,3,5,-1,23,5,22,-1,22,5,14,-1,22,14,32,-1,32,14,15,-1,32,15,24,-1,24,15,13,-1,24,13,25,-1,25,13,12,-1,25,12,27,-1,27,12,11,-1,27,11,28,-1,28,11,10,-1,28,10,29,-1,29,10,9,-1,29,9,30,-1,30,9,8,-1,30,8,31,-1,31,8,7,-1,31,7,26,-1,26,7,6,-1,26,6,20,-1,20,6,4,-1,20,4,21,-1,34,35,36,-1,34,36,37,-1,36,38,37,-1,37,38,39,-1,37,39,40,-1,40,39,41,-1,42,39,43,-1,43,39,44,-1,45,46,39,-1,39,46,47,-1,39,47,44,-1,42,48,39,-1,39,48,49,-1,39,49,41,-1,50,51,52,-1,52,51,38,-1,52,38,36,-1,53,54,55,-1,56,51,54,-1,54,51,50,-1,54,50,55,-1,56,57,51,-1,51,57,58,-1,51,58,59,-1,59,60,51,-1,51,60,61,-1,51,61,62,-1,62,61,63,-1,62,63,64,-1,64,65,62,-1,62,65,66,-1,62,66,67,-1,35,34,53,-1,34,37,53,-1,53,37,56,-1,53,56,54,-1,56,37,40,-1,56,40,57,-1,57,40,41,-1,57,41,58,-1,58,41,49,-1,58,49,59,-1,59,49,48,-1,59,48,60,-1,60,48,42,-1,60,42,61,-1,61,42,43,-1,61,43,63,-1,63,43,44,-1,63,44,64,-1,64,44,47,-1,64,47,65,-1,65,47,46,-1,65,46,66,-1,66,46,45,-1,66,45,67,-1,67,45,39,-1,67,39,62,-1,62,39,38,-1,62,38,51,-1,68,69,70,-1,70,69,71,-1,71,72,70,-1,70,72,73,-1,70,73,74,-1,75,76,77,-1,77,76,78,-1,77,78,79,-1,74,80,70,-1,70,80,81,-1,70,81,78,-1,78,81,82,-1,78,82,79,-1,71,69,83,-1,83,69,84,-1,83,84,85,-1,68,70,86,-1,86,70,87,-1,86,87,88,-1,71,83,89,-1,71,89,72,-1,72,89,90,-1,72,90,73,-1,73,90,91,-1,73,91,74,-1,74,91,92,-1,74,92,80,-1,80,92,93,-1,80,93,81,-1,81,93,94,-1,81,94,82,-1,82,94,95,-1,82,95,79,-1,79,95,96,-1,79,96,77,-1,77,96,97,-1,77,97,75,-1,75,97,98,-1,75,98,76,-1,76,98,99,-1,76,99,78,-1,78,99,87,-1,78,87,70,-1,85,88,83,-1,83,88,87,-1,95,99,96,-1,96,99,98,-1,96,98,97,-1,91,90,87,-1,87,90,89,-1,87,89,83,-1,95,94,99,-1,99,94,93,-1,99,93,87,-1,87,93,92,-1,87,92,91,-1,100,101,102,-1,102,101,103,-1,102,103,104,-1,102,104,105,-1,106,107,108,-1,108,107,109,-1,105,110,102,-1,102,110,107,-1,102,107,111,-1,111,107,112,-1,113,114,107,-1,107,114,115,-1,107,115,109,-1,106,116,107,-1,107,116,117,-1,107,117,112,-1,118,119,120,-1,120,119,110,-1,120,110,105,-1,100,102,111,-1,100,111,121,-1,121,111,112,-1,121,112,122,-1,122,112,117,-1,122,117,123,-1,123,117,116,-1,123,116,124,-1,124,116,106,-1,124,106,125,-1,125,106,108,-1,125,108,126,-1,126,108,109,-1,126,109,127,-1,127,109,115,-1,127,115,128,-1,128,115,114,-1,128,114,129,-1,129,114,113,-1,129,113,130,-1,130,113,107,-1,130,107,131,-1,131,107,110,-1,131,110,119,-1,118,101,119,-1,119,101,100,-1,119,100,131,-1,126,127,131,-1,100,121,131,-1,131,121,122,-1,131,122,123,-1,123,124,131,-1,131,124,125,-1,131,125,126,-1,127,128,131,-1,131,128,129,-1,131,129,130,-1,132,133,134,-1,134,133,135,-1,136,137,138,-1,138,137,139,-1,140,134,141,-1,141,134,135,-1,142,141,135,-1,137,136,143,-1,143,144,137,-1,137,144,142,-1,137,142,133,-1,133,142,135,-1,132,139,133,-1,133,139,137,-1,143,136,145,-1,145,136,138,-1,145,138,146,-1,146,138,139,-1,146,139,147,-1,147,139,132,-1,147,132,140,-1,140,132,134,-1,148,149,143,-1,143,149,150,-1,143,150,144,-1,151,152,153,-1,153,152,154,-1,151,149,152,-1,152,149,148,-1,142,150,141,-1,141,150,149,-1,141,149,140,-1,140,149,151,-1,140,151,147,-1,147,151,153,-1,147,153,146,-1,146,153,154,-1,142,144,150,-1,146,154,145,-1,145,154,152,-1,145,152,143,-1,143,152,148,-1,
        ]
    }
}
Shape{
    appearance Appearance {
        material  Material 	{
            diffuseColor 1.0 1.0 1.0
            specularColor 0.5019607843137255 0.5019607843137255 0.5019607843137255
            ambientIntensity 1.0
            transparency 0.0
            shininess 0.5
        }
    }
    geometry IndexedFaceSet {
        ccw TRUE
        solid FALSE
        coord DEF co Coordinate {
            point [
                -3.232 -0.992 0.6684, -3.2217 -0.992 0.6597, -3.2548 -0.992 0.7698, -3.1734 -0.992 0.9415, -3.1665 -0.992 0.9377, -3.1959 -0.992 1.007, -3.1111 -0.992 1.0083, -3.095 -0.992 1.017, -3.1245 -0.992 1.0664, -2.9224 -0.992 0.9596, -2.9146 -0.992 0.9428, -2.8601 -0.992 0.9615, -2.9091 -0.992 0.9252, -2.9065 -0.992 0.9102, -3.1601 -0.992 0.7721, -3.1512 -0.992 0.7693, -3.1313 -0.992 0.8261, -2.8706 -0.992 0.7675, -2.8837 -0.992 0.7635, -2.8697 -0.992 0.7071, -3.2557 -0.992 0.7062, -3.2499 -0.992 0.6924, -3.242 -0.992 0.6797, -2.9379 -0.992 0.8163, -2.9673 -0.992 0.8666, -3.0707 -0.992 0.7461, -3.0944 -0.992 0.8002, -3.0707 -0.992 0.7366, -3.122 -0.992 0.6524, -3.0715 -0.992 0.7244, -3.1092 -0.992 0.6604, -3.0986 -0.992 0.6696, -3.175 -0.992 0.6996, -3.1787 -0.992 0.6426, -3.1665 -0.992 0.6986, -3.1656 -0.992 0.6417, -3.1574 -0.992 0.6998, -3.1913 -0.992 0.7082, -3.1838 -0.992 0.7029, -3.2084 -0.992 0.6518, -3.194 -0.992 0.646, -3.1325 -0.992 0.7502, -3.13 -0.992 0.7416, -3.1297 -0.992 0.7324, -3.1317 -0.992 0.7232, -3.1359 -0.992 0.7149, -3.2442 -0.992 0.9479, -3.2564 -0.992 1.004, -3.2749 -0.992 0.9979, -2.8876 -0.992 0.7043, -2.8933 -0.992 0.7622, -2.9436 -0.992 0.7043, -2.936 -0.992 0.7622, -2.9483 -0.992 0.705, -3.1044 -0.992 1.0748, -3.0777 -0.992 1.0234, -3.0836 -0.992 1.0809, -3.2685 -0.992 0.7774, -3.2846 -0.992 0.7167, -3.2664 -0.992 0.7094, -3.2587 -0.992 0.9422, -3.2925 -0.992 0.9894, -3.272 -0.992 0.9341, -3.3091 -0.992 0.9787, -3.2838 -0.992 0.9241, -3.0885 -0.992 0.6814, -3.0805 -0.992 0.6947, -3.0747 -0.992 0.7092, -3.2033 -0.992 0.7318, -3.2013 -0.992 0.723, -3.1973 -0.992 0.7151, -3.1175 -0.992 0.8195, -3.1433 -0.992 0.7644, -3.1051 -0.992 0.8108, -2.8281 -0.992 0.8575, -2.7778 -0.992 0.8886, -2.8333 -0.992 0.8703, -2.7864 -0.992 0.9045, -2.8407 -0.992 0.8818, -2.7972 -0.992 0.9193, -2.8501 -0.992 0.8917, -2.81 -0.992 0.9326, -2.8609 -0.992 0.8997, -3.2914 -0.992 0.7986, -3.3316 -0.992 0.7518, -3.2807 -0.992 0.7871, -3.3172 -0.992 0.7379, -3.3015 -0.992 0.7262, -3.2373 -0.992 1.0077, -3.229 -0.992 0.9512, -3.2178 -0.992 1.0089, -3.2168 -0.992 0.952, -3.2068 -0.992 1.0083, -3.202 -0.992 0.9507, -3.1876 -0.992 0.9473, -3.2031 -0.992 0.741, -3.2006 -0.992 0.75, -3.2505 -0.992 0.7796, -3.196 -0.992 0.7581, -3.1665 -0.992 0.7727, -3.1807 -0.992 0.8312, -3.1755 -0.992 0.7716, -3.1951 -0.992 0.8276, -3.1838 -0.992 0.7684, -3.1462 -0.992 0.8305, -3.1606 -0.992 0.8323, -3.1656 -0.992 0.8324, -3.1419 -0.992 0.708, -3.1492 -0.992 0.7029, -3.1359 -0.992 0.6465, -3.1504 -0.992 0.6429, -2.8525 -0.992 0.7123, -2.8361 -0.992 0.7198, -2.8585 -0.992 0.7739, -2.8208 -0.992 0.7295, -2.8478 -0.992 0.7824, -2.8067 -0.992 0.7415, -2.8435 -0.992 0.7869, -2.8012 -0.992 0.747, -2.8355 -0.992 0.7977, -3.1439 -0.992 1.0556, -3.1542 -0.992 1.0488, -3.1258 -0.992 0.9975, -3.1693 -0.992 1.0366, -3.139 -0.992 0.9848, -3.183 -0.992 1.0227, -3.1503 -0.992 0.9704, -3.1594 -0.992 0.9547, -2.8684 -0.992 0.9805, -2.8789 -0.992 0.9986, -2.9325 -0.992 0.9751, -2.8918 -0.992 1.0159, -2.9445 -0.992 0.989, -3.3101 -0.992 0.84, -3.3665 -0.992 0.8167, -3.3061 -0.992 0.825, -3.3604 -0.992 0.7981, -3.2995 -0.992 0.8108, -3.3519 -0.992 0.7802, -3.3412 -0.992 0.7635, -3.1369 -0.992 0.7579, -2.8262 -0.992 0.8226, -2.7664 -0.992 0.8289, -2.825 -0.992 0.8362, -2.7661 -0.992 0.8372, -2.8254 -0.992 0.844, -2.7677 -0.992 0.8549, -2.7716 -0.992 0.872, -2.7899 -0.992 0.7611, -2.7807 -0.992 0.7765, -2.8297 -0.992 0.8098, -2.7736 -0.992 0.7931, -2.7688 -0.992 0.8107, -3.2089 -0.992 0.8218, -3.2205 -0.992 0.8146, -3.1912 -0.992 0.7632, -3.2323 -0.992 0.8047, -3.2424 -0.992 0.7929, -2.9406 -0.992 0.7631, -2.9637 -0.992 0.7145, -2.9608 -0.992 0.7116, -3.0403 -0.992 1.0858, -3.0394 -0.992 1.0288, -3.0337 -0.992 1.0856, -3.0213 -0.992 1.0276, -3.301 -0.992 0.9006, -3.3592 -0.992 0.9154, -3.3069 -0.992 0.8868, -3.3657 -0.992 0.8969, -3.3105 -0.992 0.8723, -3.3698 -0.992 0.8777, -3.3117 -0.992 0.8571, -3.3714 -0.992 0.8592, -3.3117 -0.992 0.8544, -3.3715 -0.992 0.8552, -3.3702 -0.992 0.8358, -2.899 -0.992 0.9102, -2.8855 -0.992 0.909, -2.8565 -0.992 0.9603, -2.8728 -0.992 0.9055, -2.8406 -0.992 0.9536, -2.8246 -0.992 0.9442, -2.9711 -0.992 0.7338, -2.9702 -0.992 0.7269, -2.9678 -0.992 0.7204, -2.9377 -0.992 0.7624, -2.9546 -0.992 0.7074, -3.0623 -0.992 1.0845, -3.0596 -0.992 1.0274, -3.0422 -0.992 1.0288, -2.9487 -0.992 0.7623, -2.9553 -0.992 0.7598, -2.9709 -0.992 0.7366, -2.9611 -0.992 0.7557, -2.9658 -0.992 0.7505, -2.9693 -0.992 0.7439, -3.3236 -0.992 0.9666, -3.3269 -0.992 0.9634, -3.293 -0.992 0.9135, -3.3397 -0.992 0.9488, -3.3505 -0.992 0.9328, -2.9417 -0.992 0.7632, -2.9069 -0.992 1.0323, -2.9113 -0.992 1.0364, -2.9562 -0.992 0.9995, -2.9293 -0.992 1.0504, -2.9711 -0.992 1.0099, -2.9487 -0.992 1.0623, -2.9871 -0.992 1.0181, -2.9691 -0.992 1.0719, -3.0039 -0.992 1.024, -2.9902 -0.992 1.079, -3.0118 -0.992 1.0836, -2.9673 -0.988 0.8666, -2.9379 -0.988 0.8163, -3.0944 -0.988 0.8002, -3.0707 -0.988 0.7461, -3.122 -0.988 0.6524, -3.0707 -0.988 0.7366, -3.0715 -0.988 0.7244, -3.1092 -0.988 0.6604, -3.0986 -0.988 0.6696, -3.1755 -0.988 0.7716, -3.1838 -0.988 0.7684, -3.2548 -0.988 0.7698, -3.1912 -0.988 0.7632, -3.095 -0.988 1.017, -3.1111 -0.988 1.0083, -3.1439 -0.988 1.0556, -3.232 -0.988 0.6684, -3.242 -0.988 0.6797, -3.2006 -0.988 0.75, -3.2499 -0.988 0.6924, -3.2557 -0.988 0.7062, -3.1359 -0.988 0.7149, -3.1317 -0.988 0.7232, -3.1297 -0.988 0.7324, -3.13 -0.988 0.7416, -3.3061 -0.988 0.825, -3.2995 -0.988 0.8108, -3.3519 -0.988 0.7802, -3.0747 -0.988 0.7092, -3.0805 -0.988 0.6947, -3.0885 -0.988 0.6814, -3.1665 -0.988 0.6986, -3.1574 -0.988 0.6998, -3.1504 -0.988 0.6429, -3.2587 -0.988 0.9422, -3.2749 -0.988 0.9979, -3.2442 -0.988 0.9479, -3.2564 -0.988 1.004, -3.229 -0.988 0.9512, -3.2373 -0.988 1.0077, -3.2168 -0.988 0.952, -3.3412 -0.988 0.7635, -3.2914 -0.988 0.7986, -3.3316 -0.988 0.7518, -3.2807 -0.988 0.7871, -3.3172 -0.988 0.7379, -3.3015 -0.988 0.7262, -3.2685 -0.988 0.7774, -3.2846 -0.988 0.7167, -3.2664 -0.988 0.7094, -3.196 -0.988 0.7581, -2.9325 -0.988 0.9751, -2.8789 -0.988 0.9986, -2.9224 -0.988 0.9596, -2.8684 -0.988 0.9805, -2.9146 -0.988 0.9428, -2.8601 -0.988 0.9615, -2.9091 -0.988 0.9252, -3.1542 -0.988 1.0488, -3.1258 -0.988 0.9975, -3.1693 -0.988 1.0366, -2.8728 -0.988 0.9055, -2.8855 -0.988 0.909, -3.2031 -0.988 0.741, -3.2033 -0.988 0.7318, -3.2013 -0.988 0.723, -3.183 -0.988 1.0227, -3.139 -0.988 0.9848, -3.1959 -0.988 1.007, -3.1503 -0.988 0.9704, -3.1594 -0.988 0.9547, -2.8297 -0.988 0.8098, -2.7807 -0.988 0.7765, -2.8355 -0.988 0.7977, -2.7899 -0.988 0.7611, -2.8435 -0.988 0.7869, -2.8012 -0.988 0.747, -2.8478 -0.988 0.7824, -2.8067 -0.988 0.7415, -2.8585 -0.988 0.7739, -2.8333 -0.988 0.8703, -2.7778 -0.988 0.8886, -2.8281 -0.988 0.8575, -2.7716 -0.988 0.872, -2.8254 -0.988 0.844, -2.7677 -0.988 0.8549, -2.825 -0.988 0.8362, -2.899 -0.988 0.9102, -2.9065 -0.988 0.9102, -3.1838 -0.988 0.7029, -3.2217 -0.988 0.6597, -3.1913 -0.988 0.7082, -3.1973 -0.988 0.7151, -3.1665 -0.988 0.7727, -3.1606 -0.988 0.8323, -3.1601 -0.988 0.7721, -3.1462 -0.988 0.8305, -3.1512 -0.988 0.7693, -3.2178 -0.988 1.0089, -3.2068 -0.988 1.0083, -3.202 -0.988 0.9507, -3.1876 -0.988 0.9473, -3.1359 -0.988 0.6465, -3.1492 -0.988 0.7029, -3.1419 -0.988 0.708, -3.1313 -0.988 0.8261, -3.1175 -0.988 0.8195, -3.1433 -0.988 0.7644, -3.1051 -0.988 0.8108, -3.1369 -0.988 0.7579, -3.1325 -0.988 0.7502, -3.2089 -0.988 0.8218, -3.1951 -0.988 0.8276, -3.1734 -0.988 0.9415, -3.1665 -0.988 0.9377, -2.9608 -0.988 0.7116, -2.9637 -0.988 0.7145, -2.9406 -0.988 0.7631, -2.9678 -0.988 0.7204, -2.7661 -0.988 0.8372, -2.7664 -0.988 0.8289, -2.8262 -0.988 0.8226, -2.7688 -0.988 0.8107, -2.7736 -0.988 0.7931, -2.8565 -0.988 0.9603, -2.8406 -0.988 0.9536, -2.8609 -0.988 0.8997, -2.8246 -0.988 0.9442, -2.8501 -0.988 0.8917, -2.81 -0.988 0.9326, -2.8407 -0.988 0.8818, -2.7972 -0.988 0.9193, -2.7864 -0.988 0.9045, -3.1656 -0.988 0.6417, -3.1787 -0.988 0.6426, -3.175 -0.988 0.6996, -3.194 -0.988 0.646, -3.2084 -0.988 0.6518, -3.2424 -0.988 0.7929, -3.2323 -0.988 0.8047, -3.2205 -0.988 0.8146, -3.1807 -0.988 0.8312, -3.1656 -0.988 0.8324, -3.3069 -0.988 0.8868, -3.3592 -0.988 0.9154, -3.301 -0.988 0.9006, -3.3505 -0.988 0.9328, -3.293 -0.988 0.9135, -3.3604 -0.988 0.7981, -3.3665 -0.988 0.8167, -3.3101 -0.988 0.84, -3.3702 -0.988 0.8358, -3.3117 -0.988 0.8544, -3.3715 -0.988 0.8552, -3.3117 -0.988 0.8571, -3.3714 -0.988 0.8592, -3.3105 -0.988 0.8723, -3.3698 -0.988 0.8777, -3.3657 -0.988 0.8969, -2.8208 -0.988 0.7295, -2.8361 -0.988 0.7198, -2.8706 -0.988 0.7675, -2.8525 -0.988 0.7123, -2.8837 -0.988 0.7635, -2.8697 -0.988 0.7071, -2.8933 -0.988 0.7622, -2.8876 -0.988 0.7043, -2.936 -0.988 0.7622, -2.9436 -0.988 0.7043, -2.9377 -0.988 0.7624, -2.9483 -0.988 0.705, -2.9546 -0.988 0.7074, -2.9702 -0.988 0.7269, -2.9711 -0.988 0.7338, -2.9709 -0.988 0.7366, -3.2505 -0.988 0.7796, -3.3397 -0.988 0.9488, -3.3269 -0.988 0.9634, -3.2838 -0.988 0.9241, -3.3236 -0.988 0.9666, -3.272 -0.988 0.9341, -3.3091 -0.988 0.9787, -3.2925 -0.988 0.9894, -2.9693 -0.988 0.7439, -2.9658 -0.988 0.7505, -2.9611 -0.988 0.7557, -2.9553 -0.988 0.7598, -2.9562 -0.988 0.9995, -2.9113 -0.988 1.0364, -2.9445 -0.988 0.989, -2.9069 -0.988 1.0323, -2.8918 -0.988 1.0159, -3.1245 -0.988 1.0664, -3.1044 -0.988 1.0748, -3.0777 -0.988 1.0234, -3.0836 -0.988 1.0809, -3.0596 -0.988 1.0274, -3.0623 -0.988 1.0845, -3.0422 -0.988 1.0288, -3.0403 -0.988 1.0858, -3.0394 -0.988 1.0288, -3.0337 -0.988 1.0856, -3.0213 -0.988 1.0276, -3.0118 -0.988 1.0836, -3.0039 -0.988 1.024, -2.9902 -0.988 1.079, -2.9871 -0.988 1.0181, -2.9691 -0.988 1.0719, -2.9711 -0.988 1.0099, -2.9487 -0.988 1.0623, -2.9293 -0.988 1.0504, -2.9487 -0.988 0.7623, -2.9417 -0.988 0.7632, -2.3826 -0.992 0.9317, -2.3826 -0.992 0.9165, -2.3826 -0.988 0.9317, -2.3826 -0.988 0.9165, -2.4371 -0.992 0.9317, -2.4371 -0.988 0.9317, -2.4371 -0.992 0.9766, -2.4371 -0.988 0.9766, -2.3894 -0.992 0.9766, -2.3894 -0.988 0.9766, -2.3894 -0.992 0.9919, -2.3894 -0.988 0.9919, -2.4371 -0.992 0.9919, -2.4371 -0.988 0.9919, -2.4371 -0.992 1.0346, -2.4371 -0.988 1.0346, -2.3856 -0.992 1.0346, -2.3856 -0.988 1.0346, -2.3856 -0.992 1.05, -2.3856 -0.988 1.05, -2.4544 -0.992 1.05, -2.4544 -0.988 1.05, -2.4544 -0.992 0.9165, -2.4544 -0.988 0.9165, -2.2155 -0.992 0.72, -2.2155 -0.992 0.7048, -2.2155 -0.988 0.72, -2.2155 -0.988 0.7048, -2.27 -0.992 0.72, -2.27 -0.988 0.72, -2.27 -0.992 0.7649, -2.27 -0.988 0.7649, -2.2223 -0.992 0.7649, -2.2223 -0.988 0.7649, -2.2223 -0.992 0.7802, -2.2223 -0.988 0.7802, -2.27 -0.992 0.7802, -2.27 -0.988 0.7802, -2.27 -0.992 0.8229, -2.27 -0.988 0.8229, -2.2185 -0.992 0.8229, -2.2185 -0.988 0.8229, -2.2185 -0.992 0.8383, -2.2185 -0.988 0.8383, -2.2873 -0.992 0.8383, -2.2873 -0.988 0.8383, -2.2873 -0.992 0.7048, -2.2873 -0.988 0.7048, -2.5092 -0.992 0.7048, -2.4925 -0.992 0.7048, -2.5092 -0.992 0.7195, -2.4925 -0.992 0.7661, -2.522 -0.992 0.7879, -2.5193 -0.992 0.787, -2.5124 -0.992 0.8002, -2.5517 -0.992 0.7576, -2.5553 -0.992 0.7558, -2.5458 -0.992 0.7453, -2.5477 -0.992 0.7438, -2.5091 -0.992 0.7989, -2.5171 -0.992 0.7857, -2.5062 -0.992 0.7974, -2.5151 -0.992 0.7841, -2.5035 -0.992 0.7955, -2.549 -0.992 0.7223, -2.5503 -0.992 0.7243, -2.5642 -0.992 0.7138, -2.5584 -0.992 0.7538, -2.561 -0.992 0.7516, -2.5492 -0.992 0.7419, -2.5476 -0.992 0.7592, -2.5435 -0.992 0.7465, -2.5428 -0.992 0.7605, -2.5405 -0.992 0.7477, -2.5374 -0.992 0.7614, -2.5011 -0.992 0.7933, -2.5135 -0.992 0.7822, -2.499 -0.992 0.7908, -2.5121 -0.992 0.78, -2.4971 -0.992 0.7878, -2.5616 -0.992 0.751, -2.5637 -0.992 0.7486, -2.5504 -0.992 0.7399, -2.5654 -0.992 0.7459, -2.5513 -0.992 0.7375, -2.5125 -0.992 0.7294, -2.5096 -0.992 0.7195, -2.5142 -0.992 0.7266, -2.5105 -0.992 0.7182, -2.531 -0.992 0.7165, -2.5272 -0.992 0.7044, -2.5278 -0.992 0.7171, -2.5239 -0.992 0.7057, -2.5248 -0.992 0.7181, -2.5208 -0.992 0.7075, -2.522 -0.992 0.7195, -2.5092 -0.992 0.7426, -2.5095 -0.992 0.739, -2.5101 -0.992 0.7356, -2.5111 -0.992 0.7324, -2.4956 -0.992 0.7845, -2.511 -0.992 0.7773, -2.4943 -0.992 0.7807, -2.5101 -0.992 0.7743, -2.4933 -0.992 0.7764, -2.5473 -0.992 0.7206, -2.5554 -0.992 0.7062, -2.5452 -0.992 0.719, -2.5523 -0.992 0.7048, -2.5429 -0.992 0.7178, -2.5489 -0.992 0.7037, -2.5404 -0.992 0.717, -2.5622 -0.992 0.7114, -2.5609 -0.992 0.7101, -2.5583 -0.992 0.708, -2.5519 -0.992 0.729, -2.5682 -0.992 0.7228, -2.5513 -0.992 0.7265, -2.5673 -0.992 0.7195, -2.5659 -0.992 0.7165, -2.5092 -0.992 0.7526, -2.5092 -0.992 0.7654, -2.5315 -0.992 0.7496, -2.5367 -0.992 0.7487, -2.5179 -0.992 0.7095, -2.5153 -0.992 0.712, -2.5194 -0.992 0.7212, -2.5128 -0.992 0.7149, -2.5171 -0.992 0.7233, -2.5164 -0.992 0.724, -2.4927 -0.992 0.7715, -2.5095 -0.992 0.7707, -2.5092 -0.992 0.7666, -2.5092 -0.992 0.7435, -2.5452 -0.992 0.703, -2.5412 -0.992 0.7026, -2.5375 -0.992 0.7164, -2.5388 -0.992 0.7026, -2.5345 -0.992 0.7163, -2.5347 -0.992 0.7028, -2.5308 -0.992 0.7034, -2.5668 -0.992 0.7429, -2.5679 -0.992 0.7397, -2.5519 -0.992 0.7349, -2.5686 -0.992 0.7362, -2.5521 -0.992 0.7317, -2.5161 -0.992 0.8012, -2.5203 -0.992 0.8019, -2.5251 -0.992 0.7885, -2.5249 -0.992 0.8023, -2.5285 -0.992 0.7887, -2.5269 -0.992 0.8023, -2.5302 -0.992 0.7887, -2.5326 -0.992 0.8021, -2.5347 -0.992 0.7883, -2.5379 -0.992 0.8015, -2.539 -0.992 0.7876, -2.543 -0.992 0.8005, -2.5433 -0.992 0.7864, -2.5479 -0.992 0.7991, -2.5475 -0.992 0.7848, -2.5524 -0.992 0.7973, -2.5516 -0.992 0.7827, -2.5568 -0.992 0.7952, -2.5557 -0.992 0.7802, -2.5597 -0.992 0.7934, -2.5597 -0.992 0.7772, -2.569 -0.992 0.7323, -2.5691 -0.992 0.7303, -2.5689 -0.992 0.7264, -2.5557 -0.988 0.7802, -2.5597 -0.988 0.7772, -2.5597 -0.988 0.7934, -2.5171 -0.988 0.7857, -2.5062 -0.988 0.7974, -2.5151 -0.988 0.7841, -2.5035 -0.988 0.7955, -2.5135 -0.988 0.7822, -2.5101 -0.988 0.7356, -2.5095 -0.988 0.739, -2.4925 -0.988 0.7661, -2.549 -0.988 0.7223, -2.5642 -0.988 0.7138, -2.5503 -0.988 0.7243, -2.5659 -0.988 0.7165, -2.5513 -0.988 0.7265, -2.5011 -0.988 0.7933, -2.499 -0.988 0.7908, -2.5121 -0.988 0.78, -2.4971 -0.988 0.7878, -2.511 -0.988 0.7773, -2.5251 -0.988 0.7885, -2.5203 -0.988 0.8019, -2.522 -0.988 0.7879, -2.5161 -0.988 0.8012, -2.5193 -0.988 0.787, -2.5124 -0.988 0.8002, -2.5091 -0.988 0.7989, -2.5111 -0.988 0.7324, -2.5092 -0.988 0.7195, -2.5092 -0.988 0.7048, -2.4925 -0.988 0.7048, -2.5477 -0.988 0.7438, -2.5553 -0.988 0.7558, -2.5458 -0.988 0.7453, -2.5517 -0.988 0.7576, -2.5435 -0.988 0.7465, -2.5476 -0.988 0.7592, -2.5405 -0.988 0.7477, -2.5428 -0.988 0.7605, -2.5367 -0.988 0.7487, -2.5374 -0.988 0.7614, -2.5492 -0.988 0.7419, -2.561 -0.988 0.7516, -2.5584 -0.988 0.7538, -2.5473 -0.988 0.7206, -2.5609 -0.988 0.7101, -2.5622 -0.988 0.7114, -2.5452 -0.988 0.719, -2.5554 -0.988 0.7062, -2.5583 -0.988 0.708, -2.5092 -0.988 0.7526, -2.4927 -0.988 0.7715, -2.5092 -0.988 0.7435, -2.5092 -0.988 0.7426, -2.5504 -0.988 0.7399, -2.5637 -0.988 0.7486, -2.5616 -0.988 0.751, -2.4956 -0.988 0.7845, -2.4943 -0.988 0.7807, -2.5101 -0.988 0.7743, -2.4933 -0.988 0.7764, -2.5095 -0.988 0.7707, -2.5092 -0.988 0.7666, -2.5673 -0.988 0.7195, -2.5682 -0.988 0.7228, -2.5519 -0.988 0.729, -2.5092 -0.988 0.7654, -2.5315 -0.988 0.7496, -2.5516 -0.988 0.7827, -2.5568 -0.988 0.7952, -2.5475 -0.988 0.7848, -2.5524 -0.988 0.7973, -2.5433 -0.988 0.7864, -2.5479 -0.988 0.7991, -2.539 -0.988 0.7876, -2.543 -0.988 0.8005, -2.5347 -0.988 0.7883, -2.5379 -0.988 0.8015, -2.5302 -0.988 0.7887, -2.5326 -0.988 0.8021, -2.5285 -0.988 0.7887, -2.5269 -0.988 0.8023, -2.5249 -0.988 0.8023, -2.5519 -0.988 0.7349, -2.5679 -0.988 0.7397, -2.5513 -0.988 0.7375, -2.5668 -0.988 0.7429, -2.5654 -0.988 0.7459, -2.5689 -0.988 0.7264, -2.5691 -0.988 0.7303, -2.5521 -0.988 0.7317, -2.569 -0.988 0.7323, -2.5686 -0.988 0.7362, -2.5105 -0.988 0.7182, -2.5128 -0.988 0.7149, -2.5194 -0.988 0.7212, -2.5153 -0.988 0.712, -2.522 -0.988 0.7195, -2.5179 -0.988 0.7095, -2.5248 -0.988 0.7181, -2.5208 -0.988 0.7075, -2.5278 -0.988 0.7171, -2.5375 -0.988 0.7164, -2.5412 -0.988 0.7026, -2.5404 -0.988 0.717, -2.5452 -0.988 0.703, -2.5429 -0.988 0.7178, -2.5489 -0.988 0.7037, -2.5523 -0.988 0.7048, -2.5239 -0.988 0.7057, -2.5272 -0.988 0.7044, -2.531 -0.988 0.7165, -2.5308 -0.988 0.7034, -2.5345 -0.988 0.7163, -2.5347 -0.988 0.7028, -2.5388 -0.988 0.7026, -2.5171 -0.988 0.7233, -2.5164 -0.988 0.724, -2.5096 -0.988 0.7195, -2.5142 -0.988 0.7266, -2.5125 -0.988 0.7294, -2.5851 -0.992 0.72, -2.5851 -0.992 0.7048, -2.5851 -0.988 0.72, -2.5851 -0.988 0.7048, -2.6396 -0.992 0.72, -2.6396 -0.988 0.72, -2.6396 -0.992 0.7649, -2.6396 -0.988 0.7649, -2.5919 -0.992 0.7649, -2.5919 -0.988 0.7649, -2.5919 -0.992 0.7802, -2.5919 -0.988 0.7802, -2.6396 -0.992 0.7802, -2.6396 -0.988 0.7802, -2.6396 -0.992 0.8229, -2.6396 -0.988 0.8229, -2.5881 -0.992 0.8229, -2.5881 -0.988 0.8229, -2.5881 -0.992 0.8383, -2.5881 -0.988 0.8383, -2.6568 -0.992 0.8383, -2.6568 -0.988 0.8383, -2.6568 -0.992 0.7048, -2.6568 -0.988 0.7048, -2.4423 -0.992 0.7162, -2.4423 -0.988 0.7162, -2.4466 -0.988 0.7164, -2.4466 -0.992 0.7164, -2.4508 -0.988 0.717, -2.4508 -0.992 0.717, -2.4549 -0.988 0.718, -2.4549 -0.992 0.718, -2.4588 -0.988 0.7193, -2.4588 -0.992 0.7193, -2.4628 -0.988 0.7211, -2.4628 -0.992 0.7211, -2.4666 -0.988 0.7233, -2.4666 -0.992 0.7233, -2.4698 -0.988 0.7254, -2.4698 -0.992 0.7254, -2.4698 -0.992 0.7081, -2.4698 -0.988 0.7081, -2.4658 -0.988 0.7064, -2.4658 -0.992 0.7064, -2.4616 -0.988 0.7049, -2.4616 -0.992 0.7049, -2.4571 -0.988 0.7038, -2.4571 -0.992 0.7038, -2.4523 -0.988 0.703, -2.4523 -0.992 0.703, -2.4473 -0.988 0.7026, -2.4473 -0.992 0.7026, -2.444 -0.988 0.7026, -2.444 -0.992 0.7026, -2.4387 -0.988 0.7027, -2.4387 -0.992 0.7027, -2.4337 -0.988 0.7033, -2.4337 -0.992 0.7033, -2.4292 -0.988 0.7043, -2.4292 -0.992 0.7043, -2.4251 -0.988 0.7055, -2.4251 -0.992 0.7055, -2.4214 -0.988 0.7071, -2.4214 -0.992 0.7071, -2.418 -0.988 0.7089, -2.418 -0.992 0.7089, -2.4162 -0.988 0.7101, -2.4162 -0.992 0.7101, -2.4135 -0.988 0.7122, -2.4135 -0.992 0.7122, -2.4112 -0.988 0.7145, -2.4112 -0.992 0.7145, -2.4093 -0.988 0.717, -2.4093 -0.992 0.717, -2.4079 -0.988 0.7196, -2.4079 -0.992 0.7196, -2.4067 -0.988 0.7224, -2.4067 -0.992 0.7224, -2.406 -0.988 0.7253, -2.406 -0.992 0.7253, -2.4055 -0.988 0.7285, -2.4055 -0.992 0.7285, -2.4055 -0.988 0.7307, -2.4055 -0.992 0.7307, -2.4057 -0.988 0.7341, -2.4057 -0.992 0.7341, -2.4062 -0.988 0.7373, -2.4062 -0.992 0.7373, -2.4072 -0.988 0.7402, -2.4072 -0.992 0.7402, -2.4084 -0.988 0.7428, -2.4084 -0.992 0.7428, -2.4101 -0.988 0.7453, -2.4101 -0.992 0.7453, -2.4111 -0.988 0.7465, -2.4111 -0.992 0.7465, -2.4131 -0.988 0.7485, -2.4131 -0.992 0.7485, -2.4158 -0.988 0.7506, -2.4158 -0.992 0.7506, -2.4193 -0.988 0.7528, -2.4193 -0.992 0.7528, -2.4236 -0.988 0.755, -2.4236 -0.992 0.755, -2.4289 -0.988 0.7574, -2.4289 -0.992 0.7574, -2.4326 -0.988 0.7588, -2.4326 -0.992 0.7588, -2.4399 -0.988 0.7619, -2.4399 -0.992 0.7619, -2.4444 -0.988 0.7641, -2.4444 -0.992 0.7641, -2.4473 -0.988 0.7658, -2.4473 -0.992 0.7658, -2.4488 -0.988 0.767, -2.4488 -0.992 0.767, -2.4502 -0.988 0.7685, -2.4502 -0.992 0.7685, -2.4513 -0.988 0.7702, -2.4513 -0.992 0.7702, -2.452 -0.988 0.7721, -2.452 -0.992 0.7721, -2.4524 -0.988 0.7743, -2.4524 -0.992 0.7743, -2.4525 -0.988 0.7759, -2.4525 -0.992 0.7759, -2.4523 -0.988 0.778, -2.4523 -0.992 0.778, -2.4517 -0.988 0.78, -2.4517 -0.992 0.78, -2.4508 -0.988 0.7818, -2.4508 -0.992 0.7818, -2.4495 -0.988 0.7834, -2.4495 -0.992 0.7834, -2.4479 -0.988 0.7849, -2.4479 -0.992 0.7849, -2.4474 -0.988 0.7852, -2.4474 -0.992 0.7852, -2.4452 -0.988 0.7865, -2.4452 -0.992 0.7865, -2.4428 -0.988 0.7875, -2.4428 -0.992 0.7875, -2.44 -0.988 0.7882, -2.44 -0.992 0.7882, -2.4368 -0.988 0.7886, -2.4368 -0.992 0.7886, -2.4342 -0.988 0.7887, -2.4342 -0.992 0.7887, -2.4298 -0.988 0.7885, -2.4298 -0.992 0.7885, -2.4255 -0.988 0.7879, -2.4255 -0.992 0.7879, -2.4214 -0.988 0.787, -2.4214 -0.992 0.787, -2.4175 -0.988 0.7857, -2.4175 -0.992 0.7857, -2.4138 -0.988 0.784, -2.4138 -0.992 0.784, -2.41 -0.988 0.7818, -2.41 -0.992 0.7818, -2.41 -0.992 0.7981, -2.41 -0.988 0.7981, -2.4144 -0.988 0.7996, -2.4144 -0.992 0.7996, -2.4188 -0.988 0.8008, -2.4188 -0.992 0.8008, -2.4235 -0.988 0.8017, -2.4235 -0.992 0.8017, -2.4283 -0.988 0.8022, -2.4283 -0.992 0.8022, -2.4326 -0.988 0.8023, -2.4326 -0.992 0.8023, -2.4375 -0.988 0.8021, -2.4375 -0.992 0.8021, -2.4421 -0.988 0.8015, -2.4421 -0.992 0.8015, -2.4464 -0.988 0.8006, -2.4464 -0.992 0.8006, -2.4504 -0.988 0.7993, -2.4504 -0.992 0.7993, -2.4541 -0.988 0.7977, -2.4541 -0.992 0.7977, -2.4575 -0.988 0.7957, -2.4575 -0.992 0.7957, -2.459 -0.988 0.7947, -2.459 -0.992 0.7947, -2.4618 -0.988 0.7925, -2.4618 -0.992 0.7925, -2.4641 -0.988 0.7901, -2.4641 -0.992 0.7901, -2.466 -0.988 0.7876, -2.466 -0.992 0.7876, -2.4675 -0.988 0.785, -2.4675 -0.992 0.785, -2.4686 -0.988 0.7822, -2.4686 -0.992 0.7822, -2.4693 -0.988 0.7793, -2.4693 -0.992 0.7793, -2.4697 -0.988 0.7761, -2.4697 -0.992 0.7761, -2.4697 -0.988 0.7744, -2.4697 -0.992 0.7744, -2.4695 -0.988 0.7709, -2.4695 -0.992 0.7709, -2.4689 -0.988 0.7677, -2.4689 -0.992 0.7677, -2.468 -0.988 0.7647, -2.468 -0.992 0.7647, -2.4667 -0.988 0.762, -2.4667 -0.992 0.762, -2.4652 -0.988 0.7596, -2.4652 -0.992 0.7596, -2.465 -0.988 0.7593, -2.465 -0.992 0.7593, -2.4633 -0.988 0.7574, -2.4633 -0.992 0.7574, -2.461 -0.988 0.7555, -2.461 -0.992 0.7555, -2.458 -0.988 0.7534, -2.458 -0.992 0.7534, -2.4541 -0.988 0.7511, -2.4541 -0.992 0.7511, -2.4491 -0.988 0.7487, -2.4491 -0.992 0.7487, -2.4444 -0.988 0.7467, -2.4444 -0.992 0.7467, -2.4371 -0.988 0.7438, -2.4371 -0.992 0.7438, -2.4323 -0.988 0.7415, -2.4323 -0.992 0.7415, -2.429 -0.988 0.7396, -2.429 -0.992 0.7396, -2.4269 -0.988 0.7382, -2.4269 -0.992 0.7382, -2.4253 -0.988 0.7365, -2.4253 -0.992 0.7365, -2.424 -0.988 0.7347, -2.424 -0.992 0.7347, -2.4232 -0.988 0.7328, -2.4232 -0.992 0.7328, -2.4227 -0.988 0.7308, -2.4227 -0.992 0.7308, -2.4226 -0.988 0.7291, -2.4226 -0.992 0.7291, -2.4228 -0.988 0.7267, -2.4228 -0.992 0.7267, -2.4234 -0.988 0.7245, -2.4234 -0.992 0.7245, -2.4243 -0.988 0.7227, -2.4243 -0.992 0.7227, -2.4255 -0.988 0.7211, -2.4255 -0.992 0.7211, -2.4271 -0.988 0.7198, -2.4271 -0.992 0.7198, -2.429 -0.988 0.7186, -2.429 -0.992 0.7186, -2.4314 -0.988 0.7176, -2.4314 -0.992 0.7176, -2.4343 -0.988 0.7169, -2.4343 -0.992 0.7169, -2.4377 -0.988 0.7164, -2.4377 -0.992 0.7164, -2.3226 -0.992 0.8001, -2.3053 -0.992 0.8001, -2.3226 -0.988 0.8001, -2.3053 -0.988 0.8001, -2.3486 -0.992 0.7283, -2.3486 -0.988 0.7283, -2.3499 -0.988 0.7239, -2.3499 -0.992 0.7239, -2.3507 -0.988 0.7206, -2.3507 -0.992 0.7206, -2.3511 -0.992 0.7206, -2.3511 -0.988 0.7206, -2.3532 -0.992 0.7285, -2.3532 -0.988 0.7285, -2.3781 -0.992 0.8001, -2.3781 -0.988 0.8001, -2.3968 -0.992 0.8001, -2.3968 -0.988 0.8001, -2.3594 -0.992 0.705, -2.3594 -0.988 0.705, -2.3667 -0.992 0.6877, -2.3667 -0.988 0.6877, -2.3687 -0.988 0.6837, -2.3687 -0.992 0.6837, -2.3707 -0.988 0.6808, -2.3707 -0.992 0.6808, -2.373 -0.988 0.6783, -2.373 -0.992 0.6783, -2.3754 -0.988 0.6765, -2.3754 -0.992 0.6765, -2.3781 -0.988 0.6752, -2.3781 -0.992 0.6752, -2.381 -0.988 0.6745, -2.381 -0.992 0.6745, -2.3838 -0.988 0.6742, -2.3838 -0.992 0.6742, -2.3874 -0.988 0.6745, -2.3874 -0.992 0.6745, -2.3911 -0.988 0.6754, -2.3911 -0.992 0.6754, -2.3933 -0.988 0.6761, -2.3933 -0.992 0.6761, -2.3933 -0.992 0.6613, -2.3933 -0.988 0.6613, -2.3894 -0.988 0.6604, -2.3894 -0.992 0.6604, -2.3848 -0.988 0.66, -2.3848 -0.992 0.66, -2.3825 -0.988 0.6599, -2.3825 -0.992 0.6599, -2.3784 -0.988 0.6602, -2.3784 -0.992 0.6602, -2.3745 -0.988 0.661, -2.3745 -0.992 0.661, -2.3709 -0.988 0.6624, -2.3709 -0.992 0.6624, -2.3674 -0.988 0.6642, -2.3674 -0.992 0.6642, -2.364 -0.988 0.6667, -2.364 -0.992 0.6667, -2.3608 -0.988 0.6698, -2.3608 -0.992 0.6698, -2.3576 -0.988 0.6735, -2.3576 -0.992 0.6735, -2.3546 -0.988 0.6779, -2.3546 -0.992 0.6779, -2.3517 -0.988 0.6832, -2.3517 -0.992 0.6832, -2.3489 -0.988 0.6894, -2.3489 -0.992 0.6894, -2.3485 -0.988 0.6904, -2.3485 -0.992 0.6904, -2.518 -0.992 0.9143, -2.518 -0.988 0.9143, -2.5099 -0.988 0.9145, -2.5099 -0.992 0.9145, -2.5023 -0.988 0.9154, -2.5023 -0.992 0.9154, -2.4955 -0.988 0.9167, -2.4955 -0.992 0.9167, -2.4893 -0.988 0.9185, -2.4893 -0.992 0.9185, -2.4838 -0.988 0.9207, -2.4838 -0.992 0.9207, -2.4811 -0.988 0.922, -2.4811 -0.992 0.922, -2.4811 -0.992 0.9385, -2.4811 -0.988 0.9385, -2.4861 -0.988 0.9358, -2.4861 -0.992 0.9358, -2.4914 -0.988 0.9336, -2.4914 -0.992 0.9336, -2.497 -0.988 0.9318, -2.497 -0.992 0.9318, -2.503 -0.988 0.9306, -2.503 -0.992 0.9306, -2.5093 -0.988 0.9298, -2.5093 -0.992 0.9298, -2.5155 -0.988 0.9296, -2.5155 -0.992 0.9296, -2.5213 -0.988 0.9299, -2.5213 -0.992 0.9299, -2.5268 -0.988 0.9307, -2.5268 -0.992 0.9307, -2.5318 -0.988 0.9321, -2.5318 -0.992 0.9321, -2.5365 -0.988 0.9339, -2.5365 -0.992 0.9339, -2.5408 -0.988 0.9362, -2.5408 -0.992 0.9362, -2.5448 -0.988 0.939, -2.5448 -0.992 0.939, -2.5485 -0.988 0.9423, -2.5485 -0.992 0.9423, -2.5498 -0.988 0.9437, -2.5498 -0.992 0.9437, -2.5531 -0.988 0.9476, -2.5531 -0.992 0.9476, -2.5558 -0.988 0.9518, -2.5558 -0.992 0.9518, -2.5581 -0.988 0.9564, -2.5581 -0.992 0.9564, -2.56 -0.988 0.9613, -2.56 -0.992 0.9613, -2.5614 -0.988 0.9667, -2.5614 -0.992 0.9667, -2.5624 -0.988 0.9726, -2.5624 -0.992 0.9726, -2.5629 -0.988 0.9789, -2.5629 -0.992 0.9789, -2.5629 -0.988 0.9817, -2.5629 -0.992 0.9817, -2.5626 -0.988 0.9886, -2.5626 -0.992 0.9886, -2.5618 -0.988 0.9951, -2.5618 -0.992 0.9951, -2.5605 -0.988 1.001, -2.5605 -0.992 1.001, -2.5586 -0.988 1.0064, -2.5586 -0.992 1.0064, -2.5564 -0.988 1.0114, -2.5564 -0.992 1.0114, -2.5537 -0.988 1.0159, -2.5537 -0.992 1.0159, -2.5505 -0.988 1.0201, -2.5505 -0.992 1.0201, -2.5489 -0.988 1.0218, -2.5489 -0.992 1.0218, -2.545 -0.988 1.0255, -2.545 -0.992 1.0255, -2.5409 -0.988 1.0286, -2.5409 -0.992 1.0286, -2.5366 -0.988 1.0312, -2.5366 -0.992 1.0312, -2.5319 -0.988 1.0333, -2.5319 -0.992 1.0333, -2.527 -0.988 1.0349, -2.527 -0.992 1.0349, -2.5218 -0.988 1.036, -2.5218 -0.992 1.036, -2.5162 -0.988 1.0365, -2.5162 -0.992 1.0365, -2.5125 -0.988 1.0367, -2.5125 -0.992 1.0367, -2.5061 -0.988 1.0364, -2.5061 -0.992 1.0364, -2.4999 -0.988 1.0355, -2.4999 -0.992 1.0355, -2.4941 -0.988 1.0341, -2.4941 -0.992 1.0341, -2.4884 -0.988 1.0322, -2.4884 -0.992 1.0322, -2.483 -0.988 1.0298, -2.483 -0.992 1.0298, -2.4811 -0.988 1.0287, -2.4811 -0.992 1.0287, -2.4811 -0.992 1.0467, -2.4811 -0.988 1.0467, -2.4862 -0.988 1.0487, -2.4862 -0.992 1.0487, -2.4919 -0.988 1.0502, -2.4919 -0.992 1.0502, -2.4983 -0.988 1.0513, -2.4983 -0.992 1.0513, -2.5055 -0.988 1.052, -2.5055 -0.992 1.052, -2.5127 -0.988 1.0522, -2.5127 -0.992 1.0522, -2.5197 -0.988 1.0519, -2.5197 -0.992 1.0519, -2.5263 -0.988 1.0511, -2.5263 -0.992 1.0511, -2.5325 -0.988 1.0497, -2.5325 -0.992 1.0497, -2.5384 -0.988 1.0478, -2.5384 -0.992 1.0478, -2.5439 -0.988 1.0455, -2.5439 -0.992 1.0455, -2.5491 -0.988 1.0426, -2.5491 -0.992 1.0426, -2.5541 -0.988 1.0393, -2.5541 -0.992 1.0393, -2.5588 -0.988 1.0354, -2.5588 -0.992 1.0354, -2.5617 -0.988 1.0326, -2.5617 -0.992 1.0326, -2.5658 -0.988 1.028, -2.5658 -0.992 1.028, -2.5694 -0.988 1.0231, -2.5694 -0.992 1.0231, -2.5725 -0.988 1.018, -2.5725 -0.992 1.018, -2.5751 -0.988 1.0125, -2.5751 -0.992 1.0125, -2.5772 -0.988 1.0067, -2.5772 -0.992 1.0067, -2.5789 -0.988 1.0006, -2.5789 -0.992 1.0006, -2.5801 -0.988 0.994, -2.5801 -0.992 0.994, -2.5808 -0.988 0.987, -2.5808 -0.992 0.987, -2.581 -0.988 0.9807, -2.581 -0.992 0.9807, -2.5807 -0.988 0.9732, -2.5807 -0.992 0.9732, -2.5799 -0.988 0.9661, -2.5799 -0.992 0.9661, -2.5785 -0.988 0.9596, -2.5785 -0.992 0.9596, -2.5767 -0.988 0.9535, -2.5767 -0.992 0.9535, -2.5744 -0.988 0.9479, -2.5744 -0.992 0.9479, -2.5716 -0.988 0.9427, -2.5716 -0.992 0.9427, -2.5684 -0.988 0.9379, -2.5684 -0.992 0.9379, -2.5649 -0.988 0.9336, -2.5649 -0.992 0.9336, -2.5639 -0.988 0.9325, -2.5639 -0.992 0.9325, -2.5597 -0.988 0.9285, -2.5597 -0.992 0.9285, -2.5553 -0.988 0.925, -2.5553 -0.992 0.925, -2.5506 -0.988 0.922, -2.5506 -0.992 0.922, -2.5456 -0.988 0.9195, -2.5456 -0.992 0.9195, -2.5402 -0.988 0.9175, -2.5402 -0.992 0.9175, -2.5345 -0.988 0.916, -2.5345 -0.992 0.916, -2.5285 -0.988 0.9149, -2.5285 -0.992 0.9149, -2.5219 -0.988 0.9143, -2.5219 -0.992 0.9143, -2.296 -0.992 0.936, -2.2868 -0.992 0.9233, -2.2912 -0.992 0.9383, -2.2812 -0.992 0.9261, -2.2868 -0.992 0.941, -2.276 -0.992 0.9294, -2.2828 -0.992 0.9441, -2.2711 -0.992 0.9332, -2.2811 -0.992 0.9456, -2.2689 -0.992 0.9352, -2.2777 -0.992 0.9493, -2.2646 -0.992 0.9396, -2.2748 -0.992 0.9533, -2.2609 -0.992 0.9442, -2.2724 -0.992 0.9577, -2.2576 -0.992 0.9491, -2.2704 -0.992 0.9624, -2.268 -0.992 0.9973, -2.2512 -0.992 1.0043, -2.2693 -0.992 1.0029, -2.2531 -0.992 1.01, -2.2711 -0.992 1.0078, -2.2555 -0.992 1.0152, -2.2733 -0.992 1.0123, -2.2583 -0.992 1.0201, -2.276 -0.992 1.0162, -2.2616 -0.992 1.0247, -2.2655 -0.992 1.0291, -2.2791 -0.992 1.0198, -2.2689 -0.992 1.0323, -2.2815 -0.992 1.0221, -2.2738 -0.992 1.0363, -2.2856 -0.992 1.0252, -2.279 -0.992 1.0397, -2.2901 -0.992 1.0279, -2.2845 -0.992 1.0427, -2.2949 -0.992 1.0302, -2.2903 -0.992 1.0451, -2.3001 -0.992 1.032, -2.2964 -0.992 1.0471, -2.3058 -0.992 1.0333, -2.3028 -0.992 1.0485, -2.3119 -0.992 1.0342, -2.3096 -0.992 1.0495, -2.3183 -0.992 1.0346, -2.3169 -0.992 1.0499, -2.32 -0.992 1.0346, -2.3193 -0.992 1.05, -2.3402 -0.992 1.0346, -2.3574 -0.992 1.05, -2.3402 -0.992 0.9317, -2.3574 -0.992 0.9165, -2.3208 -0.992 0.9317, -2.3207 -0.992 0.9165, -2.3138 -0.992 0.932, -2.313 -0.992 0.9168, -2.3072 -0.992 0.9328, -2.3058 -0.992 0.9176, -2.3013 -0.992 0.9342, -2.299 -0.992 0.919, -2.2927 -0.992 0.9209, -2.2549 -0.992 0.9543, -2.2527 -0.992 0.9598, -2.2688 -0.992 0.9676, -2.251 -0.992 0.9657, -2.2677 -0.992 0.9732, -2.2497 -0.992 0.9719, -2.267 -0.992 0.9794, -2.249 -0.992 0.9785, -2.2669 -0.992 0.9845, -2.2487 -0.992 0.9849, -2.2671 -0.992 0.9912, -2.249 -0.992 0.9918, -2.2499 -0.992 0.9983, -2.2856 -0.988 1.0252, -2.2738 -0.988 1.0363, -2.2815 -0.988 1.0221, -2.2689 -0.988 1.0323, -2.2791 -0.988 1.0198, -2.2655 -0.988 1.0291, -2.276 -0.988 1.0162, -2.2616 -0.988 1.0247, -2.2733 -0.988 1.0123, -2.2583 -0.988 1.0201, -2.2711 -0.988 1.0078, -2.2555 -0.988 1.0152, -2.2693 -0.988 1.0029, -2.2912 -0.988 0.9383, -2.2868 -0.988 0.9233, -2.296 -0.988 0.936, -2.2927 -0.988 0.9209, -2.3013 -0.988 0.9342, -2.299 -0.988 0.919, -2.3072 -0.988 0.9328, -2.3058 -0.988 0.9176, -2.3138 -0.988 0.932, -2.313 -0.988 0.9168, -2.3208 -0.988 0.9317, -2.3207 -0.988 0.9165, -2.3402 -0.988 0.9317, -2.3574 -0.988 0.9165, -2.3402 -0.988 1.0346, -2.3574 -0.988 1.05, -2.32 -0.988 1.0346, -2.3193 -0.988 1.05, -2.3183 -0.988 1.0346, -2.3169 -0.988 1.0499, -2.3119 -0.988 1.0342, -2.3096 -0.988 1.0495, -2.3058 -0.988 1.0333, -2.3028 -0.988 1.0485, -2.3001 -0.988 1.032, -2.2964 -0.988 1.0471, -2.2949 -0.988 1.0302, -2.2903 -0.988 1.0451, -2.2901 -0.988 1.0279, -2.2845 -0.988 1.0427, -2.279 -0.988 1.0397, -2.2688 -0.988 0.9676, -2.2527 -0.988 0.9598, -2.2704 -0.988 0.9624, -2.2549 -0.988 0.9543, -2.2724 -0.988 0.9577, -2.2576 -0.988 0.9491, -2.2748 -0.988 0.9533, -2.2609 -0.988 0.9442, -2.2777 -0.988 0.9493, -2.2646 -0.988 0.9396, -2.2811 -0.988 0.9456, -2.2689 -0.988 0.9352, -2.2828 -0.988 0.9441, -2.2711 -0.988 0.9332, -2.2868 -0.988 0.941, -2.276 -0.988 0.9294, -2.2812 -0.988 0.9261, -2.2531 -0.988 1.01, -2.2512 -0.988 1.0043, -2.268 -0.988 0.9973, -2.2499 -0.988 0.9983, -2.2671 -0.988 0.9912, -2.249 -0.988 0.9918, -2.2669 -0.988 0.9845, -2.2487 -0.988 0.9849, -2.267 -0.988 0.9794, -2.249 -0.988 0.9785, -2.2677 -0.988 0.9732, -2.2497 -0.988 0.9719, -2.251 -0.988 0.9657, -2.5865 -0.992 0.9317, -2.5865 -0.992 0.9165, -2.5865 -0.988 0.9317, -2.5865 -0.988 0.9165, -2.6396 -0.992 0.9317, -2.6396 -0.988 0.9317, -2.6396 -0.992 1.05, -2.6396 -0.988 1.05, -2.6568 -0.992 1.05, -2.6568 -0.988 1.05, -2.6568 -0.992 0.9165, -2.6568 -0.988 0.9165, -2.204 -0.992 0.9681, -2.2095 -0.992 0.953, -2.1592 -0.992 0.9681, -2.1539 -0.992 0.953, -2.1841 -0.992 1.0236, -2.1905 -0.992 1.05, -2.2413 -0.992 0.9165, -2.2223 -0.992 0.9165, -2.1829 -0.992 1.0275, -2.1819 -0.992 1.0329, -2.1721 -0.992 1.05, -2.1815 -0.992 1.0329, -2.1804 -0.992 1.0273, -2.1794 -0.992 1.0236, -2.1213 -0.992 0.9165, -2.1403 -0.992 0.9165, -2.1592 -0.988 0.9681, -2.1794 -0.988 1.0236, -2.1721 -0.988 1.05, -2.1804 -0.988 1.0273, -2.1815 -0.988 1.0329, -2.1905 -0.988 1.05, -2.1819 -0.988 1.0329, -2.1829 -0.988 1.0275, -2.1841 -0.988 1.0236, -2.204 -0.988 0.9681, -2.2413 -0.988 0.9165, -2.1213 -0.988 0.9165, -2.1403 -0.988 0.9165, -2.1539 -0.988 0.953, -2.2223 -0.988 0.9165, -2.2095 -0.988 0.953, -2.1289 -0.992 0.7243, -2.1196 -0.992 0.7115, -2.124 -0.992 0.7266, -2.1141 -0.992 0.7144, -2.1196 -0.992 0.7293, -2.1089 -0.992 0.7177, -2.1157 -0.992 0.7324, -2.104 -0.992 0.7215, -2.114 -0.992 0.7339, -2.1018 -0.992 0.7235, -2.1106 -0.992 0.7376, -2.0975 -0.992 0.7279, -2.1077 -0.992 0.7416, -2.0937 -0.992 0.7325, -2.1053 -0.992 0.746, -2.0905 -0.992 0.7374, -2.1032 -0.992 0.7507, -2.1009 -0.992 0.7856, -2.0841 -0.992 0.7926, -2.1022 -0.992 0.7912, -2.086 -0.992 0.7983, -2.104 -0.992 0.7961, -2.0884 -0.992 0.8035, -2.1062 -0.992 0.8006, -2.0912 -0.992 0.8084, -2.1089 -0.992 0.8045, -2.0945 -0.992 0.813, -2.0983 -0.992 0.8173, -2.1119 -0.992 0.8081, -2.1018 -0.992 0.8206, -2.1144 -0.992 0.8103, -2.1067 -0.992 0.8245, -2.1185 -0.992 0.8135, -2.1119 -0.992 0.828, -2.123 -0.992 0.8162, -2.1174 -0.992 0.831, -2.1278 -0.992 0.8185, -2.1232 -0.992 0.8334, -2.133 -0.992 0.8203, -2.1293 -0.992 0.8354, -2.1386 -0.992 0.8216, -2.1357 -0.992 0.8368, -2.1448 -0.992 0.8225, -2.1425 -0.992 0.8378, -2.1512 -0.992 0.8229, -2.1497 -0.992 0.8382, -2.1529 -0.992 0.8229, -2.1522 -0.992 0.8383, -2.173 -0.992 0.8229, -2.1903 -0.992 0.8383, -2.173 -0.992 0.72, -2.1903 -0.992 0.7048, -2.1537 -0.992 0.72, -2.1536 -0.992 0.7048, -2.1467 -0.992 0.7203, -2.1459 -0.992 0.7051, -2.1401 -0.992 0.7211, -2.1387 -0.992 0.7059, -2.1342 -0.992 0.7225, -2.1319 -0.992 0.7073, -2.1256 -0.992 0.7092, -2.0878 -0.992 0.7426, -2.0856 -0.992 0.7481, -2.1017 -0.992 0.7559, -2.0838 -0.992 0.754, -2.1005 -0.992 0.7615, -2.0826 -0.992 0.7602, -2.0999 -0.992 0.7677, -2.0818 -0.992 0.7668, -2.0997 -0.992 0.7728, -2.0816 -0.992 0.7732, -2.1 -0.992 0.7794, -2.0819 -0.992 0.7801, -2.0828 -0.992 0.7866, -2.1185 -0.988 0.8135, -2.1067 -0.988 0.8245, -2.1144 -0.988 0.8103, -2.1018 -0.988 0.8206, -2.1119 -0.988 0.8081, -2.0983 -0.988 0.8173, -2.1089 -0.988 0.8045, -2.0945 -0.988 0.813, -2.1062 -0.988 0.8006, -2.0912 -0.988 0.8084, -2.104 -0.988 0.7961, -2.0884 -0.988 0.8035, -2.1022 -0.988 0.7912, -2.124 -0.988 0.7266, -2.1196 -0.988 0.7115, -2.1289 -0.988 0.7243, -2.1256 -0.988 0.7092, -2.1342 -0.988 0.7225, -2.1319 -0.988 0.7073, -2.1401 -0.988 0.7211, -2.1387 -0.988 0.7059, -2.1467 -0.988 0.7203, -2.1459 -0.988 0.7051, -2.1537 -0.988 0.72, -2.1536 -0.988 0.7048, -2.173 -0.988 0.72, -2.1903 -0.988 0.7048, -2.173 -0.988 0.8229, -2.1903 -0.988 0.8383, -2.1529 -0.988 0.8229, -2.1522 -0.988 0.8383, -2.1512 -0.988 0.8229, -2.1497 -0.988 0.8382, -2.1448 -0.988 0.8225, -2.1425 -0.988 0.8378, -2.1386 -0.988 0.8216, -2.1357 -0.988 0.8368, -2.133 -0.988 0.8203, -2.1293 -0.988 0.8354, -2.1278 -0.988 0.8185, -2.1232 -0.988 0.8334, -2.123 -0.988 0.8162, -2.1174 -0.988 0.831, -2.1119 -0.988 0.828, -2.1017 -0.988 0.7559, -2.0856 -0.988 0.7481, -2.1032 -0.988 0.7507, -2.0878 -0.988 0.7426, -2.1053 -0.988 0.746, -2.0905 -0.988 0.7374, -2.1077 -0.988 0.7416, -2.0937 -0.988 0.7325, -2.1106 -0.988 0.7376, -2.0975 -0.988 0.7279, -2.114 -0.988 0.7339, -2.1018 -0.988 0.7235, -2.1157 -0.988 0.7324, -2.104 -0.988 0.7215, -2.1196 -0.988 0.7293, -2.1089 -0.988 0.7177, -2.1141 -0.988 0.7144, -2.086 -0.988 0.7983, -2.0841 -0.988 0.7926, -2.1009 -0.988 0.7856, -2.0828 -0.988 0.7866, -2.1 -0.988 0.7794, -2.0819 -0.988 0.7801, -2.0997 -0.988 0.7728, -2.0816 -0.988 0.7732, -2.0999 -0.988 0.7677, -2.0818 -0.988 0.7668, -2.1005 -0.988 0.7615, -2.0826 -0.988 0.7602, -2.0838 -0.988 0.754, -2.0369 -0.992 0.7564, -2.0424 -0.992 0.7413, -1.9921 -0.992 0.7564, -1.9868 -0.992 0.7413, -2.0169 -0.992 0.8118, -2.0234 -0.992 0.8383, -2.0742 -0.992 0.7048, -2.0552 -0.992 0.7048, -2.0158 -0.992 0.8158, -2.0148 -0.992 0.8212, -2.005 -0.992 0.8383, -2.0144 -0.992 0.8212, -2.0133 -0.992 0.8155, -2.0123 -0.992 0.8118, -1.9541 -0.992 0.7048, -1.9732 -0.992 0.7048, -1.9921 -0.988 0.7564, -2.0123 -0.988 0.8118, -2.005 -0.988 0.8383, -2.0133 -0.988 0.8155, -2.0144 -0.988 0.8212, -2.0234 -0.988 0.8383, -2.0148 -0.988 0.8212, -2.0158 -0.988 0.8158, -2.0169 -0.988 0.8118, -2.0369 -0.988 0.7564, -2.0742 -0.988 0.7048, -1.9541 -0.988 0.7048, -1.9732 -0.988 0.7048, -1.9868 -0.988 0.7413, -2.0552 -0.988 0.7048, -2.0424 -0.988 0.7413
            ]
        }
        coordIndex [
            0,1,2,-1,3,4,5,-1,6,7,8,-1,9,10,11,-1,11,10,12,-1,11,12,13,-1,14,15,16,-1,17,18,19,-1,20,21,2,-1,2,21,22,-1,2,22,0,-1,23,24,25,-1,25,24,26,-1,25,26,27,-1,27,26,28,-1,27,28,29,-1,29,28,30,-1,29,30,31,-1,32,33,34,-1,34,33,35,-1,34,35,36,-1,37,1,38,-1,38,1,39,-1,38,39,32,-1,32,39,40,-1,32,40,33,-1,41,42,26,-1,26,42,43,-1,26,43,28,-1,28,43,44,-1,28,44,45,-1,46,47,48,-1,19,18,49,-1,49,18,50,-1,49,50,51,-1,51,50,52,-1,51,52,53,-1,8,7,54,-1,54,7,55,-1,54,55,56,-1,57,58,2,-1,2,58,59,-1,2,59,20,-1,46,48,60,-1,60,48,61,-1,60,61,62,-1,62,61,63,-1,62,63,64,-1,31,65,29,-1,29,65,66,-1,29,66,67,-1,68,2,69,-1,69,2,1,-1,69,1,70,-1,70,1,37,-1,16,15,71,-1,71,15,72,-1,71,72,73,-1,74,75,76,-1,76,75,77,-1,76,77,78,-1,78,77,79,-1,78,79,80,-1,80,79,81,-1,80,81,82,-1,83,84,85,-1,85,84,86,-1,85,86,57,-1,57,86,87,-1,57,87,58,-1,47,46,88,-1,88,46,89,-1,88,89,90,-1,90,89,91,-1,90,91,92,-1,92,91,93,-1,92,93,5,-1,5,93,94,-1,5,94,3,-1,68,95,2,-1,2,95,96,-1,2,96,97,-1,97,96,98,-1,99,100,101,-1,101,100,102,-1,101,102,103,-1,16,104,14,-1,14,104,105,-1,14,105,99,-1,99,105,106,-1,99,106,100,-1,45,107,28,-1,28,107,108,-1,28,108,109,-1,109,108,36,-1,109,36,110,-1,110,36,35,-1,19,111,17,-1,17,111,112,-1,17,112,113,-1,113,112,114,-1,113,114,115,-1,115,114,116,-1,115,116,117,-1,117,116,118,-1,117,118,119,-1,8,120,6,-1,6,120,121,-1,6,121,122,-1,122,121,123,-1,122,123,124,-1,124,123,125,-1,124,125,126,-1,126,125,5,-1,126,5,127,-1,127,5,4,-1,11,128,9,-1,9,128,129,-1,9,129,130,-1,130,129,131,-1,130,131,132,-1,133,134,135,-1,135,134,136,-1,135,136,137,-1,137,136,138,-1,137,138,83,-1,83,138,139,-1,83,139,84,-1,73,72,26,-1,26,72,140,-1,26,140,41,-1,141,142,143,-1,143,142,144,-1,143,144,145,-1,145,144,146,-1,145,146,74,-1,74,146,147,-1,74,147,75,-1,118,148,119,-1,119,148,149,-1,119,149,150,-1,150,149,151,-1,150,151,141,-1,141,151,152,-1,141,152,142,-1,102,153,103,-1,103,153,154,-1,103,154,155,-1,155,154,156,-1,155,156,98,-1,98,156,157,-1,98,157,97,-1,158,159,160,-1,161,162,163,-1,163,162,164,-1,165,166,167,-1,167,166,168,-1,167,168,169,-1,169,168,170,-1,169,170,171,-1,171,170,172,-1,171,172,173,-1,173,172,174,-1,173,174,133,-1,133,174,175,-1,133,175,134,-1,13,176,11,-1,11,176,177,-1,11,177,178,-1,178,177,179,-1,178,179,180,-1,180,179,82,-1,180,82,181,-1,181,82,81,-1,182,183,158,-1,158,183,184,-1,158,184,159,-1,52,185,53,-1,53,185,158,-1,53,158,186,-1,186,158,160,-1,56,55,187,-1,187,55,188,-1,187,188,161,-1,161,188,189,-1,161,189,162,-1,190,191,192,-1,191,193,192,-1,192,193,194,-1,192,194,195,-1,63,196,64,-1,64,196,197,-1,64,197,198,-1,198,197,199,-1,198,199,165,-1,165,199,200,-1,165,200,166,-1,182,158,192,-1,192,158,201,-1,192,201,190,-1,131,202,132,-1,132,202,203,-1,132,203,204,-1,204,203,205,-1,204,205,206,-1,206,205,207,-1,206,207,208,-1,208,207,209,-1,208,209,210,-1,210,209,211,-1,210,211,164,-1,164,211,212,-1,164,212,163,-1,213,214,215,-1,215,214,216,-1,215,216,217,-1,216,218,217,-1,217,218,219,-1,217,219,220,-1,220,219,221,-1,222,223,224,-1,224,223,225,-1,226,227,228,-1,229,230,231,-1,231,230,232,-1,231,232,233,-1,234,235,217,-1,217,235,236,-1,217,236,215,-1,215,236,237,-1,238,239,240,-1,241,242,219,-1,219,242,243,-1,219,243,221,-1,244,245,246,-1,247,248,249,-1,249,248,250,-1,249,250,251,-1,251,250,252,-1,251,252,253,-1,240,239,254,-1,254,239,255,-1,254,255,256,-1,256,255,257,-1,256,257,258,-1,258,257,259,-1,259,257,260,-1,259,260,261,-1,261,260,224,-1,261,224,262,-1,262,224,225,-1,262,225,233,-1,233,225,263,-1,233,263,231,-1,264,265,266,-1,266,265,267,-1,266,267,268,-1,268,267,269,-1,268,269,270,-1,228,227,271,-1,271,227,272,-1,271,272,273,-1,274,275,269,-1,231,276,229,-1,229,276,277,-1,229,277,278,-1,273,272,279,-1,279,272,280,-1,279,280,281,-1,281,280,282,-1,281,282,283,-1,284,285,286,-1,286,285,287,-1,286,287,288,-1,288,287,289,-1,288,289,290,-1,290,289,291,-1,290,291,292,-1,293,294,295,-1,295,294,296,-1,295,296,297,-1,297,296,298,-1,297,298,299,-1,275,300,269,-1,269,300,301,-1,269,301,270,-1,302,303,304,-1,304,303,229,-1,304,229,305,-1,305,229,278,-1,306,307,308,-1,308,307,309,-1,308,309,310,-1,252,311,253,-1,253,311,312,-1,253,312,313,-1,313,312,281,-1,313,281,314,-1,246,245,315,-1,315,245,316,-1,315,316,217,-1,217,316,317,-1,217,317,234,-1,309,318,310,-1,310,318,319,-1,310,319,320,-1,320,319,321,-1,320,321,322,-1,322,321,215,-1,322,215,323,-1,323,215,237,-1,306,324,325,-1,314,281,326,-1,326,281,283,-1,326,283,327,-1,328,329,330,-1,330,329,331,-1,298,332,299,-1,299,332,333,-1,299,333,334,-1,334,333,335,-1,334,335,284,-1,284,335,336,-1,284,336,285,-1,269,337,274,-1,274,337,338,-1,274,338,339,-1,339,338,340,-1,339,340,341,-1,341,340,342,-1,341,342,343,-1,343,342,344,-1,343,344,293,-1,293,344,345,-1,293,345,294,-1,246,346,244,-1,244,346,347,-1,244,347,348,-1,348,347,349,-1,348,349,302,-1,302,349,350,-1,302,350,303,-1,351,352,306,-1,306,352,353,-1,306,353,324,-1,325,354,306,-1,306,354,355,-1,306,355,307,-1,356,357,358,-1,358,357,359,-1,358,359,360,-1,240,361,238,-1,238,361,362,-1,238,362,363,-1,363,362,364,-1,363,364,365,-1,365,364,366,-1,365,366,367,-1,367,366,368,-1,367,368,369,-1,369,368,370,-1,369,370,356,-1,356,370,371,-1,356,371,357,-1,291,372,292,-1,292,372,373,-1,292,373,374,-1,374,373,375,-1,374,375,376,-1,376,375,377,-1,376,377,378,-1,378,377,379,-1,378,379,380,-1,380,379,381,-1,380,381,382,-1,382,381,383,-1,382,383,330,-1,330,383,384,-1,330,384,328,-1,331,385,330,-1,330,385,386,-1,330,386,387,-1,222,224,306,-1,306,224,388,-1,306,388,351,-1,359,389,360,-1,360,389,390,-1,360,390,391,-1,391,390,392,-1,391,392,393,-1,393,392,394,-1,393,394,247,-1,247,394,395,-1,247,395,248,-1,396,397,387,-1,387,397,398,-1,387,398,399,-1,400,401,402,-1,402,401,403,-1,402,403,264,-1,264,403,404,-1,264,404,265,-1,228,405,226,-1,226,405,406,-1,226,406,407,-1,407,406,408,-1,407,408,409,-1,409,408,410,-1,409,410,411,-1,411,410,412,-1,411,412,413,-1,413,412,414,-1,413,414,415,-1,415,414,416,-1,415,416,417,-1,417,416,418,-1,417,418,419,-1,419,418,420,-1,419,420,421,-1,421,420,422,-1,421,422,400,-1,400,422,423,-1,400,423,401,-1,399,424,387,-1,387,424,425,-1,387,425,330,-1,144,332,298,-1,144,298,146,-1,146,298,296,-1,146,296,147,-1,147,296,294,-1,147,294,75,-1,75,294,345,-1,75,345,77,-1,77,345,344,-1,77,344,79,-1,79,344,342,-1,79,342,81,-1,81,342,340,-1,81,340,181,-1,181,340,338,-1,181,338,180,-1,180,338,337,-1,180,337,178,-1,178,337,269,-1,178,269,11,-1,11,269,267,-1,11,267,128,-1,128,267,265,-1,128,265,129,-1,129,265,404,-1,129,404,131,-1,131,404,403,-1,131,403,202,-1,202,403,401,-1,202,401,203,-1,203,401,423,-1,203,423,205,-1,205,423,422,-1,205,422,207,-1,207,422,420,-1,207,420,209,-1,209,420,418,-1,209,418,211,-1,211,418,416,-1,211,416,212,-1,212,416,414,-1,212,414,163,-1,163,414,412,-1,163,412,161,-1,161,412,410,-1,161,410,187,-1,187,410,408,-1,187,408,56,-1,56,408,406,-1,56,406,54,-1,54,406,405,-1,54,405,8,-1,8,405,228,-1,8,228,120,-1,120,228,271,-1,120,271,121,-1,121,271,273,-1,121,273,123,-1,123,273,279,-1,123,279,125,-1,125,279,281,-1,125,281,5,-1,5,281,312,-1,5,312,92,-1,92,312,311,-1,92,311,90,-1,90,311,252,-1,90,252,88,-1,88,252,250,-1,88,250,47,-1,47,250,248,-1,47,248,48,-1,48,248,395,-1,48,395,61,-1,61,395,394,-1,61,394,63,-1,63,394,392,-1,63,392,196,-1,196,392,390,-1,196,390,197,-1,197,390,389,-1,197,389,199,-1,199,389,359,-1,199,359,200,-1,200,359,357,-1,200,357,166,-1,166,357,371,-1,166,371,168,-1,168,371,370,-1,168,370,170,-1,170,370,368,-1,170,368,172,-1,172,368,366,-1,172,366,174,-1,174,366,364,-1,174,364,175,-1,175,364,362,-1,175,362,134,-1,134,362,361,-1,134,361,136,-1,136,361,240,-1,136,240,138,-1,138,240,254,-1,138,254,139,-1,139,254,256,-1,139,256,84,-1,84,256,258,-1,84,258,86,-1,86,258,259,-1,86,259,87,-1,87,259,261,-1,87,261,58,-1,58,261,262,-1,58,262,59,-1,59,262,233,-1,59,233,20,-1,20,233,232,-1,20,232,21,-1,21,232,230,-1,21,230,22,-1,22,230,229,-1,22,229,0,-1,0,229,303,-1,0,303,1,-1,1,303,350,-1,1,350,39,-1,39,350,349,-1,39,349,40,-1,40,349,347,-1,40,347,33,-1,33,347,346,-1,33,346,35,-1,35,346,246,-1,35,246,110,-1,110,246,315,-1,110,315,109,-1,109,315,217,-1,109,217,28,-1,28,217,220,-1,28,220,30,-1,30,220,221,-1,30,221,31,-1,31,221,243,-1,31,243,65,-1,65,243,242,-1,65,242,66,-1,66,242,241,-1,66,241,67,-1,67,241,219,-1,67,219,29,-1,29,219,218,-1,29,218,27,-1,25,27,216,-1,216,27,218,-1,23,25,214,-1,214,25,216,-1,24,23,213,-1,213,23,214,-1,26,24,215,-1,215,24,213,-1,26,215,321,-1,26,321,73,-1,73,321,319,-1,73,319,71,-1,71,319,318,-1,71,318,16,-1,16,318,309,-1,16,309,104,-1,104,309,307,-1,104,307,105,-1,105,307,355,-1,105,355,106,-1,106,355,354,-1,106,354,100,-1,100,354,325,-1,100,325,102,-1,102,325,324,-1,102,324,153,-1,153,324,353,-1,153,353,154,-1,154,353,352,-1,154,352,156,-1,156,352,351,-1,156,351,157,-1,157,351,388,-1,157,388,97,-1,97,388,224,-1,97,224,2,-1,2,224,260,-1,2,260,57,-1,57,260,257,-1,57,257,85,-1,85,257,255,-1,85,255,83,-1,83,255,239,-1,83,239,137,-1,137,239,238,-1,137,238,135,-1,135,238,363,-1,135,363,133,-1,133,363,365,-1,133,365,173,-1,173,365,367,-1,173,367,171,-1,171,367,369,-1,171,369,169,-1,169,369,356,-1,169,356,167,-1,167,356,358,-1,167,358,165,-1,165,358,360,-1,165,360,198,-1,198,360,391,-1,198,391,64,-1,64,391,393,-1,64,393,62,-1,62,393,247,-1,62,247,60,-1,60,247,249,-1,60,249,46,-1,46,249,251,-1,46,251,89,-1,89,251,253,-1,89,253,91,-1,91,253,313,-1,91,313,93,-1,93,313,314,-1,93,314,94,-1,94,314,326,-1,94,326,3,-1,3,326,327,-1,3,327,4,-1,4,327,283,-1,4,283,127,-1,127,283,282,-1,127,282,126,-1,126,282,280,-1,126,280,124,-1,124,280,272,-1,124,272,122,-1,122,272,227,-1,122,227,6,-1,6,227,226,-1,6,226,7,-1,7,226,407,-1,7,407,55,-1,55,407,409,-1,55,409,188,-1,188,409,411,-1,188,411,189,-1,189,411,413,-1,189,413,162,-1,162,413,415,-1,162,415,164,-1,164,415,417,-1,164,417,210,-1,210,417,419,-1,210,419,208,-1,208,419,421,-1,208,421,206,-1,206,421,400,-1,206,400,204,-1,204,400,402,-1,204,402,132,-1,132,402,264,-1,132,264,130,-1,130,264,266,-1,130,266,9,-1,9,266,268,-1,9,268,10,-1,10,268,270,-1,10,270,12,-1,12,270,301,-1,12,301,13,-1,176,13,300,-1,300,13,301,-1,176,300,275,-1,176,275,177,-1,177,275,274,-1,177,274,179,-1,179,274,339,-1,179,339,82,-1,82,339,341,-1,82,341,80,-1,80,341,343,-1,80,343,78,-1,78,343,293,-1,78,293,76,-1,76,293,295,-1,76,295,74,-1,74,295,297,-1,74,297,145,-1,145,297,299,-1,145,299,143,-1,143,299,334,-1,143,334,141,-1,141,334,284,-1,141,284,150,-1,150,284,286,-1,150,286,119,-1,119,286,288,-1,119,288,117,-1,117,288,290,-1,117,290,115,-1,115,290,292,-1,115,292,113,-1,113,292,374,-1,113,374,17,-1,17,374,376,-1,17,376,18,-1,18,376,378,-1,18,378,50,-1,52,50,380,-1,380,50,378,-1,52,380,382,-1,52,382,185,-1,185,382,330,-1,185,330,158,-1,158,330,425,-1,158,425,201,-1,201,425,424,-1,201,424,190,-1,190,424,399,-1,190,399,191,-1,191,399,398,-1,191,398,193,-1,193,398,397,-1,193,397,194,-1,194,397,396,-1,194,396,195,-1,195,396,387,-1,195,387,192,-1,192,387,386,-1,192,386,182,-1,182,386,385,-1,182,385,183,-1,183,385,331,-1,183,331,184,-1,184,331,329,-1,184,329,159,-1,159,329,328,-1,159,328,160,-1,160,328,384,-1,160,384,186,-1,186,384,383,-1,186,383,53,-1,53,383,381,-1,53,381,51,-1,49,51,379,-1,379,51,381,-1,49,379,377,-1,49,377,19,-1,19,377,375,-1,19,375,111,-1,111,375,373,-1,111,373,112,-1,112,373,372,-1,112,372,114,-1,114,372,291,-1,114,291,116,-1,116,291,289,-1,116,289,118,-1,118,289,287,-1,118,287,148,-1,148,287,285,-1,148,285,149,-1,149,285,336,-1,149,336,151,-1,151,336,335,-1,151,335,152,-1,152,335,333,-1,152,333,142,-1,142,333,332,-1,142,332,144,-1,99,306,308,-1,99,308,14,-1,14,308,310,-1,14,310,15,-1,15,310,320,-1,15,320,72,-1,72,320,322,-1,72,322,140,-1,140,322,323,-1,140,323,41,-1,41,323,237,-1,41,237,42,-1,42,237,236,-1,42,236,43,-1,43,236,235,-1,43,235,44,-1,44,235,234,-1,44,234,45,-1,45,234,317,-1,45,317,107,-1,107,317,316,-1,107,316,108,-1,108,316,245,-1,108,245,36,-1,36,245,244,-1,36,244,34,-1,34,244,348,-1,34,348,32,-1,32,348,302,-1,32,302,38,-1,38,302,304,-1,38,304,37,-1,37,304,305,-1,37,305,70,-1,70,305,278,-1,70,278,69,-1,69,278,277,-1,69,277,68,-1,68,277,276,-1,68,276,95,-1,95,276,231,-1,95,231,96,-1,96,231,263,-1,96,263,98,-1,98,263,225,-1,98,225,155,-1,155,225,223,-1,155,223,103,-1,103,223,222,-1,103,222,101,-1,101,222,306,-1,101,306,99,-1,426,427,428,-1,428,427,429,-1,430,426,431,-1,431,426,428,-1,432,430,433,-1,433,430,431,-1,434,432,435,-1,435,432,433,-1,436,434,437,-1,437,434,435,-1,438,436,439,-1,439,436,437,-1,440,438,441,-1,441,438,439,-1,442,440,443,-1,443,440,441,-1,444,442,445,-1,445,442,443,-1,446,444,447,-1,447,444,445,-1,448,446,449,-1,449,446,447,-1,427,448,429,-1,429,448,449,-1,448,427,426,-1,426,430,448,-1,448,430,432,-1,448,432,446,-1,442,444,440,-1,440,444,446,-1,440,446,438,-1,438,446,432,-1,438,432,436,-1,436,432,434,-1,447,445,443,-1,443,441,447,-1,447,441,439,-1,447,439,449,-1,428,429,431,-1,431,429,449,-1,431,449,433,-1,433,449,439,-1,433,439,435,-1,435,439,437,-1,450,451,452,-1,452,451,453,-1,454,450,455,-1,455,450,452,-1,456,454,457,-1,457,454,455,-1,458,456,459,-1,459,456,457,-1,460,458,461,-1,461,458,459,-1,462,460,463,-1,463,460,461,-1,464,462,465,-1,465,462,463,-1,466,464,467,-1,467,464,465,-1,468,466,469,-1,469,466,467,-1,470,468,471,-1,471,468,469,-1,472,470,473,-1,473,470,471,-1,451,472,453,-1,453,472,473,-1,472,451,450,-1,450,454,472,-1,472,454,456,-1,472,456,470,-1,466,468,464,-1,464,468,470,-1,464,470,462,-1,462,470,456,-1,462,456,460,-1,460,456,458,-1,471,469,467,-1,467,465,471,-1,471,465,463,-1,471,463,473,-1,452,453,455,-1,455,453,473,-1,455,473,457,-1,457,473,463,-1,457,463,459,-1,459,463,461,-1,474,475,476,-1,476,475,477,-1,478,479,480,-1,481,482,483,-1,483,482,484,-1,480,479,485,-1,485,479,486,-1,485,486,487,-1,487,486,488,-1,487,488,489,-1,490,491,492,-1,482,493,484,-1,484,493,494,-1,484,494,495,-1,481,483,496,-1,496,483,497,-1,496,497,498,-1,498,497,499,-1,498,499,500,-1,489,488,501,-1,501,488,502,-1,501,502,503,-1,503,502,504,-1,503,504,505,-1,494,506,495,-1,495,506,507,-1,495,507,508,-1,508,507,509,-1,508,509,510,-1,476,511,512,-1,512,511,513,-1,512,513,514,-1,515,516,517,-1,517,516,518,-1,517,518,519,-1,519,518,520,-1,519,520,521,-1,522,523,477,-1,477,523,524,-1,477,524,476,-1,476,524,525,-1,476,525,511,-1,505,504,526,-1,526,504,527,-1,526,527,528,-1,528,527,529,-1,528,529,530,-1,531,532,533,-1,533,532,534,-1,533,534,535,-1,535,534,536,-1,535,536,537,-1,492,538,490,-1,490,538,539,-1,490,539,531,-1,531,539,540,-1,531,540,532,-1,541,542,543,-1,543,542,544,-1,543,544,491,-1,491,544,545,-1,491,545,492,-1,546,547,548,-1,548,547,500,-1,548,500,549,-1,549,500,499,-1,520,550,521,-1,521,550,551,-1,521,551,552,-1,552,551,553,-1,552,553,554,-1,554,553,514,-1,554,514,555,-1,555,514,513,-1,530,529,556,-1,556,529,557,-1,556,557,558,-1,558,547,556,-1,556,547,546,-1,556,546,477,-1,477,546,559,-1,477,559,522,-1,536,560,537,-1,537,560,561,-1,537,561,562,-1,562,561,563,-1,562,563,564,-1,564,563,565,-1,564,565,515,-1,515,565,566,-1,515,566,516,-1,509,567,510,-1,510,567,568,-1,510,568,569,-1,569,568,570,-1,569,570,571,-1,480,572,478,-1,478,572,573,-1,478,573,574,-1,574,573,575,-1,574,575,576,-1,576,575,577,-1,576,577,578,-1,578,577,579,-1,578,579,580,-1,580,579,581,-1,580,581,582,-1,582,581,583,-1,582,583,584,-1,584,583,585,-1,584,585,586,-1,586,585,587,-1,586,587,588,-1,588,587,589,-1,588,589,590,-1,590,589,591,-1,590,591,592,-1,570,593,571,-1,571,593,594,-1,571,594,541,-1,541,594,595,-1,541,595,542,-1,596,597,598,-1,599,600,601,-1,601,600,602,-1,601,602,603,-1,604,605,606,-1,607,608,609,-1,609,608,610,-1,609,610,611,-1,602,612,603,-1,603,612,613,-1,603,613,614,-1,614,613,615,-1,614,615,616,-1,617,618,619,-1,619,618,620,-1,619,620,621,-1,621,620,622,-1,621,622,599,-1,599,622,623,-1,599,623,600,-1,624,604,625,-1,625,604,606,-1,625,606,626,-1,626,606,627,-1,628,629,630,-1,630,629,631,-1,630,631,632,-1,632,631,633,-1,632,633,634,-1,634,633,635,-1,634,635,636,-1,636,635,637,-1,638,639,628,-1,628,639,640,-1,628,640,629,-1,641,642,607,-1,607,642,643,-1,607,643,608,-1,644,645,641,-1,641,645,646,-1,641,646,642,-1,647,648,649,-1,649,648,606,-1,649,606,650,-1,650,606,605,-1,651,652,638,-1,638,652,653,-1,638,653,639,-1,615,654,616,-1,616,654,655,-1,616,655,656,-1,656,655,657,-1,656,657,658,-1,658,657,648,-1,658,648,659,-1,610,660,611,-1,611,660,661,-1,611,661,662,-1,659,648,663,-1,663,648,647,-1,663,647,637,-1,637,647,664,-1,637,664,636,-1,596,598,665,-1,665,598,666,-1,665,666,667,-1,667,666,668,-1,667,668,669,-1,669,668,670,-1,669,670,671,-1,671,670,672,-1,671,672,673,-1,673,672,674,-1,673,674,675,-1,675,674,676,-1,675,676,677,-1,677,676,678,-1,677,678,617,-1,617,678,679,-1,617,679,618,-1,680,681,682,-1,682,681,683,-1,682,683,651,-1,651,683,684,-1,651,684,652,-1,661,685,662,-1,662,685,686,-1,662,686,687,-1,687,686,688,-1,687,688,680,-1,680,688,689,-1,680,689,681,-1,690,691,692,-1,692,691,693,-1,692,693,694,-1,694,693,695,-1,694,695,696,-1,696,695,697,-1,696,697,698,-1,699,700,701,-1,701,700,702,-1,701,702,703,-1,703,702,704,-1,703,704,644,-1,644,704,705,-1,644,705,645,-1,697,706,698,-1,698,706,707,-1,698,707,708,-1,708,707,709,-1,708,709,710,-1,710,709,711,-1,710,711,699,-1,699,711,712,-1,699,712,700,-1,692,713,690,-1,690,713,714,-1,690,714,715,-1,715,714,716,-1,715,716,625,-1,625,716,717,-1,625,717,624,-1,577,678,676,-1,577,676,579,-1,579,676,674,-1,579,674,581,-1,581,674,672,-1,581,672,583,-1,583,672,670,-1,583,670,585,-1,585,670,668,-1,585,668,587,-1,587,668,666,-1,587,666,589,-1,589,666,598,-1,589,598,591,-1,592,591,597,-1,597,591,598,-1,592,597,596,-1,592,596,590,-1,590,596,665,-1,590,665,588,-1,588,665,667,-1,588,667,586,-1,586,667,669,-1,586,669,584,-1,584,669,671,-1,584,671,582,-1,582,671,673,-1,582,673,580,-1,580,673,675,-1,580,675,578,-1,578,675,677,-1,578,677,576,-1,576,677,617,-1,576,617,574,-1,574,617,619,-1,574,619,478,-1,478,619,621,-1,478,621,479,-1,479,621,599,-1,479,599,486,-1,486,599,601,-1,486,601,488,-1,488,601,603,-1,488,603,502,-1,502,603,614,-1,502,614,504,-1,504,614,616,-1,504,616,527,-1,527,616,656,-1,527,656,529,-1,529,656,658,-1,529,658,557,-1,557,658,659,-1,557,659,558,-1,558,659,663,-1,558,663,547,-1,500,547,637,-1,637,547,663,-1,500,637,635,-1,500,635,498,-1,498,635,633,-1,498,633,496,-1,496,633,631,-1,496,631,481,-1,481,631,629,-1,481,629,482,-1,482,629,640,-1,482,640,493,-1,493,640,639,-1,493,639,494,-1,494,639,653,-1,494,653,506,-1,506,653,652,-1,506,652,507,-1,507,652,684,-1,507,684,509,-1,509,684,683,-1,509,683,567,-1,567,683,681,-1,567,681,568,-1,568,681,689,-1,568,689,570,-1,570,689,688,-1,570,688,593,-1,593,688,686,-1,593,686,594,-1,594,686,685,-1,594,685,595,-1,595,685,661,-1,595,661,542,-1,542,661,660,-1,542,660,544,-1,544,660,610,-1,544,610,545,-1,545,610,608,-1,545,608,492,-1,492,608,643,-1,492,643,538,-1,538,643,642,-1,538,642,539,-1,539,642,646,-1,539,646,540,-1,540,646,645,-1,540,645,532,-1,532,645,705,-1,532,705,534,-1,534,705,704,-1,534,704,536,-1,536,704,702,-1,536,702,560,-1,560,702,700,-1,560,700,561,-1,561,700,712,-1,561,712,563,-1,563,712,711,-1,563,711,565,-1,565,711,709,-1,565,709,566,-1,566,709,707,-1,566,707,516,-1,516,707,706,-1,516,706,518,-1,518,706,697,-1,518,697,520,-1,520,697,695,-1,520,695,550,-1,550,695,693,-1,550,693,551,-1,551,693,691,-1,551,691,553,-1,553,691,690,-1,553,690,514,-1,514,690,715,-1,514,715,512,-1,476,512,625,-1,625,512,715,-1,474,476,626,-1,626,476,625,-1,475,474,627,-1,627,474,626,-1,477,475,606,-1,606,475,627,-1,477,606,648,-1,477,648,556,-1,556,648,657,-1,556,657,530,-1,530,657,655,-1,530,655,528,-1,528,655,654,-1,528,654,526,-1,526,654,615,-1,526,615,505,-1,505,615,613,-1,505,613,503,-1,503,613,612,-1,503,612,501,-1,501,612,602,-1,501,602,489,-1,489,602,600,-1,489,600,487,-1,487,600,623,-1,487,623,485,-1,485,623,622,-1,485,622,480,-1,480,622,620,-1,480,620,572,-1,572,620,618,-1,572,618,573,-1,573,618,679,-1,573,679,575,-1,575,679,678,-1,575,678,577,-1,484,628,630,-1,484,630,483,-1,483,630,632,-1,483,632,497,-1,497,632,634,-1,497,634,499,-1,499,634,636,-1,499,636,549,-1,549,636,664,-1,549,664,548,-1,571,687,680,-1,571,680,569,-1,569,680,682,-1,569,682,510,-1,510,682,651,-1,510,651,508,-1,508,651,638,-1,508,638,495,-1,495,638,628,-1,495,628,484,-1,531,641,607,-1,531,607,490,-1,490,607,609,-1,490,609,491,-1,491,609,611,-1,491,611,543,-1,543,611,662,-1,543,662,541,-1,541,662,687,-1,541,687,571,-1,564,710,699,-1,564,699,562,-1,562,699,701,-1,562,701,537,-1,537,701,703,-1,537,703,535,-1,535,703,644,-1,535,644,533,-1,533,644,641,-1,533,641,531,-1,555,714,713,-1,555,713,554,-1,554,713,692,-1,554,692,552,-1,552,692,694,-1,552,694,521,-1,521,694,696,-1,521,696,519,-1,519,696,698,-1,519,698,517,-1,517,698,708,-1,517,708,515,-1,515,708,710,-1,515,710,564,-1,559,649,650,-1,559,650,522,-1,522,650,605,-1,522,605,523,-1,523,605,604,-1,523,604,524,-1,524,604,624,-1,524,624,525,-1,525,624,717,-1,525,717,511,-1,511,717,716,-1,511,716,513,-1,513,716,714,-1,513,714,555,-1,559,546,649,-1,649,546,647,-1,546,548,647,-1,647,548,664,-1,718,719,720,-1,720,719,721,-1,722,718,723,-1,723,718,720,-1,724,722,725,-1,725,722,723,-1,726,724,727,-1,727,724,725,-1,728,726,729,-1,729,726,727,-1,730,728,731,-1,731,728,729,-1,732,730,733,-1,733,730,731,-1,734,732,735,-1,735,732,733,-1,736,734,737,-1,737,734,735,-1,738,736,739,-1,739,736,737,-1,740,738,741,-1,741,738,739,-1,719,740,721,-1,721,740,741,-1,740,719,718,-1,718,722,740,-1,740,722,724,-1,740,724,738,-1,734,736,732,-1,732,736,738,-1,732,738,730,-1,730,738,724,-1,730,724,728,-1,728,724,726,-1,739,737,735,-1,735,733,739,-1,739,733,731,-1,739,731,741,-1,720,721,723,-1,723,721,741,-1,723,741,725,-1,725,741,731,-1,725,731,727,-1,727,731,729,-1,742,743,744,-1,742,744,745,-1,745,744,746,-1,745,746,747,-1,747,746,748,-1,747,748,749,-1,749,748,750,-1,749,750,751,-1,751,750,752,-1,751,752,753,-1,753,752,754,-1,753,754,755,-1,755,754,756,-1,755,756,757,-1,758,757,759,-1,759,757,756,-1,758,759,760,-1,758,760,761,-1,761,760,762,-1,761,762,763,-1,763,762,764,-1,763,764,765,-1,765,764,766,-1,765,766,767,-1,767,766,768,-1,767,768,769,-1,769,768,770,-1,769,770,771,-1,771,770,772,-1,771,772,773,-1,773,772,774,-1,773,774,775,-1,775,774,776,-1,775,776,777,-1,777,776,778,-1,777,778,779,-1,779,778,780,-1,779,780,781,-1,781,780,782,-1,781,782,783,-1,783,782,784,-1,783,784,785,-1,785,784,786,-1,785,786,787,-1,787,786,788,-1,787,788,789,-1,789,788,790,-1,789,790,791,-1,791,790,792,-1,791,792,793,-1,793,792,794,-1,793,794,795,-1,795,794,796,-1,795,796,797,-1,797,796,798,-1,797,798,799,-1,799,798,800,-1,799,800,801,-1,801,800,802,-1,801,802,803,-1,803,802,804,-1,803,804,805,-1,805,804,806,-1,805,806,807,-1,807,806,808,-1,807,808,809,-1,809,808,810,-1,809,810,811,-1,811,810,812,-1,811,812,813,-1,813,812,814,-1,813,814,815,-1,815,814,816,-1,815,816,817,-1,817,816,818,-1,817,818,819,-1,819,818,820,-1,819,820,821,-1,821,820,822,-1,821,822,823,-1,823,822,824,-1,823,824,825,-1,825,824,826,-1,825,826,827,-1,827,826,828,-1,827,828,829,-1,829,828,830,-1,829,830,831,-1,831,830,832,-1,831,832,833,-1,833,832,834,-1,833,834,835,-1,835,834,836,-1,835,836,837,-1,837,836,838,-1,837,838,839,-1,839,838,840,-1,839,840,841,-1,841,840,842,-1,841,842,843,-1,843,842,844,-1,843,844,845,-1,845,844,846,-1,845,846,847,-1,847,846,848,-1,847,848,849,-1,849,848,850,-1,849,850,851,-1,851,850,852,-1,851,852,853,-1,853,852,854,-1,853,854,855,-1,855,854,856,-1,855,856,857,-1,857,856,858,-1,857,858,859,-1,859,858,860,-1,859,860,861,-1,861,860,862,-1,861,862,863,-1,863,862,864,-1,863,864,865,-1,865,864,866,-1,865,866,867,-1,867,866,868,-1,867,868,869,-1,869,868,870,-1,869,870,871,-1,871,870,872,-1,871,872,873,-1,873,872,874,-1,873,874,875,-1,875,874,876,-1,875,876,877,-1,878,877,879,-1,879,877,876,-1,878,879,880,-1,878,880,881,-1,881,880,882,-1,881,882,883,-1,883,882,884,-1,883,884,885,-1,885,884,886,-1,885,886,887,-1,887,886,888,-1,887,888,889,-1,889,888,890,-1,889,890,891,-1,891,890,892,-1,891,892,893,-1,893,892,894,-1,893,894,895,-1,895,894,896,-1,895,896,897,-1,897,896,898,-1,897,898,899,-1,899,898,900,-1,899,900,901,-1,901,900,902,-1,901,902,903,-1,903,902,904,-1,903,904,905,-1,905,904,906,-1,905,906,907,-1,907,906,908,-1,907,908,909,-1,909,908,910,-1,909,910,911,-1,911,910,912,-1,911,912,913,-1,913,912,914,-1,913,914,915,-1,915,914,916,-1,915,916,917,-1,917,916,918,-1,917,918,919,-1,919,918,920,-1,919,920,921,-1,921,920,922,-1,921,922,923,-1,923,922,924,-1,923,924,925,-1,925,924,926,-1,925,926,927,-1,927,926,928,-1,927,928,929,-1,929,928,930,-1,929,930,931,-1,931,930,932,-1,931,932,933,-1,933,932,934,-1,933,934,935,-1,935,934,936,-1,935,936,937,-1,937,936,938,-1,937,938,939,-1,939,938,940,-1,939,940,941,-1,941,940,942,-1,941,942,943,-1,943,942,944,-1,943,944,945,-1,945,944,946,-1,945,946,947,-1,947,946,948,-1,947,948,949,-1,949,948,950,-1,949,950,951,-1,951,950,952,-1,951,952,953,-1,953,952,954,-1,953,954,955,-1,955,954,956,-1,955,956,957,-1,957,956,958,-1,957,958,959,-1,959,958,960,-1,959,960,961,-1,961,960,962,-1,961,962,963,-1,963,962,964,-1,963,964,965,-1,965,964,966,-1,965,966,967,-1,967,966,968,-1,967,968,969,-1,969,968,970,-1,969,970,971,-1,971,970,972,-1,971,972,973,-1,973,972,974,-1,973,974,975,-1,975,974,976,-1,975,976,977,-1,977,976,978,-1,977,978,979,-1,979,978,743,-1,979,743,742,-1,755,757,758,-1,875,877,878,-1,785,787,969,-1,969,787,967,-1,849,909,847,-1,847,909,911,-1,847,911,845,-1,787,789,967,-1,967,789,791,-1,967,791,965,-1,851,905,849,-1,849,905,907,-1,849,907,909,-1,785,969,783,-1,783,969,971,-1,783,971,781,-1,781,971,973,-1,781,973,779,-1,779,973,975,-1,779,975,777,-1,927,837,925,-1,925,837,839,-1,809,955,807,-1,807,955,957,-1,911,913,845,-1,845,913,915,-1,845,915,843,-1,915,917,843,-1,843,917,919,-1,843,919,841,-1,841,919,921,-1,841,921,839,-1,839,921,923,-1,839,923,925,-1,927,929,837,-1,837,929,931,-1,837,931,835,-1,835,931,933,-1,835,933,833,-1,833,933,935,-1,833,935,831,-1,831,935,937,-1,831,937,829,-1,961,801,959,-1,959,801,803,-1,959,803,957,-1,957,803,805,-1,957,805,807,-1,791,793,965,-1,965,793,795,-1,965,795,963,-1,963,795,797,-1,963,797,961,-1,961,797,799,-1,961,799,801,-1,809,811,955,-1,955,811,813,-1,955,813,953,-1,953,813,815,-1,953,815,951,-1,951,815,817,-1,951,817,949,-1,949,817,819,-1,949,819,947,-1,777,975,775,-1,775,975,977,-1,775,977,773,-1,773,977,979,-1,773,979,771,-1,771,979,742,-1,771,742,769,-1,769,742,745,-1,769,745,767,-1,767,745,747,-1,767,747,765,-1,765,747,749,-1,765,749,763,-1,763,749,751,-1,763,751,761,-1,761,751,758,-1,758,751,753,-1,758,753,755,-1,819,821,947,-1,947,821,823,-1,947,823,945,-1,945,823,825,-1,945,825,943,-1,943,825,827,-1,943,827,941,-1,941,827,829,-1,941,829,939,-1,939,829,937,-1,875,878,873,-1,873,878,881,-1,873,881,871,-1,871,881,883,-1,871,883,869,-1,869,883,885,-1,869,885,867,-1,867,885,887,-1,867,887,865,-1,865,887,889,-1,865,889,863,-1,863,889,891,-1,863,891,861,-1,861,891,893,-1,861,893,859,-1,859,893,895,-1,859,895,857,-1,857,895,897,-1,857,897,855,-1,855,897,899,-1,855,899,853,-1,853,899,901,-1,853,901,851,-1,851,901,903,-1,851,903,905,-1,966,786,968,-1,968,786,784,-1,968,784,970,-1,970,784,782,-1,970,782,972,-1,848,846,908,-1,928,836,930,-1,930,836,834,-1,964,790,966,-1,966,790,788,-1,966,788,786,-1,958,956,804,-1,804,956,806,-1,806,956,954,-1,806,954,808,-1,928,926,836,-1,836,926,924,-1,836,924,838,-1,838,924,922,-1,838,922,840,-1,952,812,954,-1,954,812,810,-1,954,810,808,-1,842,914,844,-1,844,914,912,-1,844,912,846,-1,846,912,910,-1,846,910,908,-1,962,794,964,-1,964,794,792,-1,964,792,790,-1,922,920,840,-1,840,920,918,-1,840,918,842,-1,842,918,916,-1,842,916,914,-1,782,780,972,-1,972,780,778,-1,972,778,974,-1,974,778,776,-1,974,776,976,-1,976,776,774,-1,976,774,978,-1,978,774,772,-1,978,772,743,-1,743,772,770,-1,743,770,744,-1,744,770,768,-1,744,768,746,-1,746,768,766,-1,746,766,748,-1,804,802,958,-1,958,802,800,-1,958,800,960,-1,960,800,798,-1,960,798,962,-1,962,798,796,-1,962,796,794,-1,766,764,748,-1,748,764,762,-1,748,762,750,-1,750,762,760,-1,750,760,752,-1,752,760,759,-1,752,759,754,-1,754,759,756,-1,944,942,826,-1,826,942,940,-1,826,940,828,-1,828,940,938,-1,828,938,830,-1,830,938,936,-1,830,936,832,-1,832,936,934,-1,832,934,834,-1,834,934,932,-1,834,932,930,-1,908,906,848,-1,848,906,904,-1,848,904,850,-1,850,904,902,-1,850,902,852,-1,852,902,900,-1,852,900,854,-1,854,900,898,-1,854,898,856,-1,856,898,896,-1,856,896,858,-1,858,896,894,-1,858,894,860,-1,860,894,892,-1,860,892,862,-1,862,892,890,-1,862,890,864,-1,864,890,888,-1,864,888,866,-1,866,888,886,-1,866,886,868,-1,868,886,884,-1,868,884,870,-1,870,884,882,-1,870,882,872,-1,872,882,880,-1,872,880,874,-1,874,880,879,-1,874,879,876,-1,826,824,944,-1,944,824,822,-1,944,822,946,-1,946,822,820,-1,946,820,948,-1,948,820,818,-1,948,818,950,-1,950,818,816,-1,950,816,952,-1,952,816,814,-1,952,814,812,-1,980,981,982,-1,982,981,983,-1,984,980,985,-1,985,980,982,-1,984,985,986,-1,984,986,987,-1,987,986,988,-1,987,988,989,-1,990,989,991,-1,991,989,988,-1,992,990,993,-1,993,990,991,-1,994,992,995,-1,995,992,993,-1,996,994,997,-1,997,994,995,-1,998,996,999,-1,999,996,997,-1,1000,998,1001,-1,1001,998,999,-1,1000,1001,1002,-1,1000,1002,1003,-1,1003,1002,1004,-1,1003,1004,1005,-1,1005,1004,1006,-1,1005,1006,1007,-1,1007,1006,1008,-1,1007,1008,1009,-1,1009,1008,1010,-1,1009,1010,1011,-1,1011,1010,1012,-1,1011,1012,1013,-1,1013,1012,1014,-1,1013,1014,1015,-1,1015,1014,1016,-1,1015,1016,1017,-1,1017,1016,1018,-1,1017,1018,1019,-1,1019,1018,1020,-1,1019,1020,1021,-1,1022,1021,1023,-1,1023,1021,1020,-1,1022,1023,1024,-1,1022,1024,1025,-1,1025,1024,1026,-1,1025,1026,1027,-1,1027,1026,1028,-1,1027,1028,1029,-1,1029,1028,1030,-1,1029,1030,1031,-1,1031,1030,1032,-1,1031,1032,1033,-1,1033,1032,1034,-1,1033,1034,1035,-1,1035,1034,1036,-1,1035,1036,1037,-1,1037,1036,1038,-1,1037,1038,1039,-1,1039,1038,1040,-1,1039,1040,1041,-1,1041,1040,1042,-1,1041,1042,1043,-1,1043,1042,1044,-1,1043,1044,1045,-1,1045,1044,1046,-1,1045,1046,1047,-1,1047,1046,1048,-1,1047,1048,1049,-1,1049,1048,1050,-1,1049,1050,1051,-1,981,1051,983,-1,983,1051,1050,-1,987,989,1051,-1,981,980,1051,-1,1051,980,984,-1,1051,984,987,-1,994,996,992,-1,992,996,998,-1,992,998,990,-1,1005,1007,1039,-1,1039,1007,1037,-1,1037,1007,1009,-1,1037,1009,1035,-1,1035,1009,1011,-1,1035,1011,1033,-1,1033,1011,1031,-1,1031,1011,1013,-1,1031,1013,1029,-1,1029,1013,1015,-1,1029,1015,1027,-1,1039,1041,1005,-1,1005,1041,1043,-1,1005,1043,1003,-1,1003,1043,1045,-1,1003,1045,1000,-1,1027,1015,1025,-1,1025,1015,1017,-1,1025,1017,1022,-1,1022,1017,1019,-1,1022,1019,1021,-1,1045,1047,1000,-1,1000,1047,1049,-1,1000,1049,998,-1,998,1049,1051,-1,998,1051,990,-1,990,1051,989,-1,1012,1010,1032,-1,999,997,995,-1,982,983,985,-1,985,983,1050,-1,1032,1010,1034,-1,1034,1010,1008,-1,1034,1008,1036,-1,1032,1030,1012,-1,1012,1030,1028,-1,1012,1028,1014,-1,1014,1028,1026,-1,1014,1026,1016,-1,1016,1026,1024,-1,1016,1024,1018,-1,1018,1024,1023,-1,1018,1023,1020,-1,1036,1008,1038,-1,1038,1008,1006,-1,1038,1006,1040,-1,1040,1006,1004,-1,1040,1004,1042,-1,1042,1004,1002,-1,1042,1002,1044,-1,1044,1002,1046,-1,1046,1002,1001,-1,1046,1001,1048,-1,991,988,1050,-1,1050,988,986,-1,1050,986,985,-1,995,993,999,-1,999,993,991,-1,999,991,1001,-1,1001,991,1050,-1,1001,1050,1048,-1,1052,1053,1054,-1,1052,1054,1055,-1,1055,1054,1056,-1,1055,1056,1057,-1,1057,1056,1058,-1,1057,1058,1059,-1,1059,1058,1060,-1,1059,1060,1061,-1,1061,1060,1062,-1,1061,1062,1063,-1,1063,1062,1064,-1,1063,1064,1065,-1,1066,1065,1067,-1,1067,1065,1064,-1,1066,1067,1068,-1,1066,1068,1069,-1,1069,1068,1070,-1,1069,1070,1071,-1,1071,1070,1072,-1,1071,1072,1073,-1,1073,1072,1074,-1,1073,1074,1075,-1,1075,1074,1076,-1,1075,1076,1077,-1,1077,1076,1078,-1,1077,1078,1079,-1,1079,1078,1080,-1,1079,1080,1081,-1,1081,1080,1082,-1,1081,1082,1083,-1,1083,1082,1084,-1,1083,1084,1085,-1,1085,1084,1086,-1,1085,1086,1087,-1,1087,1086,1088,-1,1087,1088,1089,-1,1089,1088,1090,-1,1089,1090,1091,-1,1091,1090,1092,-1,1091,1092,1093,-1,1093,1092,1094,-1,1093,1094,1095,-1,1095,1094,1096,-1,1095,1096,1097,-1,1097,1096,1098,-1,1097,1098,1099,-1,1099,1098,1100,-1,1099,1100,1101,-1,1101,1100,1102,-1,1101,1102,1103,-1,1103,1102,1104,-1,1103,1104,1105,-1,1105,1104,1106,-1,1105,1106,1107,-1,1107,1106,1108,-1,1107,1108,1109,-1,1109,1108,1110,-1,1109,1110,1111,-1,1111,1110,1112,-1,1111,1112,1113,-1,1113,1112,1114,-1,1113,1114,1115,-1,1115,1114,1116,-1,1115,1116,1117,-1,1117,1116,1118,-1,1117,1118,1119,-1,1119,1118,1120,-1,1119,1120,1121,-1,1121,1120,1122,-1,1121,1122,1123,-1,1123,1122,1124,-1,1123,1124,1125,-1,1125,1124,1126,-1,1125,1126,1127,-1,1127,1126,1128,-1,1127,1128,1129,-1,1129,1128,1130,-1,1129,1130,1131,-1,1131,1130,1132,-1,1131,1132,1133,-1,1133,1132,1134,-1,1133,1134,1135,-1,1135,1134,1136,-1,1135,1136,1137,-1,1137,1136,1138,-1,1137,1138,1139,-1,1139,1138,1140,-1,1139,1140,1141,-1,1141,1140,1142,-1,1141,1142,1143,-1,1143,1142,1144,-1,1143,1144,1145,-1,1145,1144,1146,-1,1145,1146,1147,-1,1147,1146,1148,-1,1147,1148,1149,-1,1149,1148,1150,-1,1149,1150,1151,-1,1151,1150,1152,-1,1151,1152,1153,-1,1153,1152,1154,-1,1153,1154,1155,-1,1156,1155,1157,-1,1157,1155,1154,-1,1156,1157,1158,-1,1156,1158,1159,-1,1159,1158,1160,-1,1159,1160,1161,-1,1161,1160,1162,-1,1161,1162,1163,-1,1163,1162,1164,-1,1163,1164,1165,-1,1165,1164,1166,-1,1165,1166,1167,-1,1167,1166,1168,-1,1167,1168,1169,-1,1169,1168,1170,-1,1169,1170,1171,-1,1171,1170,1172,-1,1171,1172,1173,-1,1173,1172,1174,-1,1173,1174,1175,-1,1175,1174,1176,-1,1175,1176,1177,-1,1177,1176,1178,-1,1177,1178,1179,-1,1179,1178,1180,-1,1179,1180,1181,-1,1181,1180,1182,-1,1181,1182,1183,-1,1183,1182,1184,-1,1183,1184,1185,-1,1185,1184,1186,-1,1185,1186,1187,-1,1187,1186,1188,-1,1187,1188,1189,-1,1189,1188,1190,-1,1189,1190,1191,-1,1191,1190,1192,-1,1191,1192,1193,-1,1193,1192,1194,-1,1193,1194,1195,-1,1195,1194,1196,-1,1195,1196,1197,-1,1197,1196,1198,-1,1197,1198,1199,-1,1199,1198,1200,-1,1199,1200,1201,-1,1201,1200,1202,-1,1201,1202,1203,-1,1203,1202,1204,-1,1203,1204,1205,-1,1205,1204,1206,-1,1205,1206,1207,-1,1207,1206,1208,-1,1207,1208,1209,-1,1209,1208,1210,-1,1209,1210,1211,-1,1211,1210,1212,-1,1211,1212,1213,-1,1213,1212,1214,-1,1213,1214,1215,-1,1215,1214,1216,-1,1215,1216,1217,-1,1217,1216,1218,-1,1217,1218,1219,-1,1219,1218,1220,-1,1219,1220,1221,-1,1221,1220,1222,-1,1221,1222,1223,-1,1223,1222,1224,-1,1223,1224,1225,-1,1225,1224,1226,-1,1225,1226,1227,-1,1227,1226,1228,-1,1227,1228,1229,-1,1229,1228,1230,-1,1229,1230,1231,-1,1231,1230,1232,-1,1231,1232,1233,-1,1233,1232,1234,-1,1233,1234,1235,-1,1235,1234,1236,-1,1235,1236,1237,-1,1237,1236,1053,-1,1237,1053,1052,-1,1153,1155,1156,-1,1097,1217,1219,-1,1097,1219,1095,-1,1095,1219,1221,-1,1095,1221,1093,-1,1093,1221,1223,-1,1093,1223,1091,-1,1091,1223,1225,-1,1091,1225,1089,-1,1089,1225,1227,-1,1089,1227,1087,-1,1073,1061,1071,-1,1071,1061,1063,-1,1071,1063,1069,-1,1069,1063,1065,-1,1069,1065,1066,-1,1227,1229,1087,-1,1087,1229,1231,-1,1087,1231,1085,-1,1085,1231,1233,-1,1085,1233,1083,-1,1083,1233,1235,-1,1083,1235,1081,-1,1081,1235,1237,-1,1081,1237,1079,-1,1079,1237,1052,-1,1079,1052,1077,-1,1077,1052,1055,-1,1077,1055,1075,-1,1075,1055,1057,-1,1075,1057,1073,-1,1073,1057,1059,-1,1073,1059,1061,-1,1129,1183,1127,-1,1127,1183,1185,-1,1127,1185,1125,-1,1125,1185,1187,-1,1125,1187,1123,-1,1123,1187,1189,-1,1123,1189,1121,-1,1121,1189,1191,-1,1121,1191,1119,-1,1119,1191,1193,-1,1119,1193,1117,-1,1117,1193,1195,-1,1117,1195,1115,-1,1153,1156,1151,-1,1151,1156,1159,-1,1151,1159,1149,-1,1149,1159,1161,-1,1149,1161,1147,-1,1147,1161,1163,-1,1147,1163,1145,-1,1145,1163,1165,-1,1145,1165,1143,-1,1143,1165,1167,-1,1143,1167,1141,-1,1141,1167,1169,-1,1141,1169,1139,-1,1139,1169,1171,-1,1139,1171,1137,-1,1137,1171,1173,-1,1137,1173,1135,-1,1135,1173,1175,-1,1135,1175,1133,-1,1133,1175,1177,-1,1133,1177,1131,-1,1131,1177,1179,-1,1131,1179,1129,-1,1129,1179,1181,-1,1129,1181,1183,-1,1217,1097,1215,-1,1215,1097,1099,-1,1215,1099,1213,-1,1213,1099,1101,-1,1213,1101,1211,-1,1211,1101,1103,-1,1211,1103,1209,-1,1209,1103,1105,-1,1209,1105,1207,-1,1207,1105,1205,-1,1205,1105,1107,-1,1205,1107,1203,-1,1195,1197,1115,-1,1115,1197,1199,-1,1115,1199,1113,-1,1113,1199,1201,-1,1113,1201,1111,-1,1111,1201,1203,-1,1111,1203,1109,-1,1109,1203,1107,-1,1068,1067,1064,-1,1068,1064,1070,-1,1084,1230,1086,-1,1086,1230,1228,-1,1086,1228,1088,-1,1088,1228,1226,-1,1088,1226,1090,-1,1090,1226,1224,-1,1090,1224,1092,-1,1092,1224,1222,-1,1092,1222,1094,-1,1154,1152,1157,-1,1157,1152,1150,-1,1157,1150,1158,-1,1158,1150,1148,-1,1222,1220,1094,-1,1094,1220,1218,-1,1094,1218,1096,-1,1096,1218,1216,-1,1096,1216,1098,-1,1098,1216,1214,-1,1098,1214,1100,-1,1100,1214,1212,-1,1100,1212,1102,-1,1064,1062,1070,-1,1070,1062,1060,-1,1070,1060,1072,-1,1072,1060,1058,-1,1072,1058,1074,-1,1074,1058,1056,-1,1074,1056,1076,-1,1076,1056,1054,-1,1076,1054,1078,-1,1078,1054,1053,-1,1078,1053,1080,-1,1080,1053,1236,-1,1080,1236,1082,-1,1082,1236,1234,-1,1082,1234,1084,-1,1084,1234,1232,-1,1084,1232,1230,-1,1122,1186,1124,-1,1124,1186,1184,-1,1124,1184,1126,-1,1126,1184,1182,-1,1126,1182,1128,-1,1128,1182,1180,-1,1128,1180,1130,-1,1130,1180,1178,-1,1130,1178,1132,-1,1132,1178,1176,-1,1132,1176,1134,-1,1134,1176,1174,-1,1134,1174,1136,-1,1136,1174,1172,-1,1136,1172,1138,-1,1138,1172,1170,-1,1138,1170,1140,-1,1140,1170,1168,-1,1140,1168,1142,-1,1142,1168,1166,-1,1142,1166,1144,-1,1144,1166,1164,-1,1144,1164,1146,-1,1146,1164,1162,-1,1146,1162,1148,-1,1148,1162,1160,-1,1148,1160,1158,-1,1202,1200,1112,-1,1112,1200,1198,-1,1112,1198,1114,-1,1114,1198,1196,-1,1114,1196,1116,-1,1116,1196,1194,-1,1116,1194,1118,-1,1118,1194,1192,-1,1118,1192,1120,-1,1120,1192,1190,-1,1120,1190,1122,-1,1122,1190,1188,-1,1122,1188,1186,-1,1212,1210,1102,-1,1102,1210,1208,-1,1102,1208,1104,-1,1104,1208,1206,-1,1104,1206,1106,-1,1106,1206,1204,-1,1106,1204,1108,-1,1108,1204,1202,-1,1108,1202,1110,-1,1110,1202,1112,-1,1238,1239,1240,-1,1240,1239,1241,-1,1240,1241,1242,-1,1242,1241,1243,-1,1242,1243,1244,-1,1244,1243,1245,-1,1244,1245,1246,-1,1246,1245,1247,-1,1246,1247,1248,-1,1248,1247,1249,-1,1248,1249,1250,-1,1250,1249,1251,-1,1250,1251,1252,-1,1252,1251,1253,-1,1252,1253,1254,-1,1255,1256,1257,-1,1257,1256,1258,-1,1257,1258,1259,-1,1259,1258,1260,-1,1259,1260,1261,-1,1261,1260,1262,-1,1261,1262,1263,-1,1262,1264,1263,-1,1263,1264,1265,-1,1263,1265,1266,-1,1266,1265,1267,-1,1266,1267,1268,-1,1268,1267,1269,-1,1268,1269,1270,-1,1270,1269,1271,-1,1270,1271,1272,-1,1272,1271,1273,-1,1272,1273,1274,-1,1274,1273,1275,-1,1274,1275,1276,-1,1276,1275,1277,-1,1276,1277,1278,-1,1278,1277,1279,-1,1278,1279,1280,-1,1280,1279,1281,-1,1280,1281,1282,-1,1282,1281,1283,-1,1282,1283,1284,-1,1284,1283,1285,-1,1284,1285,1286,-1,1286,1285,1287,-1,1286,1287,1288,-1,1288,1287,1289,-1,1288,1289,1290,-1,1290,1289,1291,-1,1290,1291,1292,-1,1292,1291,1293,-1,1292,1293,1294,-1,1294,1293,1295,-1,1294,1295,1296,-1,1296,1295,1297,-1,1296,1297,1238,-1,1238,1297,1298,-1,1238,1298,1239,-1,1253,1299,1254,-1,1254,1299,1300,-1,1254,1300,1301,-1,1301,1300,1302,-1,1301,1302,1303,-1,1303,1302,1304,-1,1303,1304,1305,-1,1305,1304,1306,-1,1305,1306,1307,-1,1307,1306,1308,-1,1307,1308,1309,-1,1309,1308,1310,-1,1309,1310,1255,-1,1255,1310,1311,-1,1255,1311,1256,-1,1312,1313,1314,-1,1314,1313,1315,-1,1314,1315,1316,-1,1316,1315,1317,-1,1316,1317,1318,-1,1318,1317,1319,-1,1318,1319,1320,-1,1320,1319,1321,-1,1320,1321,1322,-1,1322,1321,1323,-1,1322,1323,1324,-1,1325,1326,1327,-1,1327,1326,1328,-1,1327,1328,1329,-1,1329,1328,1330,-1,1329,1330,1331,-1,1331,1330,1332,-1,1331,1332,1333,-1,1333,1332,1334,-1,1333,1334,1335,-1,1335,1334,1336,-1,1335,1336,1337,-1,1337,1336,1338,-1,1337,1338,1339,-1,1339,1338,1340,-1,1339,1340,1341,-1,1341,1340,1342,-1,1341,1342,1343,-1,1343,1342,1344,-1,1343,1344,1345,-1,1345,1344,1346,-1,1345,1346,1347,-1,1347,1346,1348,-1,1347,1348,1349,-1,1349,1348,1350,-1,1349,1350,1351,-1,1351,1350,1352,-1,1351,1352,1353,-1,1353,1352,1354,-1,1353,1354,1312,-1,1312,1354,1355,-1,1312,1355,1313,-1,1356,1357,1358,-1,1358,1357,1359,-1,1358,1359,1360,-1,1360,1359,1361,-1,1360,1361,1362,-1,1362,1361,1363,-1,1362,1363,1364,-1,1364,1363,1365,-1,1364,1365,1366,-1,1366,1365,1367,-1,1366,1367,1368,-1,1368,1367,1369,-1,1368,1369,1370,-1,1370,1369,1371,-1,1370,1371,1325,-1,1325,1371,1372,-1,1325,1372,1326,-1,1323,1373,1324,-1,1324,1373,1374,-1,1324,1374,1375,-1,1375,1374,1376,-1,1375,1376,1377,-1,1377,1376,1378,-1,1377,1378,1379,-1,1379,1378,1380,-1,1379,1380,1381,-1,1381,1380,1382,-1,1381,1382,1383,-1,1383,1382,1384,-1,1383,1384,1356,-1,1356,1384,1385,-1,1356,1385,1357,-1,1291,1289,1336,-1,1336,1289,1338,-1,1291,1336,1334,-1,1291,1334,1293,-1,1293,1334,1332,-1,1293,1332,1295,-1,1295,1332,1330,-1,1295,1330,1297,-1,1297,1330,1328,-1,1297,1328,1298,-1,1298,1328,1326,-1,1298,1326,1239,-1,1239,1326,1372,-1,1239,1372,1241,-1,1241,1372,1371,-1,1241,1371,1243,-1,1243,1371,1369,-1,1243,1369,1245,-1,1245,1369,1367,-1,1245,1367,1247,-1,1247,1367,1365,-1,1247,1365,1249,-1,1249,1365,1363,-1,1249,1363,1251,-1,1251,1363,1361,-1,1251,1361,1253,-1,1253,1361,1359,-1,1253,1359,1299,-1,1299,1359,1357,-1,1299,1357,1300,-1,1300,1357,1385,-1,1300,1385,1302,-1,1302,1385,1384,-1,1302,1384,1304,-1,1304,1384,1382,-1,1304,1382,1306,-1,1306,1382,1380,-1,1306,1380,1308,-1,1308,1380,1378,-1,1308,1378,1310,-1,1310,1378,1376,-1,1310,1376,1311,-1,1311,1376,1374,-1,1311,1374,1256,-1,1256,1374,1373,-1,1256,1373,1258,-1,1258,1373,1323,-1,1258,1323,1260,-1,1260,1323,1321,-1,1260,1321,1262,-1,1262,1321,1319,-1,1262,1319,1264,-1,1264,1319,1317,-1,1264,1317,1265,-1,1265,1317,1315,-1,1265,1315,1267,-1,1267,1315,1313,-1,1267,1313,1269,-1,1269,1313,1355,-1,1269,1355,1271,-1,1271,1355,1354,-1,1271,1354,1273,-1,1273,1354,1352,-1,1273,1352,1275,-1,1275,1352,1350,-1,1275,1350,1277,-1,1277,1350,1348,-1,1277,1348,1279,-1,1279,1348,1346,-1,1279,1346,1281,-1,1281,1346,1344,-1,1281,1344,1283,-1,1283,1344,1342,-1,1283,1342,1285,-1,1287,1285,1340,-1,1340,1285,1342,-1,1289,1287,1338,-1,1338,1287,1340,-1,1284,1286,1341,-1,1341,1286,1339,-1,1286,1288,1339,-1,1339,1288,1337,-1,1288,1290,1337,-1,1337,1290,1335,-1,1246,1366,1368,-1,1246,1368,1244,-1,1244,1368,1370,-1,1244,1370,1242,-1,1242,1370,1325,-1,1242,1325,1240,-1,1240,1325,1327,-1,1240,1327,1238,-1,1238,1327,1329,-1,1238,1329,1296,-1,1296,1329,1331,-1,1296,1331,1294,-1,1294,1331,1333,-1,1294,1333,1292,-1,1292,1333,1335,-1,1292,1335,1290,-1,1307,1379,1381,-1,1307,1381,1305,-1,1305,1381,1383,-1,1305,1383,1303,-1,1303,1383,1356,-1,1303,1356,1301,-1,1301,1356,1358,-1,1301,1358,1254,-1,1254,1358,1360,-1,1254,1360,1252,-1,1252,1360,1362,-1,1252,1362,1250,-1,1250,1362,1364,-1,1250,1364,1248,-1,1248,1364,1366,-1,1248,1366,1246,-1,1268,1314,1316,-1,1268,1316,1266,-1,1266,1316,1318,-1,1266,1318,1263,-1,1263,1318,1320,-1,1263,1320,1261,-1,1261,1320,1322,-1,1261,1322,1259,-1,1259,1322,1324,-1,1259,1324,1257,-1,1257,1324,1375,-1,1257,1375,1255,-1,1255,1375,1377,-1,1255,1377,1309,-1,1309,1377,1379,-1,1309,1379,1307,-1,1284,1341,1343,-1,1284,1343,1282,-1,1282,1343,1345,-1,1282,1345,1280,-1,1280,1345,1347,-1,1280,1347,1278,-1,1278,1347,1349,-1,1278,1349,1276,-1,1276,1349,1351,-1,1276,1351,1274,-1,1274,1351,1353,-1,1274,1353,1272,-1,1272,1353,1312,-1,1272,1312,1270,-1,1270,1312,1314,-1,1270,1314,1268,-1,1386,1387,1388,-1,1388,1387,1389,-1,1390,1386,1391,-1,1391,1386,1388,-1,1392,1390,1393,-1,1393,1390,1391,-1,1394,1392,1395,-1,1395,1392,1393,-1,1396,1394,1397,-1,1397,1394,1395,-1,1387,1396,1389,-1,1389,1396,1397,-1,1392,1394,1390,-1,1390,1394,1396,-1,1390,1396,1386,-1,1386,1396,1387,-1,1388,1389,1391,-1,1391,1389,1397,-1,1391,1397,1393,-1,1393,1397,1395,-1,1398,1399,1400,-1,1400,1399,1401,-1,1402,1403,1398,-1,1398,1403,1404,-1,1398,1404,1399,-1,1399,1404,1405,-1,1402,1406,1403,-1,1403,1406,1407,-1,1403,1407,1408,-1,1408,1407,1409,-1,1408,1409,1410,-1,1410,1411,1408,-1,1408,1411,1400,-1,1408,1400,1412,-1,1412,1400,1401,-1,1412,1401,1413,-1,1414,1415,1416,-1,1415,1417,1416,-1,1416,1417,1418,-1,1416,1418,1419,-1,1419,1418,1420,-1,1419,1420,1421,-1,1421,1422,1419,-1,1419,1422,1423,-1,1419,1423,1424,-1,1425,1426,1427,-1,1428,1424,1429,-1,1429,1424,1423,-1,1429,1423,1427,-1,1427,1423,1414,-1,1427,1414,1425,-1,1425,1414,1416,-1,1408,1412,1416,-1,1416,1412,1425,-1,1403,1408,1419,-1,1419,1408,1416,-1,1404,1403,1424,-1,1424,1403,1419,-1,1405,1404,1428,-1,1428,1404,1424,-1,1399,1405,1429,-1,1429,1405,1428,-1,1401,1399,1427,-1,1427,1399,1429,-1,1413,1401,1426,-1,1426,1401,1427,-1,1412,1413,1425,-1,1425,1413,1426,-1,1398,1400,1423,-1,1423,1400,1414,-1,1400,1411,1414,-1,1414,1411,1415,-1,1409,1418,1417,-1,1409,1417,1410,-1,1410,1417,1415,-1,1410,1415,1411,-1,1409,1407,1418,-1,1418,1407,1420,-1,1402,1422,1421,-1,1402,1421,1406,-1,1406,1421,1420,-1,1406,1420,1407,-1,1402,1398,1422,-1,1422,1398,1423,-1,1430,1431,1432,-1,1432,1431,1433,-1,1432,1433,1434,-1,1434,1433,1435,-1,1434,1435,1436,-1,1436,1435,1437,-1,1436,1437,1438,-1,1438,1437,1439,-1,1438,1439,1440,-1,1440,1439,1441,-1,1440,1441,1442,-1,1442,1441,1443,-1,1442,1443,1444,-1,1444,1443,1445,-1,1444,1445,1446,-1,1447,1448,1449,-1,1449,1448,1450,-1,1449,1450,1451,-1,1451,1450,1452,-1,1451,1452,1453,-1,1453,1452,1454,-1,1453,1454,1455,-1,1454,1456,1455,-1,1455,1456,1457,-1,1455,1457,1458,-1,1458,1457,1459,-1,1458,1459,1460,-1,1460,1459,1461,-1,1460,1461,1462,-1,1462,1461,1463,-1,1462,1463,1464,-1,1464,1463,1465,-1,1464,1465,1466,-1,1466,1465,1467,-1,1466,1467,1468,-1,1468,1467,1469,-1,1468,1469,1470,-1,1470,1469,1471,-1,1470,1471,1472,-1,1472,1471,1473,-1,1472,1473,1474,-1,1474,1473,1475,-1,1474,1475,1476,-1,1476,1475,1477,-1,1476,1477,1478,-1,1478,1477,1479,-1,1478,1479,1480,-1,1480,1479,1481,-1,1480,1481,1482,-1,1482,1481,1483,-1,1482,1483,1484,-1,1484,1483,1485,-1,1484,1485,1486,-1,1486,1485,1487,-1,1486,1487,1488,-1,1488,1487,1489,-1,1488,1489,1430,-1,1430,1489,1490,-1,1430,1490,1431,-1,1445,1491,1446,-1,1446,1491,1492,-1,1446,1492,1493,-1,1493,1492,1494,-1,1493,1494,1495,-1,1495,1494,1496,-1,1495,1496,1497,-1,1497,1496,1498,-1,1497,1498,1499,-1,1499,1498,1500,-1,1499,1500,1501,-1,1501,1500,1502,-1,1501,1502,1447,-1,1447,1502,1503,-1,1447,1503,1448,-1,1504,1505,1506,-1,1506,1505,1507,-1,1506,1507,1508,-1,1508,1507,1509,-1,1508,1509,1510,-1,1510,1509,1511,-1,1510,1511,1512,-1,1512,1511,1513,-1,1512,1513,1514,-1,1514,1513,1515,-1,1514,1515,1516,-1,1517,1518,1519,-1,1519,1518,1520,-1,1519,1520,1521,-1,1521,1520,1522,-1,1521,1522,1523,-1,1523,1522,1524,-1,1523,1524,1525,-1,1525,1524,1526,-1,1525,1526,1527,-1,1527,1526,1528,-1,1527,1528,1529,-1,1529,1528,1530,-1,1529,1530,1531,-1,1531,1530,1532,-1,1531,1532,1533,-1,1533,1532,1534,-1,1533,1534,1535,-1,1535,1534,1536,-1,1535,1536,1537,-1,1537,1536,1538,-1,1537,1538,1539,-1,1539,1538,1540,-1,1539,1540,1541,-1,1541,1540,1542,-1,1541,1542,1543,-1,1543,1542,1544,-1,1543,1544,1545,-1,1545,1544,1546,-1,1545,1546,1504,-1,1504,1546,1547,-1,1504,1547,1505,-1,1548,1549,1550,-1,1550,1549,1551,-1,1550,1551,1552,-1,1552,1551,1553,-1,1552,1553,1554,-1,1554,1553,1555,-1,1554,1555,1556,-1,1556,1555,1557,-1,1556,1557,1558,-1,1558,1557,1559,-1,1558,1559,1560,-1,1560,1559,1561,-1,1560,1561,1562,-1,1562,1561,1563,-1,1562,1563,1517,-1,1517,1563,1564,-1,1517,1564,1518,-1,1515,1565,1516,-1,1516,1565,1566,-1,1516,1566,1567,-1,1567,1566,1568,-1,1567,1568,1569,-1,1569,1568,1570,-1,1569,1570,1571,-1,1571,1570,1572,-1,1571,1572,1573,-1,1573,1572,1574,-1,1573,1574,1575,-1,1575,1574,1576,-1,1575,1576,1548,-1,1548,1576,1577,-1,1548,1577,1549,-1,1483,1481,1528,-1,1528,1481,1530,-1,1483,1528,1526,-1,1483,1526,1485,-1,1485,1526,1524,-1,1485,1524,1487,-1,1487,1524,1522,-1,1487,1522,1489,-1,1489,1522,1520,-1,1489,1520,1490,-1,1490,1520,1518,-1,1490,1518,1431,-1,1431,1518,1564,-1,1431,1564,1433,-1,1433,1564,1563,-1,1433,1563,1435,-1,1435,1563,1561,-1,1435,1561,1437,-1,1437,1561,1559,-1,1437,1559,1439,-1,1439,1559,1557,-1,1439,1557,1441,-1,1441,1557,1555,-1,1441,1555,1443,-1,1443,1555,1553,-1,1443,1553,1445,-1,1445,1553,1551,-1,1445,1551,1491,-1,1491,1551,1549,-1,1491,1549,1492,-1,1492,1549,1577,-1,1492,1577,1494,-1,1494,1577,1576,-1,1494,1576,1496,-1,1496,1576,1574,-1,1496,1574,1498,-1,1498,1574,1572,-1,1498,1572,1500,-1,1500,1572,1570,-1,1500,1570,1502,-1,1502,1570,1568,-1,1502,1568,1503,-1,1503,1568,1566,-1,1503,1566,1448,-1,1448,1566,1565,-1,1448,1565,1450,-1,1450,1565,1515,-1,1450,1515,1452,-1,1452,1515,1513,-1,1452,1513,1454,-1,1454,1513,1511,-1,1454,1511,1456,-1,1456,1511,1509,-1,1456,1509,1457,-1,1457,1509,1507,-1,1457,1507,1459,-1,1459,1507,1505,-1,1459,1505,1461,-1,1461,1505,1547,-1,1461,1547,1463,-1,1463,1547,1546,-1,1463,1546,1465,-1,1465,1546,1544,-1,1465,1544,1467,-1,1467,1544,1542,-1,1467,1542,1469,-1,1469,1542,1540,-1,1469,1540,1471,-1,1471,1540,1538,-1,1471,1538,1473,-1,1473,1538,1536,-1,1473,1536,1475,-1,1475,1536,1534,-1,1475,1534,1477,-1,1479,1477,1532,-1,1532,1477,1534,-1,1481,1479,1530,-1,1530,1479,1532,-1,1476,1478,1533,-1,1533,1478,1531,-1,1478,1480,1531,-1,1531,1480,1529,-1,1480,1482,1529,-1,1529,1482,1527,-1,1438,1558,1560,-1,1438,1560,1436,-1,1436,1560,1562,-1,1436,1562,1434,-1,1434,1562,1517,-1,1434,1517,1432,-1,1432,1517,1519,-1,1432,1519,1430,-1,1430,1519,1521,-1,1430,1521,1488,-1,1488,1521,1523,-1,1488,1523,1486,-1,1486,1523,1525,-1,1486,1525,1484,-1,1484,1525,1527,-1,1484,1527,1482,-1,1499,1571,1573,-1,1499,1573,1497,-1,1497,1573,1575,-1,1497,1575,1495,-1,1495,1575,1548,-1,1495,1548,1493,-1,1493,1548,1550,-1,1493,1550,1446,-1,1446,1550,1552,-1,1446,1552,1444,-1,1444,1552,1554,-1,1444,1554,1442,-1,1442,1554,1556,-1,1442,1556,1440,-1,1440,1556,1558,-1,1440,1558,1438,-1,1460,1506,1508,-1,1460,1508,1458,-1,1458,1508,1510,-1,1458,1510,1455,-1,1455,1510,1512,-1,1455,1512,1453,-1,1453,1512,1514,-1,1453,1514,1451,-1,1451,1514,1516,-1,1451,1516,1449,-1,1449,1516,1567,-1,1449,1567,1447,-1,1447,1567,1569,-1,1447,1569,1501,-1,1501,1569,1571,-1,1501,1571,1499,-1,1476,1533,1535,-1,1476,1535,1474,-1,1474,1535,1537,-1,1474,1537,1472,-1,1472,1537,1539,-1,1472,1539,1470,-1,1470,1539,1541,-1,1470,1541,1468,-1,1468,1541,1543,-1,1468,1543,1466,-1,1466,1543,1545,-1,1466,1545,1464,-1,1464,1545,1504,-1,1464,1504,1462,-1,1462,1504,1506,-1,1462,1506,1460,-1,1578,1579,1580,-1,1580,1579,1581,-1,1582,1583,1578,-1,1578,1583,1584,-1,1578,1584,1579,-1,1579,1584,1585,-1,1582,1586,1583,-1,1583,1586,1587,-1,1583,1587,1588,-1,1588,1587,1589,-1,1588,1589,1590,-1,1590,1591,1588,-1,1588,1591,1580,-1,1588,1580,1592,-1,1592,1580,1581,-1,1592,1581,1593,-1,1594,1595,1596,-1,1595,1597,1596,-1,1596,1597,1598,-1,1596,1598,1599,-1,1599,1598,1600,-1,1599,1600,1601,-1,1601,1602,1599,-1,1599,1602,1603,-1,1599,1603,1604,-1,1605,1606,1607,-1,1608,1604,1609,-1,1609,1604,1603,-1,1609,1603,1607,-1,1607,1603,1594,-1,1607,1594,1605,-1,1605,1594,1596,-1,1588,1592,1596,-1,1596,1592,1605,-1,1583,1588,1599,-1,1599,1588,1596,-1,1584,1583,1604,-1,1604,1583,1599,-1,1585,1584,1608,-1,1608,1584,1604,-1,1579,1585,1609,-1,1609,1585,1608,-1,1581,1579,1607,-1,1607,1579,1609,-1,1593,1581,1606,-1,1606,1581,1607,-1,1592,1593,1605,-1,1605,1593,1606,-1,1578,1580,1603,-1,1603,1580,1594,-1,1580,1591,1594,-1,1594,1591,1595,-1,1589,1598,1597,-1,1589,1597,1590,-1,1590,1597,1595,-1,1590,1595,1591,-1,1589,1587,1598,-1,1598,1587,1600,-1,1582,1602,1601,-1,1582,1601,1586,-1,1586,1601,1600,-1,1586,1600,1587,-1,1582,1578,1602,-1,1602,1578,1603,-1,
        ]
    }
}